2.47E-05,4.09E-05,1.67E-05,7.26E-05,0
5.03E-05,5.66E-05,4.85E-05,1.47E-06,0
9.95E-05,0.00025601,3.23E-07,0.00031966,0
0.00015599,0.001698,2.68E-05,5.35E-05,0
0.00049417,0.0010871,1.30E-05,6.41E-05,0
0.00067979,0.0035465,2.54E-06,0.00011247,0
0.00023811,0.00064405,7.06E-06,5.35E-08,0
1.39E-05,0.00051953,1.38E-05,2.38E-06,0
0.00010221,3.25E-05,1.13E-06,9.70E-05,0
0.0008879,0.00067059,7.07E-06,0.0013682,0
0.00011325,0.00045078,1.39E-05,3.99E-05,0
3.43E-05,0.0094754,2.86E-07,0.0048727,0
0.00038762,0.0041892,4.52E-06,0.0038682,0
0.0002721,2.44E-06,2.29E-05,6.55E-05,0
5.55E-05,0.0005426,1.13E-06,0.00039902,0
0.00016309,0.0054808,2.29E-05,1.26E-06,0
0.00034684,9.67E-06,2.29E-05,2.07E-05,0
0.00014978,5.26E-05,1.39E-05,0.0001815,0
2.29E-05,3.25E-05,2.29E-05,5.90E-05,0
2.55E-06,3.24E-05,2.83E-07,1.67E-06,0
1.13E-06,0.0025218,1.81E-05,0.0010122,0
0.0006798,0.0032431,2.83E-07,0.0035612,0
1.13E-06,0.0023683,1.02E-05,0.0013941,0
7.08E-06,4.31E-06,2.29E-05,1.47E-06,0
2.83E-05,2.65E-07,4.53E-06,6.92E-06,0
0.00030833,0.00021015,1.39E-05,0.00011895,0
0.00040884,0.00036693,2.83E-05,6.72E-05,0
1.13E-06,0.00025767,2.55E-06,5.02E-05,0
4.53E-06,0.0011323,4.53E-06,0.00057169,0
9.17E-05,0.0012394,7.08E-06,0.0011967,0
0.00023811,3.86E-05,2.84E-13,1.03E-05,0
7.08E-06,0.0029556,2.85E-07,3.73E-05,0
5.55E-05,0.0020283,2.55E-06,0.0010388,0
0.00028993,0.0042556,4.53E-06,0.0042291,0
1.02E-05,3.24E-05,1.02E-05,5.69E-08,0
3.43E-05,2.68E-05,4.53E-06,2.91E-08,0
2.83E-05,0.00010724,1.39E-05,4.38E-05,0
6.37E-05,0.0005188,1.02E-05,8.92E-05,0
9.17E-05,0.00029199,4.53E-06,0.00033885,0
0.00010221,0.00087073,2.55E-06,0.00076665,0
0.00014978,0.0048854,2.82E-07,4.85E-06,0
2.83E-07,0.0020293,1.81E-05,1.19E-06,0
0.00049945,0.00059205,2.55E-06,0.00068938,0
0.0010535,0.0045295,4.08E-05,0.0049667,0
0.00010221,0.0016732,2.29E-05,0.00083452,0
0.00059911,0.0044607,0.00012485,0.00065587,0
0.0002064,0.0020756,2.83E-05,0.0012233,0
0.00023811,0.00075276,1.02E-05,0.00025189,0
0.00016308,9.67E-06,2.82E-07,7.40E-06,0
4.70E-36,0.0011325,3.43E-05,0.0010587,0
2.29E-05,0.00011824,1.02E-05,0.000127,0
0.00010221,0.0020287,1.02E-05,4.87E-05,0
6.37E-05,1.72E-05,4.53E-06,2.26E-06,0
1.13E-06,0.00059214,7.08E-14,0.00048088,0
2.83E-07,0.00032842,4.53E-06,0.00022471,0
5.55E-05,8.69E-05,1.02E-05,9.87E-05,0
0.00038761,0.0011673,4.54E-06,0.00057568,0
3.43E-05,0.00099723,7.08E-06,0.00056074,0
2.55E-06,6.03E-05,4.53E-06,4.34E-05,0
2.83E-07,0.00025753,2.18E-13,0.00023911,0
0.00027209,0.0011679,1.13E-06,0.00071299,0
4.79E-05,0.00093333,4.78E-05,0.00077936,0
0.0001914,0.0023685,4.53E-06,8.29E-06,0
2.55E-06,0.0010307,1.81E-05,0.0009652,0
0.00016309,2.42E-06,4.53E-06,3.15E-05,0
0.00045301,4.53E-05,1.77E-14,4.33E-06,0
0.00036694,9.68E-05,4.08E-05,0.00012122,0
2.55E-06,5.26E-05,1.28E-12,5.05E-05,0
4.79E-05,0.0038599,1.13E-06,0.00038962,0
0.00016308,0.0062747,2.29E-05,0.001106,0
0.0014678,4.28E-06,5.55E-05,0.00010559,0
0.0019505,0.011375,1.39E-05,9.25E-07,0
0.00082562,0.00066975,7.07E-06,0.00016897,0
2.55E-06,0.0033022,4.53E-06,0.00072953,0
0.00027209,0.00011827,4.08E-05,0.00031627,0
2.83E-07,0.00081077,3.43E-05,0.00038685,0
1.39E-05,0.0027344,2.83E-05,0.00078376,0
1.02E-05,2.69E-05,1.81E-05,2.42E-05,0
7.25E-05,6.04E-05,2.55E-06,8.46E-05,0
8.18E-05,9.62E-06,2.82E-07,5.37E-05,0
0.00022198,0.00024126,4.08E-05,0.00025782,0
0.00013704,0.00049576,8.69E-13,0.00059402,0
1.39E-05,0.0001956,4.52E-06,0.00016936,0
0.00036694,0.000387,1.02E-05,0.0004635,0
0.00014978,0.00034736,1.39E-05,9.32E-05,0
3.43E-05,0.0035449,0.00012486,0.0025928,0
0.0011597,0.0059511,2.84E-07,2.74E-06,0
8.18E-05,0.00090173,2.29E-05,0.00079121,0
0.0015926,0.0014284,3.43E-05,0.0022942,0
0.0023965,7.75E-05,4.53E-06,0.00016166,0
8.18E-05,0.0012395,2.55E-06,0.00025445,0
0.00012486,0.0024701,1.02E-05,1.30E-06,0
0.0001914,0.0027347,2.82E-07,0.0015802,0
4.53E-06,0.0023689,2.85E-07,0.0016796,0
0.00052351,0.00030977,7.08E-06,1.95E-05,0
1.81E-05,0.002171,2.83E-05,0.0017269,0
0.00030833,0.0002102,1.39E-05,3.46E-05,0
0.00079532,0.011485,2.84E-07,3.82E-05,0
8.18E-05,0.00024113,1.02E-05,0.00031072,0
3.43E-05,0.0016305,5.55E-05,0.0010085,0
1.02E-05,0.0016722,1.13E-06,0.0002446,0
2.55E-06,0.0071212,2.55E-06,0.0014554,0
0.0015504,0.0058708,2.18E-13,0.0033569,0
0.00023812,0.0017153,3.43E-05,4.46E-05,0
0.0049333,0.0007813,1.96E-12,0.0021619,0
0.002664,0.0054806,7.08E-06,0.0012104,0
0.0015926,0.01622,1.39E-05,0.001263,0
0.0036796,0.0017159,2.54E-06,0.001301,0
0.0042835,0.023643,6.37E-05,0.0015702,0
0.001348,0.013934,7.25E-05,0.00089424,0
0.00065234,0.00032842,1.13E-06,0.00071827,0
0.0036153,0.0051779,2.83E-05,0.0010309,0
0.0006798,0.0020755,1.81E-05,0.0021624,0
4.79E-05,0.00027448,5.55E-05,0.00018798,0
0.0043535,0.0014283,4.53E-06,1.24E-06,0
0.00038761,0.0016728,4.53E-06,0.0019752,0
0.0013874,0.016752,2.83E-05,0.0011306,0
0.00052352,0.0015485,1.39E-05,0.0017807,0
0.00034684,0.0062746,2.83E-07,0.0057934,0
0.00028993,0.0044603,7.08E-06,0.00040542,0
0.0012333,0.002522,9.17E-05,0.00018638,0
0.001767,0.0031265,3.43E-05,0.00016806,0
0.00027209,0.00064333,2.55E-06,8.63E-05,0
0.0011238,0.0038598,7.08E-06,0.00015034,0
0.00016309,0.0020291,2.55E-06,0.0010785,0
0.00059911,0.00081059,0.00020643,7.05E-05,0
2.83E-07,0.0005674,2.54E-06,0.0005351,0
0.0011238,0.0043229,7.08E-06,1.16E-05,0
0.001767,0.0037952,2.55E-06,0.0018365,0
0.0033025,0.0037318,4.53E-06,0.0016667,0
0.00059911,0.0022196,1.81E-05,0.002273,0
0.0010884,0.021164,1.02E-05,0.0028669,0
0.0009199,0.012276,1.14E-12,0.0083293,0
0.00014978,0.00090176,4.78E-05,0.00030312,0
0.0009199,2.42E-06,1.02E-05,0.00063529,0
0.0062018,2.67E-07,7.25E-05,0.004239,0
0.004424,0.0037329,2.54E-06,1.75E-06,0
2.83E-07,0.0022197,7.08E-06,1.60E-05,0
0.0018121,0.00056714,1.77E-14,0.0019698,0
0.0015088,0.018539,7.25E-05,0.00095705,0
2.83E-07,0.045939,1.81E-05,0.005485,0
0.00011326,2.61E-07,5.55E-05,2.05E-05,0
0.0042142,0.0080221,2.55E-06,0.0031806,0
0.0025553,0.0063571,8.18E-05,0.00044774,0
0.00057335,0.0038594,2.29E-05,0.0011545,0
0.0025018,0.00011809,7.09E-06,0.0025599,0
0.0035516,0.0010978,7.25E-05,0.0025037,0
0.0027192,0.029367,0.00011325,0.0085179,0
4.53E-06,0.0073863,0.00017695,0.0060938,0
4.79E-05,0.00096484,4.53E-06,0.00082674,0
8.18E-05,0.031532,2.82E-07,0.0097633,0
4.08E-05,0.027965,7.08E-06,0.00044964,0
0.0019038,0.00090206,4.08E-05,0.0018385,0
0.0035516,0.0031267,0.00012485,0.002153,0
0.0074306,0.0027337,0.00013707,0.0055426,0
0.0010535,0.0017153,4.08E-05,6.48E-06,0
0.00065234,0.0013894,2.83E-07,3.35E-05,0
0.00023812,0.024286,2.82E-07,0.012364,0
0.0029457,0.010829,7.08E-06,0.0037862,0
0.00082561,0.0083985,1.02E-05,0.0019912,0
0.0019038,0.00011825,2.55E-06,6.97E-05,0
0.0028882,4.53E-05,1.13E-06,1.40E-06,0
0.0034259,0.0012028,2.82E-07,0.0030781,0
0.0043535,0.0011328,4.54E-06,0.0014435,0
0.0022934,0.0018468,4.53E-06,0.003027,0
0.0022427,0.00036674,4.54E-06,1.64E-08,0
0.00023811,0.003363,2.85E-07,0.0033638,0
2.83E-05,0.0080216,2.55E-06,0.0058816,0
5.55E-05,0.0019372,3.42E-05,0.00057931,0
0.0058711,1.31E-05,7.07E-06,0.0038497,0
0.0057091,0.00099739,7.08E-06,0.0014148,0
0.00017696,0.0003667,2.81E-07,0.00016659,0
0.001767,0.0086845,4.53E-06,0.0048303,0
0.0014273,0.0087806,5.55E-05,0.0018144,0
0.00034684,2.42E-06,1.02E-05,0.0002501,0
0.0039424,0.0075661,7.07E-06,0.0052372,0
0.0011962,0.0025221,0.00016307,0.00017608,0
2.83E-05,0.00015438,2.83E-07,0.00018057,0
0.00076559,0.0014675,0.00022195,0.00030713,0
0.0015088,0.00072452,2.84E-07,0.0018973,0
9.17E-05,0.00090124,5.55E-05,5.82E-05,0
1.13E-06,1.72E-05,6.37E-05,8.00E-06,0
0.0025553,0.0094724,9.18E-05,0.0042669,0
8.18E-05,0.0096754,0.00045306,0.0071659,0
0.0003273,0.020124,6.37E-05,0.0014706,0
0.0044951,0.0075656,0.00062549,0.0047184,0
0.0019505,0.0017153,4.53E-06,3.18E-06,0
0.0012333,0.0041209,3.43E-05,0.0045777,0
0.00070783,0.030621,1.11E-13,0.00042245,0
0.00017696,0.0071219,0.00012485,0.0032544,0
0.0014273,0.00078166,5.55E-05,0.00020654,0
0.0034885,0.0062741,2.84E-07,0.0014608,0
0.0070681,0.0025746,2.54E-06,0.0021295,0
0.00073643,0.0012393,0.00014977,0.00014303,0
0.0040771,0.013331,6.75E-12,0.012363,0
0.00082562,0.0050308,0.00052352,1.29E-05,0
0.00088791,0.020416,0.00013707,0.00016034,0
0.00017696,0.016221,2.29E-05,0.0054821,0
0.0027192,0.0020286,0.00017695,0.0029405,0
0.0081826,0.0028994,4.78E-05,0.0033292,0
0.0048589,0.00010725,1.02E-05,0.00012066,0
0.00036694,0.00059225,1.81E-05,0.00010195,0
0.0013873,0.0011669,2.86E-07,0.00043787,0
0.00016309,3.25E-05,2.55E-06,1.43E-05,0
0.00043064,0.0018028,6.37E-05,0.00091513,0
0.0010535,0.00015446,2.83E-05,0.00033279,0
3.43E-05,0.011484,0.00016311,0.0020264,0
0.00095246,0.0093733,2.83E-05,0.0058993,0
1.39E-05,0.0026268,0.00032729,0.0022908,0
0.0065415,0.0081153,2.55E-06,0.0071583,0
0.0016354,2.17E-05,2.55E-06,0.00024713,0
7.25E-05,0.0048127,9.17E-05,7.89E-05,0
0.0021926,0.011484,7.07E-06,0.00055733,0
7.25E-05,6.03E-05,2.55E-06,4.90E-05,0
0.0016787,1.07E-06,0.0001022,1.36E-05,0
0.0032416,0.001508,9.18E-05,0.00079663,0
0.0023446,0.010088,4.53E-06,0.0017492,0
0.0036153,0.0010637,1.13E-06,0.00072235,0
2.29E-05,0.017568,4.54E-06,0.0042992,0
0.0040771,0.028837,7.08E-06,0.0056736,0
0.00013704,0.0041881,4.53E-06,0.0013977,0
0.0027192,0.0057914,4.08E-05,0.00068441,0
0.0031813,0.0083977,7.08E-06,0.0010936,0
0.0013092,0.0083035,1.13E-06,0.0015009,0
0.00030834,0.0077477,0.00011321,0.000241,0
7.25E-05,0.00072505,3.42E-05,0.00018046,0
4.08E-05,0.0018467,1.39E-05,0.00094227,0
1.39E-05,0.0014677,1.81E-05,0.00012259,0
2.83E-05,0.0082092,1.02E-05,0.00062559,0
0.00052351,6.68E-06,2.82E-07,1.94E-05,0
0.00036694,0.0050313,0.00014975,0.0044707,0
0.00052351,0.0092724,7.08E-06,8.31E-05,0
4.56E-15,0.00081076,2.29E-05,0.00060796,0
7.25E-05,0.0030684,4.08E-05,0.0021183,0
1.39E-05,0.0018917,1.02E-05,0.0018351,0
0.00038761,0.0015482,4.44E-15,0.00060988,0
0.0010535,0.00054247,0.00019144,0.001453,0
0.0003273,0.0013132,6.37E-05,9.72E-06,0
8.18E-05,0.0012761,7.25E-05,0.00082925,0
1.13E-06,0.00084063,7.08E-06,0.00081225,0
0.00036694,0.0089768,1.02E-05,0.0046105,0
0.00034684,0.0010978,1.39E-05,0.0011023,0
0.00017696,0.0044614,1.39E-05,0.0023567,0
0.0003273,0.0011324,0.00019141,0.00034441,0
4.08E-05,0.00027459,8.70E-13,0.00026723,0
5.55E-05,0.0036069,7.08E-06,0.0010783,0
2.55E-06,0.00054259,5.55E-05,0.00041259,0
0.00038761,0.0050301,1.44E-12,0.00010801,0
0.0010884,0.0018914,1.13E-06,2.36E-05,0
0.0002064,0.00034743,4.08E-05,0.00035179,0
2.83E-05,0.00032842,1.13E-06,7.31E-05,0
0.00036693,0.0032423,1.02E-05,0.0006925,0
0.00027209,0.0010979,7.25E-05,0.00013668,0
2.29E-05,0.0043916,2.29E-05,0.0002266,0
6.37E-05,0.000592,1.02E-05,0.0002426,0
8.18E-05,8.69E-05,1.81E-05,0.00017269,0
0.00025482,0.0034838,1.81E-05,2.11E-05,0
4.53E-06,6.70E-06,1.81E-05,8.02E-06,0
1.39E-05,0.0022685,1.13E-06,2.86E-05,0
6.37E-05,0.0018913,2.55E-06,0.00046506,0
0.001271,0.0010637,4.53E-06,0.0023153,0
0.00022197,0.0023178,2.29E-05,0.001204,0
0.00023812,0.00014169,2.29E-05,0.00010718,0
0.00025482,0.00021013,2.83E-07,0.00027583,0
5.55E-05,0.00025762,2.83E-07,0.00012009,0
2.83E-05,0.0016733,7.09E-06,1.39E-07,0
8.18E-05,0.0015483,7.08E-06,0.00013178,0
2.55E-06,0.0010304,2.55E-06,0.00096705,0
0.0006798,0.0013512,1.13E-06,0.00024961,0
0.00012486,0.0001813,1.02E-05,6.63E-05,0
0.0011597,0.0021232,1.81E-05,0.0020624,0
2.29E-05,1.72E-05,6.37E-05,1.47E-05,0
1.13E-06,0.00021,1.14E-06,0.00018057,0
4.08E-05,0.0015895,4.53E-06,0.0012531,0
7.25E-05,0.00056727,1.39E-05,5.79E-05,0
0.00043064,0.0047414,7.08E-06,0.00049847,0
0.0010193,0.00069731,1.13E-06,5.97E-08,0
0.00011325,3.00E-12,4.53E-06,2.60E-05,0
4.78E-05,0.00032831,1.13E-06,0.0003546,0
0.00054815,8.70E-05,7.09E-06,8.73E-05,0
0.00070783,4.31E-06,1.81E-05,0.00017077,0
0.0002064,0.00032846,1.02E-05,0.00035402,0
1.81E-05,0.0016724,7.09E-06,0.00018024,0
1.81E-05,3.24E-05,7.08E-06,4.74E-08,0
0.0014678,0.00034732,2.84E-07,0.00016698,0
2.29E-05,0.007837,1.02E-05,0.00012862,0
1.39E-05,6.69E-06,2.83E-05,8.20E-07,0
0.00014978,0.00015446,2.55E-06,1.11E-07,0
1.39E-05,0.00081069,2.84E-07,0.00016941,0
0.00013704,0.00038686,1.44E-12,1.40E-05,0
3.43E-05,1.31E-05,2.17E-13,4.09E-05,0
1.81E-05,0.0007248,8.18E-05,0.00010692,0
0.00012486,0.0023184,6.37E-05,0.0023012,0
4.78E-05,0.00064355,0.00011325,0.00020847,0
0.00022198,2.17E-05,7.11E-14,0.00011689,0
2.29E-05,0.0053284,5.37E-13,6.94E-06,0
2.29E-05,6.04E-05,6.37E-05,3.94E-05,0
7.08E-06,0.0010306,2.83E-05,0.00022174,0
0.00038761,0.00019522,2.56E-12,3.57E-05,0
4.08E-05,0.00030986,4.53E-06,6.46E-05,0
2.55E-06,2.68E-05,7.08E-06,2.48E-06,0
0.00038761,0.0027344,7.25E-05,0.0021593,0
2.55E-06,0.0092738,7.25E-05,0.00080017,0
0.00013704,0.0013134,2.83E-05,0.0013103,0
0.00059911,0.0038593,2.55E-06,0.0011225,0
4.36E-15,0.00038685,1.13E-06,0.00032716,0
0.00047595,0.0062751,1.02E-05,0.00076637,0
8.18E-05,0.00096499,5.55E-05,0.00093535,0
0.00016309,0.0006696,1.13E-06,3.91E-06,0
0.0027192,0.0013514,2.84E-07,0.0013761,0
0.0011597,4.53E-05,9.17E-05,6.14E-05,0
0.00045302,0.001716,6.37E-05,0.001497,0
2.83E-07,7.47E-12,8.18E-05,1.98E-06,0
1.81E-05,0.001548,4.53E-06,0.00099125,0
0.00034684,0.0028432,2.83E-05,0.00036601,0
0.0019505,0.00016764,2.54E-06,0.00027115,0
0.0024488,0.0024704,8.18E-05,0.00096582,0
0.0002064,0.0037319,1.13E-06,0.0021787,0
4.08E-05,0.00029196,7.08E-06,0.00016201,0
0.0015504,0.0021713,5.55E-05,0.0014123,0
4.08E-05,0.00034738,5.55E-05,1.42E-05,0
1.13E-06,0.00064381,7.25E-05,0.00050283,0
1.02E-05,0.0029555,4.08E-05,0.00018135,0
0.00034684,6.86E-05,2.83E-07,1.08E-06,0
4.08E-05,0.00034746,7.25E-05,1.36E-05,0
0.0018121,0.00075276,1.13E-06,1.46E-05,0
0.00034684,0.0010303,0.00011326,6.47E-05,0
0.00011325,0.0021709,3.43E-05,0.0010307,0
7.25E-05,0.0037956,1.13E-06,4.76E-05,0
0.00017696,0.0013513,0.0001022,0.00018807,0
1.13E-06,7.75E-05,1.81E-05,6.27E-05,0
0.00045301,0.00036683,7.07E-06,0.00036733,0
8.18E-05,0.0030117,2.55E-06,0.00028923,0
0.00047595,0.0012029,4.78E-05,1.11E-05,0
0.00062545,0.0049577,0.0002064,0.005082,0
0.0010535,0.0069478,0.00010221,0.00088417,0
0.00059912,0.00024112,0.00019137,0.00060839,0
1.39E-05,0.00056731,4.53E-06,0.00058315,0
0.00017696,1.08E-06,1.81E-05,5.88E-05,0
7.08E-06,0.0032434,7.25E-05,5.87E-05,0
1.39E-05,0.001098,8.18E-05,0.0010383,0
2.55E-06,0.00072456,4.53E-06,0.00069185,0
5.55E-05,0.0091744,2.29E-05,0.00049891,0
4.79E-05,0.00010717,8.18E-05,0.00013952,0
0.00082562,0.01854,0.00030834,0.0020308,0
0.00022198,0.010721,0.00019142,9.95E-05,0
0.00088791,0.0030681,6.37E-05,0.0025658,0
2.55E-06,0.00025768,6.39E-13,0.00013881,0
0.00012486,0.0061113,1.81E-05,9.75E-06,0
1.13E-06,0.001276,8.18E-05,0.00053968,0
0.00010221,0.003423,7.07E-06,0.0033555,0
0.00091991,0.00072496,3.43E-05,0.00021107,0
0.0014678,0.01321,2.83E-07,4.08E-06,0
0.00040884,0.00029188,2.29E-05,8.15E-07,0
0.0025553,0.0018023,4.08E-05,0.00054005,0
0.00040884,0.00047266,2.82E-07,0.00042069,0
0.00030833,0.0021227,1.60E-12,0.0012571,0
0.00057334,0.0019365,2.83E-07,0.001942,0
0.00028993,0.022853,7.08E-06,0.0042813,0
1.81E-05,1.72E-05,2.83E-05,1.39E-05,0
0.0015504,0.0018911,2.29E-05,0.0026273,0
0.0061182,0.0014677,1.13E-06,0.002706,0
2.55E-06,0.0057923,3.43E-05,0.0006838,0
0.00027209,0.00018129,4.53E-06,0.00023895,0
0.002664,0.0082096,1.96E-12,0.0028888,0
2.55E-06,0.0034233,8.18E-05,1.57E-05,0
0.001767,0.00038707,2.55E-06,0.00037847,0
0.0029457,0.0034221,2.82E-07,0.00013649,0
0.0017226,0.017841,1.13E-06,0.0071172,0
0.0011597,0.0072088,9.17E-05,0.0083895,0
0.0014678,0.034739,0.00012484,0.0060699,0
0.0018121,0.0012762,1.81E-05,0.0030639,0
0.002664,0.0091736,3.43E-05,0.0052364,0
0.0023964,0.00051885,2.84E-07,0.00099942,0
9.17E-05,0.0010981,2.82E-07,0.0011867,0
0.002143,8.67E-05,3.42E-05,0.00033593,0
0.00040884,0.0009329,4.53E-06,0.0004805,0
4.08E-05,0.00067005,0.00016308,3.23E-05,0
0.0028883,0.0020756,2.83E-05,0.0044834,0
0.005629,0.003422,0.00030838,0.0025913,0
0.00038761,0.014304,3.42E-05,0.013116,0
0.00014978,4.31E-06,4.79E-05,7.62E-05,0
0.0038758,0.0053295,2.54E-06,0.0083543,0
0.0011962,2.41E-06,4.53E-06,0.00016046,0
0.00027209,0.0033024,1.39E-05,0.0015108,0
0.0020456,9.67E-05,1.13E-06,0.00040409,0
0.0011597,0.003302,3.42E-05,4.27E-05,0
0.0010884,0.0020758,8.18E-05,6.10E-05,0
0.0064557,0.005179,1.81E-05,0.0058235,0
0.0021926,0.00047267,7.25E-05,4.34E-05,0
0.00079532,1.31E-05,1.13E-06,5.29E-06,0
2.83E-07,0.00045069,1.02E-05,1.37E-05,0
1.81E-05,0.00099764,1.81E-05,0.00049561,0
0.0003273,0.012621,0.00010222,0.0001445,0
2.55E-06,0.0054801,6.37E-05,0.0049589,0
0.002664,0.0024705,2.55E-06,0.0001576,0
0.0023446,0.021164,1.11E-13,0.0037181,0
0.0011962,0.0081145,3.43E-05,0.00076793,0
0.00057334,0.0012759,4.53E-06,0.00030558,0
0.0029457,0.022854,7.25E-05,0.0025697,0
0.00062544,0.012621,2.83E-05,0.0044401,0
0.00065233,0.0083976,1.81E-05,0.0046724,0
0.005629,0.005406,3.42E-05,0.0010672,0
0.0057091,0.027791,0.00019139,0.0031432,0
9.17E-05,0.010936,3.43E-05,0.0034219,0
0.0064557,0.029188,4.53E-06,0.022494,0
0.0094818,0.090475,0.00013707,0.010183,0
7.08E-06,0.034929,8.69E-13,0.0051678,0
0.012486,0.013933,0.00012488,0.0097566,0
0.032346,0.079907,0.00043063,0.015587,0
0.004424,0.037294,0.00036689,0.00062765,0
0.0019038,0.00099738,6.37E-05,0.00092947,0
0.011553,0.035127,9.17E-05,0.0072077,0
0.0040094,0.0526,9.18E-05,1.11E-05,0
0.0026094,6.68E-06,2.83E-05,0.0013797,0
0.012966,0.080202,7.07E-06,0.0057897,0
0.0083762,0.044619,0.00011325,0.028952,0
0.00091989,0.0079308,3.24E-12,0.0084894,0
0.018847,0.012739,0.00017694,0.0083367,0
0.012966,0.04203,7.25E-05,0.040342,0
0.0018576,0.0015481,0.00020641,0.0028208,0
0.0061182,0.0041214,2.55E-06,0.001541,0
0.0041454,0.01544,0.00020637,0.01634,0
8.18E-05,0.025758,0.00011326,0.007232,0
0.0010193,0.00103,0.00025486,9.75E-07,0
0.0038099,0.011934,1.39E-05,0.0091154,0
0.00043065,0.00027453,4.08E-05,6.39E-05,0
7.08E-06,0.00030985,0,0.00029476,0
0.0011597,0.0039905,2.86E-07,0.00011657,0
0.0019038,0.0019368,4.53E-06,0.0013276,0
4.53E-06,0.00093304,1.13E-06,0.00090951,0
0.0017226,0.010403,5.55E-05,0.00019558,0
0.00043064,0.0019369,6.37E-05,1.10E-05,0
0.00030833,0.001428,9.18E-05,0.00048835,0
0.001812,0.0023676,0.00040893,0.001792,0
0.00028993,0.0063582,0.00043074,0.0022133,0
3.43E-05,2.41E-06,4.08E-05,2.46E-05,0
0.0019038,0.010297,0.00030834,0.00398,0
0.0041454,0.0058709,1.02E-05,0.0018316,0
0.0019505,0.00019553,0.000476,0.00028551,0
0.0014273,0.019975,0.00017698,0.0063393,0
0.0013874,0.0066915,0.00062542,0.00050751,0
0.00043064,0.0017154,2.29E-05,0.0017368,0
0.0034885,0.019686,0.00011324,0.016976,0
0.00073643,0.0077461,0.00012487,0.0055274,0
0.0053141,0.010614,0.00034682,0.00010532,0
0.010437,0.031167,4.53E-06,0.01772,0
4.79E-05,0.014428,0.00043068,0.00053117,0
0.012132,0.0022686,1.02E-05,0.00070504,0
0.027385,0.04933,0.0012333,0.01372,0
0.0058711,0.088313,0.00034682,0.0065659,0
0.0006798,7.74E-05,0.00034681,0.00052848,0
0.013704,0.028137,0.00020641,0.0067265,0
0.015769,0.085262,9.17E-05,0.00070968,0
5.55E-05,0.0092717,6.37E-05,0.0073948,0
0.0096903,0.032648,8.18E-05,0.0082995,0
0.026339,0.10105,2.55E-06,0.00036318,0
0.00091991,0.0073873,0.00017701,0.0003411,0
0.02064,0.0031838,0.00043072,0.0036882,0
0.049945,0.091415,0.0011238,0.00045356,0
0.0068903,0.10978,1.02E-05,0.0021945,0
0.0079912,0.0092738,4.79E-05,0.00021353,0
0.032155,0.13703,8.18E-05,0.016703,0
0.016173,0.050953,0.00014978,0.0074603,0
0.0034259,0.010403,1.81E-05,0.013184,0
0.016445,0.074722,2.55E-06,3.29E-07,0
0.017838,0.017565,8.18E-05,0.015718,0
0.00028993,0.0038596,4.53E-06,0.00071317,0
0.0084739,0.00084062,0.00023813,0.00078362,0
0.016995,0.017566,9.17E-05,0.028625,0
0.0074306,0.041609,1.13E-06,0.0045604,0
0.00057335,3.86E-05,3.59E-13,1.70E-05,0
0.0074306,0.10604,1.81E-05,0.046665,0
0.0078963,0.016752,0.00047597,0.00022068,0
0.0029457,0.0097793,4.52E-06,0.012508,0
0.012486,0.057704,4.78E-05,0.0013726,0
0.005392,0.0054806,1.13E-06,0.00033455,0
2.83E-05,0.0024191,0.00065233,0.0030598,0
0.0011238,0.00019544,6.37E-05,1.94E-05,0
0.00034684,0.0025222,1.02E-05,0.002418,0
2.83E-05,0.0034829,1.13E-06,0.00050238,0
6.37E-05,2.41E-06,0.00020639,3.31E-06,0
1.02E-05,0.0018469,7.07E-06,0.0017913,0
0.0025553,0.0019828,1.81E-05,0.0028477,0
0.0001914,0.0076547,7.07E-06,0.0076629,0
0.0025553,0.029542,3.00E-12,0.0023668,0
0.00036694,0.00016744,8.18E-05,0.00036759,0
0.00088791,0.019253,0.0013479,1.01E-05,0
0.011212,0.026767,0.00014974,0.0016818,0
4.79E-05,0.00069714,8.18E-05,0.00027588,0
0.0066279,0.0025219,0.00022198,6.33E-06,0
0.0019505,0.023961,6.37E-05,0.00042835,0
0.0013874,5.25E-05,0.00030834,0.0012824,0
1.02E-05,6.87E-05,0.0004088,4.57E-05,0
1.39E-05,0.023962,2.55E-06,0.0012412,0
0.0023964,0.025097,7.08E-06,0.0012478,0
0.00040885,0.0059512,9.18E-05,0.001063,0
0.00034684,0.0066907,0.00016311,0.0033363,0
0.0059529,0.011708,1.39E-05,0.010776,0
0.0039424,0.0020285,8.18E-05,5.63E-05,0
4.49E-15,0.017158,0.00013702,0.00095603,0
0.0023964,0.0077466,4.78E-05,0.0061171,0
0.0031813,0.00066992,0.00016311,0.0016998,0
7.25E-05,2.69E-05,7.25E-05,6.10E-05,0
7.25E-05,0.00025761,2.55E-06,0.00031977,0
0.00022198,0.0055576,4.53E-06,0.0051549,0
0.0060353,0.00019552,1.14E-06,7.55E-05,0
0.0023446,0.00078142,1.81E-05,0.00031806,0
0.00011325,0.00078155,2.29E-05,0.00089645,0
0.0019978,0.00054271,1.11E-13,7.61E-05,0
0.0033639,4.52E-05,3.43E-05,9.54E-05,0
0.001348,0.0099847,0.00013702,0.010114,0
0.00032731,0.014058,0.00022193,0.012491,0
0.0016354,0.0015072,4.78E-05,0.0010754,0
0.0038758,0.012621,2.83E-05,0.00069143,0
1.81E-05,0.00016755,6.37E-05,0.00010947,0
0.0092758,0.0023193,0.00010215,0.00089421,0
0.0057091,0.0012399,0.00025475,0.00082587,0
4.53E-06,0.0003473,6.37E-05,0.00020942,0
0.0012333,0.0020289,1.02E-05,0.00053519,0
0.0034885,0.0017151,0.0005482,0.0015826,0
0.00043066,0.028664,1.02E-05,0.0016397,0
7.52E-35,0.011374,0.0002064,0.0083827,0
0.004424,0.03008,0.00011325,0.0066294,0
0.0029457,0.018119,2.55E-06,0.0021096,0
0.00054814,0.013209,2.84E-07,0.0079898,0
0.0095858,0.020419,1.39E-05,0.00029587,0
0.0039424,0.00093331,4.78E-05,0.0014446,0
0.005084,0.00084076,2.55E-06,0.00046207,0
0.0027192,5.26E-05,2.55E-06,0.00012111,0
0.0019505,0.00021017,0.00016309,0.00031326,0
0.002664,0.0022694,9.18E-05,0.0020552,0
0.0009199,7.74E-05,3.43E-05,0.00076504,0
0.00070783,0.023483,6.37E-05,0.010378,0
0.00014978,0.0096753,1.13E-06,0.0048753,0
0.001271,0.023963,1.13E-06,0.0028217,0
0.0074306,0.0071219,7.07E-06,0.0014132,0
0.002143,0.001802,4.53E-06,1.96E-05,0
0.0019505,0.00038707,3.43E-05,0.001408,0
9.17E-05,0.00030978,1.13E-06,1.67E-06,0
0.00012486,0.0048125,4.53E-06,1.52E-06,0
0.001767,0.00025771,1.13E-06,6.74E-05,0
0.0011597,0.0066062,2.54E-06,0.0076212,0
0.00040885,9.67E-05,1.81E-05,0.00043517,0
0.0015088,8.69E-05,4.53E-06,0.00021525,0
0.00082562,0.017567,2.55E-06,0.00093842,0
1.39E-05,0.0010973,1.13E-06,0.00081413,0
0.00030833,0.013209,8.18E-05,0.0049131,0
0.00016309,7.74E-05,1.13E-06,3.22E-05,0
0.0030038,0.0030689,2.55E-06,0.0027797,0
0.001271,0.00054262,4.53E-06,3.77E-05,0
0.00012486,0.0017153,4.78E-05,0.00035268,0
1.02E-05,0.0076541,2.81E-07,0.0039234,0
0.0020456,0.002899,0.00027208,0.001004,0
0.00052351,0.0038589,1.13E-06,0.0042457,0
0.0010193,0.014677,2.29E-05,0.0014951,0
0.00016308,0.0043213,1.39E-11,0.002305,0
0.00054815,0.0017153,6.37E-05,0.0022706,0
0.0010193,0.0041218,4.53E-06,0.0017835,0
0.00022198,0.0030693,4.54E-06,0.0030682,0
0.00014978,0.0029547,6.37E-05,0.0015128,0
0.0015504,1.31E-05,1.39E-05,3.97E-05,0
0.00070784,0.0050304,2.29E-05,0.0016138,0
0.00012486,0.001428,0.00017692,6.47E-10,0
0.00020641,0.016486,0.00020641,0.00035303,0
0.00013704,0.00049535,7.07E-06,0.00056571,0
0.0028882,0.0013514,0.00012484,0.00096109,0
0.0019978,0.0048849,4.08E-05,0.00065969,0
1.02E-05,0.0014281,1.13E-06,0.0013763,0
0.00073643,0.0083972,1.02E-05,0.0018652,0
2.83E-07,0.013571,2.83E-05,0.00032413,0
7.08E-06,0.0036065,1.02E-05,7.23E-05,0
0.001271,0.014552,7.08E-06,0.00010236,0
1.78E-14,0.00051858,4.07E-05,0.00026546,0
0.0028313,0.00051898,0.00049943,0.00066437,0
0.0013092,0.011264,3.43E-05,0.009401,0
0.00043064,0.00096464,0.00017699,0.0013726,0
0.00047595,0.0057134,2.83E-05,0.0053834,0
0.00073643,2.17E-05,5.55E-05,0.00029574,0
0.00023812,0.0080221,2.83E-05,0.0015554,0
0.0027192,0.00054257,2.83E-05,0.00088099,0
0.0034885,0.015568,2.29E-05,0.004477,0
0.00030834,0.0047424,1.02E-05,0.001348,0
0.0033639,0.0018021,4.53E-06,0.0039826,0
0.0040771,0.023963,0.00020639,2.31E-05,0
0.00011325,0.021771,5.55E-05,0.0083189,0
0.0028313,0.021467,0.00012487,0.016011,0
0.0053141,0.014303,1.13E-06,0.0043773,0
0.0001914,0.0099843,2.83E-07,0.0018773,0
0.0070681,0.0056351,9.17E-05,0.0063606,0
0.0016787,0.0015078,3.43E-05,0.0022185,0
0.00030833,0.0043915,2.55E-06,0.0020221,0
0.0039423,0.00056688,1.13E-06,0.0016391,0
0.0016787,1.08E-06,4.08E-05,0.00069909,0
0.00022198,0.0028436,4.53E-06,0.0029747,0
0.00011325,1.31E-05,2.83E-07,6.36E-07,0
1.81E-05,0.023962,9.17E-05,0.010139,0
0.00014978,6.70E-06,2.83E-07,9.44E-05,0
0.0032416,0.0069471,0.00013706,0.0026003,0
0.0073391,0.0050307,2.29E-05,0.0058222,0
0.00047595,0.00040765,1.39E-05,0.00014244,0
0.00073643,9.67E-05,5.55E-05,0.00011798,0
0.00088791,0.0039239,1.39E-05,0.0012958,0
5.55E-05,5.26E-05,4.78E-05,3.21E-05,0
1.39E-05,9.66E-06,4.53E-06,6.71E-07,0
4.53E-06,0.0015891,1.78E-14,7.87E-05,0
0.00030834,0.0020759,5.55E-05,0.00038117,0
0.0011238,0.00025769,4.53E-06,0.0004303,0
0.001812,0.00090133,3.43E-05,2.06E-05,0
0.0020457,0.00029169,2.35E-12,0.00023078,0
0.0015504,0.0018467,2.82E-07,0.00020083,0
0.00010221,0.0049568,4.78E-05,0.0003457,0
8.18E-05,0.00093305,1.81E-05,5.53E-06,0
0.0011962,0.0053294,7.25E-05,6.88E-05,0
0.00052351,0.0046704,4.53E-06,0.00027535,0
0.0002064,4.55E-12,2.83E-05,3.28E-05,0
0.0080866,0.0012396,1.02E-05,0.00061576,0
0.0065415,0.0023179,2.83E-05,1.14E-05,0
0.00054815,3.86E-05,3.43E-05,0.00010118,0
0.0009856,4.52E-05,0.00010227,2.48E-07,0
0.0011238,0.0043232,1.39E-05,4.23E-06,0
0.0019505,0.0015483,0.00027211,5.13E-05,0
0.0063705,0.0018468,2.55E-06,0.0010589,0
0.0052368,0.0075649,0.00054816,0.0014853,0
0.00085647,0.0046698,4.08E-05,0.0001413,0
6.37E-05,2.41E-06,4.53E-06,1.02E-05,0
0.00047594,0.00010713,2.55E-06,0.00048813,0
0.00030834,0.00040794,1.81E-05,0.00064856,0
0.00082562,3.86E-05,4.53E-06,0.00048193,0
0.00028993,0.00072459,1.81E-05,2.16E-05,0
0.00062544,0.00059194,1.13E-06,0.00038838,0
0.0010193,0.00011828,6.37E-05,0.00096059,0
0.0015926,2.68E-05,0.0001631,0.00061442,0
0.00088791,0.00010717,1.02E-05,0.00041245,0
0.00017696,0.00045091,6.37E-05,0.00069112,0
0.0010535,0.0024703,0.00034683,0.00068125,0
3.43E-05,0.00040769,1.81E-05,0.00018375,0
0.00049944,2.16E-05,1.39E-05,7.96E-05,0
0.00085647,0.00030956,1.39E-05,7.55E-05,0
0.001348,0.0026279,1.02E-05,0.001121,0
0.0025553,0.00022574,0.00017703,0.00037248,0
0.00016308,4.25E-06,8.19E-05,5.01E-05,0
0.0010193,0.0023674,0.00067994,8.74E-05,0
0.001271,0.0012753,0.00030844,0.00093595,0
0.0019978,1.31E-05,0.00022203,0.00016762,0
1.13E-06,0.00072525,4.52E-06,0.00054779,0
0.00088792,6.88E-05,2.83E-05,0.00086684,0
0.0062018,0.002733,0.00012479,0.0041422,0
0.0073391,0.0054794,2.86E-07,0.0048403,0
0.00088792,0.011261,1.14E-06,0.00038879,0
2.83E-05,0.00036656,4.07E-05,5.66E-05,0
0.0026093,8.71E-05,7.10E-06,0.0025895,0
0.00016308,0.00087165,3.42E-05,2.28E-05,0
0.00038762,2.38E-06,2.56E-06,0.00016497,0
0.0009856,0.0012385,7.06E-06,0.00068443,0
2.55E-06,0.0031244,0.0001632,0.0018482,0
0.001271,0.00075244,5.55E-05,0.001773,0
0.0039423,0.00084117,4.79E-05,0.0045107,0
0.0040094,0.0022205,4.54E-06,0.0045423,0
1.81E-05,0.0015898,4.54E-06,0.001534,0
0.00049946,0.00010741,1.14E-06,0.00059733,0
0.0030624,9.69E-05,0.00014974,0.0020208,0
0.00062545,5.24E-05,2.54E-06,0.00063149,0
0.00013704,0.00032808,1.02E-05,5.71E-08,0
4.78E-05,9.66E-05,2.85E-07,6.64E-05,0
0.00017696,4.33E-06,5.44E-12,0.00012234,0
0.00027208,8.70E-05,4.54E-06,2.18E-05,0
2.29E-05,0.00029219,5.13E-12,1.59E-06,0
4.08E-05,0.00022568,4.83E-12,0.00013857,0
2.29E-05,2.69E-05,1.39E-05,3.26E-05,0
0.00017696,3.85E-05,1.02E-05,5.28E-05,0
4.53E-06,0.00020978,1.39E-05,6.93E-05,0
0.00027209,9.69E-06,7.09E-06,0.00025111,0
0.00088789,0.00034783,4.79E-05,0.0001106,0
0.0014678,0.00011844,3.43E-05,0.00033254,0
0.0008879,1.06E-06,2.83E-05,3.73E-05,0
5.55E-05,0.00027415,1.81E-05,9.14E-06,0
1.81E-05,0.00064322,4.79E-05,6.50E-06,0
0.00025482,1.31E-05,2.80E-07,1.10E-06,0
0.00013704,0.00034792,2.54E-06,0.00014589,0
0.00011325,0.00022562,2.81E-07,7.80E-05,0
0.00012487,0.00011844,4.52E-06,6.55E-06,0
0.00025482,6.66E-06,2.86E-07,0.00026064,0
0.00049945,5.24E-05,1.02E-05,0.00026663,0
0.0011597,0.00010704,2.85E-07,0.00058462,0
0.0009856,2.18E-05,1.81E-05,1.22E-05,0
6.37E-05,7.76E-05,4.54E-06,0.00011742,0
1.39E-05,0.00036712,2.85E-07,0.00011924,0
1.39E-05,4.54E-05,2.55E-06,5.70E-05,0
0.00014978,0.00025749,3.43E-05,8.87E-05,0
2.55E-06,0.00019516,1.14E-06,3.51E-05,0
3.43E-05,0.00018112,4.08E-05,6.50E-05,0
4.42E-15,1.08E-06,9.99E-13,1.08E-07,0
0.00025482,1.71E-05,7.25E-05,4.55E-05,0
0.00023811,4.25E-06,4.54E-06,2.36E-05,0
0.00019139,5.25E-05,5.55E-05,0.00017332,0
6.37E-05,1.71E-05,2.55E-06,1.30E-05,0
9.17E-05,0.00011804,2.83E-05,2.42E-05,0
0.00014978,0.00011824,1.13E-06,1.32E-05,0
2.83E-07,0.0004731,2.55E-06,0.00029578,0
1.81E-05,0.00047288,1.60E-13,3.90E-09,0
1.13E-06,0.00010734,2.56E-12,3.47E-05,0
0.00013704,5.24E-05,1.14E-06,6.32E-06,0
0.00065234,0.00019529,1.02E-05,6.40E-06,0
0.00027209,1.71E-05,4.53E-06,1.45E-05,0
9.17E-05,0.00012962,1.14E-06,0.00021201,0
0.0010884,0.00064357,1.13E-06,0.00083042,0
0.00030833,0.00090151,1.81E-05,0.00022561,0
3.43E-05,7.75E-05,1.13E-06,6.00E-06,0
0.00017696,0.00064371,2.55E-06,0.00051851,0
1.13E-06,0.00084059,2.55E-06,4.90E-05,0
1.39E-05,6.41E-12,1.13E-06,5.35E-06,0
9.17E-05,5.25E-05,2.55E-06,4.58E-07,0
4.79E-05,2.17E-05,1.02E-05,6.31E-05,0
0.00011325,0.00038711,1.02E-05,0.00035483,0
0.00065234,0.00040762,1.39E-05,4.96E-06,0
0.0018576,0.00015444,5.55E-05,0.00026862,0
0.00023811,2.17E-05,2.29E-05,4.23E-05,0
7.25E-05,0.00096519,2.83E-05,0.00013682,0
0.00022198,0.003669,4.08E-05,8.72E-05,0
2.29E-05,0.0014286,4.08E-05,1.06E-05,0
0.00022198,0.00011821,3.43E-05,3.46E-05,0
0.0010193,0.00042874,3.43E-05,0.00067724,0
0.00085648,2.42E-06,5.55E-05,0.00076217,0
3.43E-05,0.00051914,4.08E-05,1.09E-07,0
0.00022198,0.00067014,7.08E-06,2.27E-05,0
0.00079531,7.76E-05,4.54E-06,1.40E-05,0
0.00043064,0.00025734,1.02E-05,1.63E-06,0
0.00085649,0.0014285,5.55E-05,9.48E-05,0
3.43E-05,0.0029544,2.83E-05,0.0002252,0
2.55E-06,0.0017583,9.17E-05,5.67E-06,0
0.00034684,0.00051884,4.79E-05,0.00040991,0
0.001271,9.68E-05,7.25E-05,0.00041243,0
0.0022427,1.05E-06,8.19E-05,0.00041373,0
0.0013092,6.86E-05,0.0001631,0.00012498,0
9.17E-05,0.00054244,9.18E-05,8.19E-05,0
7.08E-06,0.00061723,5.55E-05,0.00010042,0
7.25E-05,0.00024121,1.81E-05,7.51E-07,0
0.00038762,9.69E-06,2.82E-07,0.00031198,0
2.29E-05,0.000292,2.55E-06,0.00023195,0
4.08E-05,0.00036707,4.53E-06,0.00040646,0
0.00043065,0.00067033,1.02E-05,0.00041198,0
0.00038761,0.00027449,2.83E-05,3.94E-06,0
0.00085648,0.00067,2.83E-05,5.17E-05,0
0.00049945,2.68E-05,1.39E-05,2.21E-05,0
0.00052351,2.41E-06,2.83E-05,4.66E-06,0
0.00038761,3.24E-05,4.53E-06,8.25E-06,0
0.00017696,4.28E-06,2.55E-06,6.85E-09,0
0.00013704,0.00015454,2.85E-07,0.00016149,0
5.55E-05,8.69E-05,7.07E-06,3.73E-06,0
1.13E-06,0.0002257,2.54E-06,6.81E-05,0
1.81E-05,0.00015462,1.13E-06,4.87E-05,0
1.02E-05,0.00022574,7.83E-12,0.00018313,0
0.00030833,2.74E-07,2.83E-05,4.73E-05,0
0.000453,0.00075355,2.54E-06,0.00046334,0
0.00027209,0.00084093,1.02E-05,0.00012022,0
2.83E-05,9.72E-06,2.54E-06,2.93E-05,0
0.00070784,6.84E-05,2.83E-05,0.00053593,0
0.00067981,0.00045034,7.07E-06,0.0010251,0
0.00025482,9.67E-05,1.39E-05,0.00011003,0
2.55E-06,4.52E-05,2.82E-07,4.06E-05,0
0.0003273,0.00059179,2.83E-05,1.54E-05,0
0.0011962,0.0015479,7.25E-05,1.43E-06,0
0.00011325,0.0012387,1.02E-05,3.26E-05,0
6.37E-05,0.0018462,1.39E-05,0.00024925,0
5.55E-05,0.0012752,8.19E-05,5.88E-05,0
0.00052351,0.00059213,1.81E-05,0.00020174,0
0.0031215,0.0016732,5.55E-05,9.97E-05,0
0.0016787,0.0004731,2.77E-12,0.00047292,0
8.18E-05,0.00020988,1.02E-05,7.80E-08,0
0.00047595,0.00061735,2.54E-06,0.00051016,0
0.0009199,2.40E-06,7.07E-06,6.49E-07,0
0.00032731,0.00087122,3.42E-05,0.00014807,0
1.39E-05,0.0021717,6.37E-05,5.24E-05,0
3.43E-05,0.0013136,3.42E-05,8.16E-05,0
7.25E-05,0.00032816,5.55E-05,8.73E-05,0
0.00059912,0.00020983,4.07E-05,0.00032617,0
0.0019505,0.00032829,5.55E-05,9.45E-05,0
0.00070783,5.25E-05,7.08E-06,5.11E-06,0
2.55E-06,0.00042903,1.02E-05,8.77E-05,0
9.17E-05,0.001276,1.81E-05,6.24E-05,0
0.00025482,7.75E-05,2.84E-07,0.00025915,0
4.78E-05,0.00016732,7.09E-06,1.91E-05,0
8.18E-05,0.00056712,6.37E-05,0.00013366,0
3.43E-05,0.00059175,2.30E-05,6.86E-05,0
3.43E-05,0.00078107,2.30E-05,0.00025048,0
0.00022198,0.00042892,1.13E-06,0.00050714,0
8.18E-05,0.0012755,2.30E-05,0.00071678,0
0.00013704,0.00036663,4.54E-06,0.0004211,0
3.43E-05,3.24E-05,1.02E-05,4.96E-05,0
0.0011237,9.70E-06,7.25E-05,9.74E-05,0
0.0015504,0.0002922,4.79E-05,0.0015943,0
0.00028993,9.68E-06,1.39E-05,0.0003124,0
2.83E-07,1.31E-05,1.14E-06,6.50E-08,0
6.37E-05,0.00015453,2.85E-07,1.10E-05,0
5.55E-05,0.0017592,4.52E-06,1.02E-05,0
0.0002064,0.0013144,1.25E-11,0.00013274,0
7.25E-05,0.0025747,2.29E-05,0.00049692,0
8.18E-05,0.00032851,1.28E-12,0.0003241,0
2.83E-07,2.18E-05,1.81E-05,4.28E-06,0
0.00010221,8.67E-05,7.09E-06,0.00017239,0
0.00043065,4.52E-05,1.13E-06,0.00046255,0
0.0001914,0.000567,1.39E-05,6.07E-06,0
0.00040885,0.00051858,1.39E-05,2.95E-05,0
4.79E-05,0.0011671,5.55E-05,0.00017704,0
0.00022198,0.00010711,4.08E-05,2.20E-07,0
0.00054815,9.64E-06,8.18E-05,9.05E-05,0
0.00067979,9.72E-11,7.25E-05,8.81E-05,0
7.25E-05,4.52E-05,3.43E-05,1.49E-06,0
0.00011325,0.0010637,7.08E-06,0.00076668,0
0.0014678,0.0011671,2.29E-05,0.00032842,0
0.0022934,6.86E-05,7.25E-05,4.88E-05,0
0.00067981,0.00069738,8.18E-05,0.00010938,0
4.08E-05,0.0024192,3.43E-05,1.31E-05,0
0.00011325,0.0014287,3.42E-05,6.33E-05,0
1.02E-05,5.25E-05,7.08E-06,3.84E-05,0
1.81E-05,0.0031837,4.52E-06,0.00016794,0
2.29E-05,0.0017589,2.82E-07,0.00018316,0
0.00011325,0.00010714,1.13E-06,6.58E-05,0
0.00022197,0.0011329,2.29E-05,0.00071081,0
0.00070783,0.0023188,4.52E-06,0.00012297,0
0.00062544,0.00040793,1.13E-06,7.78E-05,0
0.00014978,0.00014166,1.13E-06,8.80E-05,0
0.00016309,0.00042873,2.83E-05,0.00025619,0
0.00047595,8.68E-05,3.43E-05,4.05E-05,0
0.00040884,6.87E-05,4.08E-05,1.07E-08,0
2.55E-06,0.0020287,5.55E-05,0.00066434,0
2.29E-05,0.0036075,4.78E-05,1.27E-05,0
6.37E-05,0.000519,4.78E-05,0.00034052,0
0.00047595,0.00029173,3.42E-05,0.00030695,0
0.0003273,0.0017153,4.53E-06,4.88E-07,0
0.00016309,0.00034717,1.13E-06,8.60E-06,0
7.08E-06,0.00015447,2.55E-06,1.03E-05,0
0,0.00011824,7.08E-06,7.85E-05,0
3.43E-05,3.85E-05,1.13E-06,2.78E-05,0
0.00010221,0.0010302,2.83E-07,0.00019993,0
0.00065234,0.00042856,1.14E-06,2.67E-05,0
1.02E-05,0.00030964,2.55E-06,0.00032231,0
0.00025481,0.00036721,2.55E-06,0.00021105,0
0.0017226,0.00045064,2.29E-05,2.45E-06,0
0.0003273,0.0002103,1.81E-05,0.00045681,0
3.43E-05,9.67E-05,1.39E-05,8.42E-06,0
0.00014978,0.00036676,2.84E-07,0.00012713,0
2.83E-07,0.00022515,1.02E-05,0.00010375,0
8.18E-05,0.00014185,2.82E-07,1.47E-05,0
0.00012486,0.0022206,1.13E-06,2.84E-07,0
0.0002064,0.0015485,1.02E-05,5.84E-05,0
7.25E-05,6.87E-05,2.29E-05,8.85E-05,0
0.00052351,0.0001675,1.02E-05,4.89E-05,0
0.0013874,0.00054247,1.02E-05,1.38E-05,0
0.00022198,3.24E-05,1.02E-05,0.00017407,0
0.00017696,4.54E-05,1.14E-12,0.00010113,0
0.00076558,0.00049589,4.54E-06,1.60E-05,0
0.00047594,1.72E-05,2.83E-05,1.76E-05,0
0.00036694,0.00022524,4.79E-05,4.98E-08,0
0.00023811,0.002219,9.18E-05,1.25E-05,0
2.55E-06,0.0017148,4.08E-05,0.00013501,0
0.00012486,0.001351,6.37E-05,6.69E-05,0
0.00028992,0.00015414,5.55E-05,1.83E-05,0
0.00010221,0.00018123,1.39E-05,0.00027345,0
0.0002064,4.25E-06,3.43E-05,2.90E-05,0
0.00011325,0.00010739,1.02E-05,0.00014231,0
0.00017696,0.00010718,7.25E-05,0.00011563,0
4.08E-05,9.67E-05,2.55E-06,2.96E-05,0
5.55E-05,2.17E-05,1.13E-06,5.64E-06,0
8.18E-05,0.00031001,1.39E-05,0.00039549,0
0.00014978,0.00015453,1.13E-06,1.97E-05,0
4.53E-06,0.0012038,1.39E-05,4.62E-05,0
4.78E-05,0.00032843,2.84E-07,4.35E-05,0
2.83E-07,1.31E-05,2.15E-12,6.50E-06,0
9.17E-05,0.00084064,2.83E-07,0.00088546,0
0.00016309,0.00247,2.83E-05,0.00071696,0
0.00022198,0.00047254,1.14E-06,6.11E-07,0
4.79E-05,0.00010718,2.29E-05,7.18E-05,0
0.00076559,0.0007532,1.81E-05,0.00069033,0
0.0018121,0.00047286,4.08E-05,0.0018822,0
0.0025018,3.85E-05,4.08E-05,0.00088119,0
0.00017696,0.00061752,7.08E-06,4.26E-07,0
0.00091991,0.0013505,4.52E-06,0.00025618,0
0.0016354,0.00072467,7.08E-06,0.0023445,0
0.0011597,0.00012979,4.08E-05,0.00011354,0
0.00098559,0.0018915,0.00011324,0.00013935,0
0.00034684,0.0037328,0.00017692,0.00021471,0
9.17E-05,0.00093347,4.78E-05,0.00016011,0
0.00030834,2.17E-05,1.81E-05,0.00030712,0
0.002664,0.00045054,4.08E-05,0.0014211,0
0.0034885,8.67E-05,0.0001132,0.00039648,0
0.0011238,6.87E-05,7.25E-05,9.96E-05,0
0.00016309,0.0022193,2.55E-06,0.00011243,0
0.0023446,0.0018916,1.02E-05,0.0018743,0
0.002143,0.00096568,2.30E-05,0.002206,0
0.0010884,1.99E-11,1.02E-05,0.00077932,0
0.00025482,0.002076,4.08E-05,0.00091854,0
0.00017696,0.0017585,1.78E-14,0.0012231,0
0.00025482,0.00015434,2.84E-07,0.00029306,0
2.29E-05,0.00010728,1.02E-05,5.18E-07,0
0.00043064,4.52E-05,2.30E-05,6.44E-05,0
0.00023812,0.00024105,1.39E-05,0.00030777,0
0.00030834,0.0006699,7.07E-06,5.95E-06,0
1.39E-05,0.00019559,7.07E-06,0.00020998,0
0.00045302,0.0011674,1.13E-06,0.0015876,0
0.00013704,2.68E-05,1.39E-05,0.00017601,0
7.25E-05,7.73E-05,2.81E-07,2.44E-05,0
7.08E-06,0.00056697,1.13E-06,0.00054392,0
1.13E-06,0.00075243,2.30E-05,0.00064052,0
4.79E-05,0.0013894,1.02E-05,0.00054081,0
5.55E-05,0.00016756,2.55E-06,3.99E-05,0
0.0017226,0.0009329,1.39E-05,5.67E-05,0
0.00059911,0.00075302,2.83E-05,2.29E-06,0
0.00047595,0.0003098,2.84E-07,9.61E-05,0
0.0018121,0.0025737,1.02E-05,0.00047405,0
0.00079533,0.00027426,5.55E-05,1.81E-06,0
9.17E-05,0.00021021,1.39E-05,2.05E-05,0
4.08E-05,0.0021716,2.83E-05,0.00011542,0
0.0002064,0.0026798,7.25E-05,1.17E-08,0
0.00079531,0.0033632,1.39E-05,1.27E-06,0
0.0002064,0.00025771,2.83E-05,0.00017315,0
1.13E-06,1.32E-05,4.52E-06,1.36E-05,0
0.00030833,9.62E-06,4.78E-05,2.42E-05,0
0.00030833,2.65E-07,1.81E-05,5.04E-05,0
0.00014978,3.85E-05,1.02E-05,1.99E-06,0
7.25E-05,0.00030963,2.81E-07,0.00011437,0
0.00011325,7.74E-05,4.52E-06,3.03E-07,0
0.00027209,6.03E-05,2.83E-07,4.43E-07,0
6.37E-05,0.0001542,4.52E-06,1.49E-05,0
2.83E-07,0.00049559,2.55E-06,0.00023427,0
2.83E-05,0.00051892,1.81E-05,1.97E-05,0
2.83E-05,0.0004503,2.55E-06,0.00030327,0
0.00038761,6.72E-06,1.13E-06,2.24E-05,0
0.00011325,9.64E-06,2.29E-05,5.28E-07,0
0.00013704,0.00018124,1.81E-05,7.12E-06,0
0.00070784,0.00024136,7.08E-06,3.79E-05,0
0.00052352,6.04E-05,4.53E-06,0.00016256,0
0.00098559,7.73E-05,4.54E-12,8.74E-06,0
0.001271,5.25E-05,1.13E-06,4.91E-05,0
0.00067981,6.65E-06,5.75E-12,6.05E-05,0
0.00036694,5.26E-05,1.13E-06,7.64E-05,0
0.00017696,0.00021023,2.82E-07,4.64E-05,0
0.00012486,0.00018115,6.37E-05,8.46E-05,0
0.00045301,2.67E-05,1.39E-05,2.55E-05,0
0.0010884,2.17E-05,4.08E-05,1.92E-06,0
0.0020456,4.52E-05,1.02E-05,0.00040998,0
0.001271,3.86E-05,1.81E-05,5.56E-05,0
0.0006798,0.00038718,3.42E-05,2.45E-05,0
0.00016309,0.0002101,2.84E-07,4.72E-05,0
1.13E-06,0.00014188,1.13E-06,1.46E-05,0
2.83E-07,6.85E-05,2.55E-06,1.09E-05,0
1.39E-05,1.31E-05,1.39E-05,1.14E-06,0
0.00017696,9.68E-05,3.42E-05,2.91E-05,0
7.25E-05,0.00032852,1.81E-05,1.62E-05,0
0.00012486,0.00022553,0.00010219,9.02E-06,0
0.00010221,8.69E-05,7.08E-06,8.00E-05,0
0.00027209,6.04E-05,4.53E-06,0.00013893,0
0.00027209,8.69E-05,3.42E-05,9.97E-05,0
8.18E-05,9.67E-06,9.99E-13,1.38E-05,0
9.17E-05,2.64E-07,1.81E-05,1.84E-05,0
1.13E-06,4.53E-05,2.83E-07,1.78E-05,0
1.39E-05,0.00024124,2.29E-05,9.49E-05,0
5.55E-05,0.0003472,4.08E-05,0.00018708,0
8.18E-05,0.00024117,2.55E-06,0.00016287,0
1.13E-06,0.00045057,1.39E-05,2.80E-05,0
4.08E-05,6.74E-06,1.39E-05,1.35E-05,0
7.08E-06,3.24E-05,2.83E-07,4.62E-06,0
1.39E-05,2.41E-06,1.77E-14,1.33E-08,0
0.00030833,2.42E-06,2.84E-07,3.94E-05,0
0.0003273,0.00011827,5.37E-13,6.34E-05,0
0.0003273,6.86E-05,2.55E-06,0.00010391,0
0.00028992,9.69E-05,1.81E-05,9.47E-05,0
1.81E-05,0.00061751,0.00011326,0.00042307,0
4.53E-06,6.68E-06,7.07E-06,4.60E-07,0
0.00017696,2.65E-07,0.00011324,6.08E-05,0
1.13E-06,0.0004954,1.39E-05,7.70E-05,0
2.29E-05,2.17E-05,8.18E-05,8.47E-05,0
2.83E-05,3.24E-05,3.42E-05,5.57E-05,0
0.0001914,6.03E-05,0.00028994,0.00027346,0
0.00054814,0.0001544,0.00054815,5.34E-05,0
0.0011597,0.00016757,0.00073646,0.00046238,0
0.00036694,0.00010722,0.00054815,0.00018667,0
1.13E-06,0.00072451,0.00045296,1.44E-05,0
1.39E-05,2.50E-11,0.0007365,0.00071853,0
0.0003273,1.31E-05,0.00047594,0.00028205,0
2.83E-07,0.0001953,0.00076565,0.00033588,0
2.83E-07,3.25E-05,0.00085644,0.00058429,0
0.00010221,0.00018115,0.0011597,0.00062513,0
0.00019139,5.26E-05,0.00073638,0.00050969,0
0.00047594,4.31E-06,0.00073635,0.00072881,0
0.002664,0.00010711,0.00036689,0.00052429,0
0.0014273,1.31E-05,0.00079524,0.0012965,0
0.0011238,4.29E-06,0.00098558,0.0016542,0
0.0009199,4.31E-06,0.0015087,0.0020875,0
4.08E-05,7.76E-05,0.0025016,0.0024963,0
0.00076558,6.02E-05,0.0025551,0.0029521,0
0.0019505,0.00020996,0.0026092,0.0036569,0
0.0022427,0.00029177,0.0030037,0.004079,0
0.0011962,0.00042894,0.0029458,0.004153,0
0.00038761,0.00061729,0.0034883,0.0044067,0
0.00049945,2.17E-05,0.0049333,0.0037743,0
0.00070783,0.000367,0.0037445,0.0030871,0
0.00045302,0.00027423,0.0036794,0.0028955,0
0.00032731,1.71E-05,0.0025552,0.0019787,0
0.00025482,7.75E-05,0.001271,0.0014659,0
0.00017696,0.00014175,0.00076557,0.0010076,0
0.0014273,0.00096497,4.79E-05,0.0011285,0
2.55E-06,0.00016755,4.53E-06,3.10E-05,0
6.37E-05,2.76E-07,1.81E-05,4.47E-05,0
0.00062545,0.00061764,0.00012485,2.01E-06,0
8.18E-05,0.00011823,2.29E-05,2.59E-05,0
0.00027209,0.00061785,6.37E-05,0.00011024,0
4.08E-05,1.07E-06,0.00067977,0.00069072,0
0.0001914,0.0006433,0.00020644,6.55E-05,0
0.0003273,0.0011675,0.00027209,7.62E-06,0
3.43E-05,0.00030985,0.00038761,0.00012151,0
0.0022934,0.00061785,1.14E-06,0.00091722,0
7.08E-06,1.32E-05,1.81E-05,3.54E-06,0
2.55E-06,0.0001183,0.0004306,0.00032508,0
0.00045301,0.00011817,0.00010222,2.20E-05,0
0.00017696,0.00025745,1.39E-05,2.24E-06,0
0.0023964,0.00025756,8.18E-05,0.00024099,0
0.00073644,0.00025746,0.00067985,0.00081395,0
8.18E-05,0.00096512,0.00038758,0.00019552,0
0.00065234,0.00072493,0.00082558,0.00018502,0
0.00088791,0.00075306,0.0018576,0.00076183,0
0.00022198,0.00015442,0.0014677,0.0010374,0
0.00038761,0.00030994,0.00085644,0.00041366,0
2.83E-07,9.67E-06,0.0003083,0.00027007,0
0.00028993,4.28E-06,0.00065231,0.00087197,0
0.00049945,2.40E-06,0.00047589,0.00076141,0
0.00030833,1.07E-06,0.00017695,0.00034295,0
0.00030833,6.02E-05,6.37E-05,0.00018671,0
0.0009199,0.00032824,1.39E-05,0.00014595,0
0.00028993,1.07E-06,2.83E-05,8.08E-05,0
0.00028993,6.69E-06,4.53E-06,8.30E-07,0
0.00010221,1.07E-06,1.39E-05,2.68E-05,0
8.18E-05,6.69E-06,2.83E-05,4.92E-05,0
1.13E-06,3.24E-05,1.13E-06,8.90E-07,0
5.55E-05,0.00034748,2.55E-06,3.01E-05,0
0.00012486,0.0004726,2.82E-07,4.44E-05,0
0.00023812,4.29E-06,7.08E-06,8.45E-06,0
0.00028993,2.43E-06,6.37E-05,4.82E-06,0
0.00049945,7.74E-05,0.00010223,9.11E-06,0
0.0002064,1.31E-05,1.81E-05,1.25E-06,0
2.29E-05,0.00014168,7.07E-06,2.85E-05,0
0.00036694,0.00019534,2.83E-07,4.95E-05,0
0.00034684,3.25E-05,7.07E-06,9.12E-06,0
1.02E-05,2.68E-05,3.43E-05,4.04E-05,0
6.37E-05,4.52E-05,0.00016312,0.00010569,0
2.29E-05,2.42E-06,0.00028995,0.00022954,0
5.55E-05,2.75E-07,0.00028999,0.00033841,0
0.0002721,0.00015461,0.00014984,0.00031324,0
0.00073643,0.00036702,0.00010222,0.00035447,0
0.00073644,2.68E-05,0.00036697,0.00066588,0
0.00030834,0.00011801,0.00070796,0.00082984,0
4.53E-06,0.00019521,0.0010885,0.00091048,0
1.02E-05,1.72E-05,0.0011238,0.0010995,0
0.00027209,0.00064367,0.0013093,0.00169,0
0.0071579,0.0089759,0.0005399,0.0083971,1
0.0052699,0.0018088,0.0012854,3.83E-06,1
0.00025786,0.00069413,1.83E-05,1.04E-05,1
0.0023575,0.0025261,0.007286,0.0055425,1
0.00027209,0.00023066,0.0001817,1.17E-09,1
0.00013704,0.00025764,0.0019038,0.0014432,1
7.08E-06,0.0003471,0.00017691,1.65E-07,1
1.39E-05,1.06E-06,6.37E-05,5.46E-05,1
0.00013704,0.0011324,0.005392,0.0017045,1
1.02E-05,0.0019821,0.00036697,0.0015132,1
0.0025018,0.0039885,0.0017672,0.0072803,1
0.0011597,0.0040563,9.18E-05,0.00011074,1
0.00016308,0.0018013,0.00085666,0.00091353,1
0.0025553,0.0021714,0.010329,0.0084984,1
0.0007656,0.00268,0.0040096,0.00026867,1
2.83E-05,0.0021231,0.0015088,0.0003432,1
0.0010535,9.66E-06,0.00065237,5.82E-06,1
4.53E-06,9.65E-06,4.53E-06,3.43E-06,1
0.00073642,0.00034757,1.02E-05,2.05E-06,1
3.43E-05,0.00036697,1.13E-06,9.03E-05,1
8.18E-05,0.00040787,8.18E-05,0.00017814,1
8.18E-05,0.0022197,0.00020641,0.002179,1
0.00011325,0.00012959,4.52E-06,2.92E-05,1
0.0010193,3.24E-05,0.00011326,0.00018647,1
0.00082562,6.03E-05,0.0035517,0.0007635,1
1.39E-05,0.00012989,2.55E-06,0.00014427,1
0.00036694,0.0015891,0.0017226,0.0020953,1
7.08E-06,0.02027,0.00065231,0.0077636,1
2.29E-05,0.0054814,4.08E-05,0.0031379,1
0.0022427,0.00072466,0.00049942,0.0027681,1
3.43E-05,0.0027891,0.0007079,0.00054065,1
0.0023446,0.0037323,0.0042835,0.00757,1
0.0024488,0.0020285,4.44E-13,0.0031439,1
0.0076152,0.0041881,0.00067981,0.0030286,1
0.0015926,0.0055585,0.011326,0.00063164,1
0.0010193,0.00034733,0.0036153,0.0020513,1
0.012725,0.0026269,0.0048588,0.002646,1
0.0019978,0.0048843,0.0010884,0.002398,1
0.0009199,0.013211,0.0021431,5.66E-06,1
0.005392,0.013209,0.00017699,0.00026487,1
0.0015504,0.0002101,7.08E-06,7.89E-05,1
0.00045301,0.0057922,0.0011597,0.0026682,1
0.0065415,5.25E-05,0.00034681,0.00059176,1
0.00059912,0.003924,0.0011963,0.0027367,1
0.0034259,0.00061769,0.00073647,2.72E-05,1
2.55E-06,0.00025757,0.0001914,0.00011852,1
0.0099009,0.014551,0.00028991,0.0061224,1
0.00027209,0.007746,0.0026094,0.00098316,1
0.014718,0.0013135,0.0038759,0.00023357,1
0.00070783,0.0025222,0.00057337,3.86E-06,1
0.0033639,4.28E-06,5.55E-05,0.00014764,1
0.005392,0.00029173,0.00032726,1.30E-05,1
0.015503,0.0001073,0.0004306,0.009402,1
0.00049945,0.062013,0.0034885,4.65E-05,1
0.005084,0.0066908,1.81E-05,0.00033204,1
0.00016309,0.0048132,2.83E-05,0.00025335,1
0.0075226,0.012505,0.0030038,0.022904,1
0.0032416,0.031905,0.013703,0.002089,1
0.0078963,0.0041873,0.0078023,0.0014596,1
0.0061182,2.66E-07,0.0029458,0.0023393,1
0.0026094,0.013934,0.00016309,0.012568,1
0.002664,0.0091739,1.81E-05,0.0021013,1
0.0042142,0.00040782,0.0015505,0.0027605,1
0.0033639,0.030621,0.0017671,0.0060084,1
0.0020941,0.0061933,0.0092756,0.00019976,1
0.0061182,0.00069737,0.0040093,0.003388,1
0.0091736,0.026765,0.0067149,0.025902,1
0.0029457,0.039525,0.00516,0.0049699,1
0.00013704,0.00059195,3.43E-05,0.00038138,1
0.0052369,0.0018909,0.00025485,0.0073418,1
0.001767,0.046829,0.0073388,0.0040516,1
0.00020641,0.028837,0.00034687,4.23E-05,1
0.005084,0.00012977,0.00062547,0.0041392,1
0.00085648,0.00081083,0.0019978,0.0013192,1
0.00025482,0.0045298,0.0001914,4.18E-05,1
0.0018576,0.0023184,0.00047593,0.00018302,1
0.0010193,0.019107,0.0023963,0.0090128,1
0.00095246,0.043534,0.0187,0.0094647,1
0.00079533,0.041821,0.004495,0.0062236,1
2.83E-07,0.057955,0.00012487,0.041021,1
0.027209,0.035709,0.0049333,0.014353,1
0.0059529,4.53E-05,0.0014272,0.0035735,1
0.00079532,0.0003473,2.83E-07,0.00023806,1
0.0021926,2.16E-05,0.0025016,0.00010899,1
7.08E-06,0.0054048,0.001767,0.00072725,1
0.0010535,0.00054283,0.00079531,0.00030579,1
6.37E-05,0.023011,0.0077084,0.0065661,1
0.008671,0.024285,0.007802,0.010321,1
0.00014978,0.051892,7.08E-06,0.0074546,1
0.01225,0.11534,0.013704,0.053717,1
0.056068,0.0093733,0.0065415,0.0004158,1
2.83E-07,0.13096,0.0051602,0.021838,1
0.037721,0.0098804,2.84E-07,0.04303,1
0.026859,0.16517,0.0075227,0.15136,1
0.019287,0.045275,0.048294,0.014823,1
0.030275,0.0037958,0.010007,0.00098593,1
0.018993,0.022079,0.018556,0.026131,1
0.014718,0.0028436,0.030461,0.038055,1
0.0025553,0.047735,0.032923,0.027763,1
0.0014273,0.088311,0.016309,0.032613,1
0.13015,0.00061764,0.00095249,0.022812,1
0.00028993,0.115,2.84E-07,0.026732,1
0.021412,0.03135,0.022676,0.0034671,1
0.021882,0.22098,0.0011963,0.097612,1
0.057335,0.0021706,0.011899,0.00033994,1
0.08104,0.023802,0.036287,0.0091737,1
0.00036694,0.00047302,0.0074304,0.0033294,1
0.014334,0.0038602,0.012967,0.029549,1
0.0068904,0.65648,0.040455,0.188,1
0.11926,0.86458,0.0070682,0.21967,1
0.15841,0.4371,0.00082566,0.0038057,1
0.00038761,0.12835,0.010438,0.09726,1
0.016309,0.052838,0.039815,0.0057925,1
0.0094819,0.089852,0.0010192,0.018445,1
0.017555,0.0024189,0.0067147,0.00068947,1
0.015636,0.0034838,0.00579,0.021386,1
0.0035516,1.72E-05,0.00062542,0.0024327,1
1.13E-06,0.092043,0.00011325,0.049422,1
0.20843,0.246,0.0033638,0.13109,1
0.085026,0.45788,0.011553,0.51389,1
0.021882,0.22785,0.094918,0.031517,1
0.0014678,0.48633,0.033505,0.021698,1
0.34446,0.074158,0.0057899,0.020608,1
1.02E-05,0.0031261,0.080133,0.00022428,1
0.0047116,0.024933,0.0040095,0.0047468,1
0.010007,7.74E-05,0.010329,0.0015185,1
0.085337,0.026092,0.058102,4.40E-06,1
0.019733,0.21041,0.011553,0.02026,1
0.065779,0.12212,0.00082566,0.014857,1
0.011553,0.0070329,0.0097949,0.018781,1
0.05284,0.0023682,0.089745,0.0023152,1
6.37E-05,0.04728,0.008376,0.047295,1
0.35453,0.014929,0.013579,0.042372,1
0.035682,0.0097786,0.029539,0.0095258,1
0.0040094,0.016618,0.02464,0.0014229,1
0.0009199,0.010829,0.00017696,0.0062783,1
0.067703,0.0014286,0.0039423,0.0078104,1
0.074803,0.027619,0.030647,0.0040513,1
0.004495,0.054038,0.012967,0.00034187,1
0.025312,0.048187,0.0092757,0.0037784,1
0.17715,0.0024703,0.0021431,0.0042573,1
0.0411,0.01812,0.048528,0.073103,1
0.00091991,0.022077,0.0089707,0.00079986,1
0.013829,0.096493,0.0050083,0.012181,1
0.05708,0.064618,0.0093786,0.018876,1
0.0036796,0.048641,0.031585,0.0012933,1
0.0099009,0.17499,2.29E-05,0.034648,1
0.11597,0.13895,0.0097952,0.028302,1
0.002775,0.058957,0.031208,0.011466,1
0.0083763,0.0023678,0.055314,0.0011368,1
0.027034,0.04182,1.81E-05,0.036175,1
0.083482,0.015959,0.096565,0.059392,1
0.073067,0.0076555,0.069375,0.0012011,1
0.016309,0.0056352,0.011783,0.0079994,1
0.21038,0.010508,0.014207,0.0097235,1
0.13247,0.0034221,0.014848,0.011372,1
1.13E-06,0.25012,0.00082564,0.014293,1
0.013704,0.42015,0.00043064,0.021011,1
0.062811,0.45998,0.0030037,0.032102,1
0.00022198,0.10072,0.0059527,0.0018149,1
0.021725,0.0043238,0.00014975,0.00014987,1
0.0033025,0.024287,0.0082795,6.61E-06,1
0.011325,0.079317,0.022357,0.036093,1
0.0020941,0.12687,0.0028882,0.069513,1
0.0097953,0.00222,0.017554,0.0057438,1
0.1513,3.87E-05,0.00011329,0.032185,1
0.0052369,0.051653,7.09E-06,0.0059477,1
0.0049333,0.016754,0.0016785,0.010015,1
0.054318,0.097456,0.00045309,0.14494,1
0.0073391,0.036498,0.00016306,0.003645,1
0.002775,0.0012031,0.0018577,0.0012721,1
0.00014978,0.0069475,0.00088793,0.002736,1
0.0050839,0.0074759,0.00045297,0.00020254,1
0.0049333,0.0095738,0.0010192,0.0064073,1
0.04067,0.015181,0.00038767,0.00050047,1
0.00088791,0.0039249,0.0036795,1.68E-06,1
0.0096903,0.00019552,0.0020939,0.0079552,1
0.001767,0.0096765,0.0025018,0.00092962,1
0.022039,3.86E-05,0.005237,0.0059449,1
0.00052352,0.043963,0.0080867,0.011699,1
0.0060353,0.0036698,0.0067146,0.0019389,1
0.028094,3.87E-05,0.0041451,0.0074371,1
9.17E-05,0.006275,0.00032733,0.0011679,1
0.0096903,0.0013897,6.37E-05,0.0099137,1
0.00065234,0.059209,0.00070784,0.0022839,1
0.013954,0.0088778,0.0028883,0.0015774,1
0.0009199,0.011264,0.00049941,0.0033947,1
0.00088791,0.0057127,0.00036689,0.00022778,1
0.02464,0.0050312,0.0067147,0.00013237,1
0.0029457,0.0027344,0.00017695,0.0048632,1
0.00025482,0.00015421,0.0016789,9.32E-05,1
0.0026094,0.00078182,7.25E-05,0.0011566,1
0.0013092,0.0077464,0.0032416,0.010867,1
0.00095246,0.0050298,0.0001249,0.0039158,1
0.019435,0.01182,0.00082565,0.01265,1
0.0007656,0.00036692,0.00073644,0.0011055,1
0.00030834,0.0052518,5.54E-05,0.0053919,1
0.0074306,0.021925,0.0011962,0.0079803,1
0.0019505,0.018257,0.00095257,0.0070011,1
5.55E-05,0.014553,0.0010883,0.0063211,1
0.0095858,0.00034737,4.78E-05,0.0017675,1
0.0023964,0.0005191,2.83E-05,0.0025384,1
0.008671,0.063049,0.005392,0.016007,1
0.031965,0.024285,0.0043535,2.28E-05,1
0.006979,0.0036062,0.00025478,0.0021118,1
0.022836,0.028137,0.0019506,0.00076649,1
0.008671,8.68E-05,0.0004306,0.0086138,1
0.0043535,0.0047409,0.0022933,0.0027273,1
0.0003273,0.0089766,0.0002381,0.0010124,1
0.062811,0.0019828,0.00036699,0.064432,1
0.016581,0.070264,0.0027192,0.060052,1
0.0014678,0.0014283,0.00095245,0.00020013,1
0.00010221,0.00038701,0.0050839,0.0013126,1
0.11345,0.0048131,0.0027749,0.018914,1
0.0015088,0.0032432,5.55E-05,0.0035138,1
0.0032416,0.00042891,0.00019141,6.48E-05,1
0.020488,1.31E-05,0.010547,0.00020695,1
0.0063705,0.0015077,0.014848,0.00089239,1
0.04175,0.0036685,0.0045665,0.0063171,1
0.021882,0.021621,0.00027203,0.014692,1
0.010437,0.078736,0.0016355,0.065403,1
0.0062858,0.012046,0.0014677,0.00053361,1
0.027738,0.05721,0.005871,0.0119,1
0.069937,0.016621,0.00067993,0.046889,1
0.005871,0.0034839,0.0016353,0.0047107,1
0.0096903,0.00093301,0.00016309,3.24E-05,1
0.0003273,0.025263,0.012249,0.0027876,1
0.00059911,0.024607,0.0005482,0.00038919,1
0.019584,0.0002256,0.0046387,0.024017,1
0.031396,0.00025763,0.0042141,0.0086047,1
0.0011962,0.0057925,4.78E-05,0.0066559,1
0.00049945,0.0020285,0.0019504,0.0014898,1
0.063078,0.02027,1.81E-05,0.020481,1
0.0010193,0.0059504,0.0027193,0.00085575,1
0.010988,5.26E-05,9.17E-05,0.0083047,1
0.0039424,0.0074759,0.00036698,0.0083156,1
0.0048589,0.023802,4.08E-05,0.0077894,1
0.004785,0.0014284,9.17E-05,0.0022605,1
0.0015504,4.53E-05,0.00043067,2.16E-06,1
0.0010193,0.0054044,9.17E-05,0.0060849,1
0.002664,0.00034736,0.00028993,0.00058086,1
0.005084,0.020418,0.001767,0.0084959,1
0.00045302,0.0019826,1.39E-05,0.00090296,1
0.0001914,0.010298,0.0023445,0.0012028,1
0.023484,0.00072476,4.08E-05,0.003662,1
8.18E-05,0.0013899,0.0019039,0.00064351,1
0.0062018,0.017428,0.0023445,0.004421,1
0.0010536,0.00016765,0.00038766,0.00019738,1
0.0015088,0.00087086,0.0022427,0.0006588,1
0.004495,0.00099717,0.0011238,0.0051855,1
0.0030624,0.01544,2.54E-06,0.00049454,1
0.0016354,0.06541,0.0074306,0.00043817,1
0.026512,0.009676,1.13E-06,0.00077888,1
0.00045301,0.034932,0.0010192,0.014998,1
0.0011238,0.00096515,0.004214,0.00020598,1
0.0060353,0.00036706,1.81E-05,0.00016152,1
3.43E-05,0.0047411,0.0027192,0.0035438,1
0.0021926,0.00025736,0.0014274,0.0016521,1
0.00052351,8.68E-05,0.0035516,6.17E-05,1
0.0025553,0.0022681,0.0038756,0.00011759,1
0.0051601,0.12614,4.79E-05,0.06417,1
0.016038,0.074161,0.0052367,0.003939,1
0.040455,0.0098804,0.0022933,0.0054431,1
0.017134,0.026259,0.0028883,0.0032951,1
0.0074306,0.0073862,0.00082564,0.0097735,1
0.001812,0.0086856,0.0089705,0.011125,1
0.028452,0.014929,0.002094,0.0096859,1
0.010329,0.054278,0.0001914,0.04309,1
0.00016309,0.014551,0.0019505,0.0020999,1
0.022198,0.031716,0.0090716,0.012241,1
0.0011962,0.25795,0.00049947,0.013139,1
0.012845,0.055492,2.29E-05,0.010192,1
0.018123,0.033971,0.0053921,0.00025977,1
0.0002064,0.0018466,0.0077083,0.00019251,1
0.0038098,0.0097782,0.0026094,0.0091541,1
0.0085722,0.013812,0.010329,0.019812,1
0.0087704,0.0020759,0.0019506,0.00073049,1
0.0068023,0.03973,0.0010193,0.039303,1
0.0015926,0.00075282,0.0042142,9.50E-05,1
0.03102,0.0029551,0.0073391,0.0020629,1
1.13E-06,0.038502,0.0016354,0.028858,1
0.0082791,0.056961,8.18E-05,0.0081297,1
0.0001914,0.059717,8.19E-05,0.0010697,1
0.00085649,0.0042548,0.0010884,0.0015495,1
1.81E-05,0.0085876,0.00057338,0.0010731,1
0.0024488,0.0092735,0.0019504,0.0066145,1
0.0025018,0.016221,1.13E-06,0.010504,1
0.00057335,0.00012966,0.00091986,0.0015802,1
0.0043535,0.0034223,0.0013092,0.00047318,1
0.01408,0.013568,0.0060354,0.00094133,1
0.020184,0.013812,0.00059909,0.026456,1
0.018267,0.013812,0.016038,0.0028945,1
0.022039,0.029902,0.023159,0.057483,1
0.0099009,0.00054301,0.007248,0.00018506,1
0.10535,0.043102,0.00088796,0.1084,1
0.00057335,0.0024185,0.010221,0.00010803,1
0.0019505,0.014056,0.016445,0.017937,1
0.080737,0.014056,0.0012333,0.041896,1
0.0042836,0.010089,0.0022426,0.0003883,1
0.015636,0.027619,0.00012487,0.00024693,1
0.0062859,0.0039254,0.00019146,0.0020139,1
0.012966,0.00064339,2.84E-07,0.00014985,1
2.83E-05,0.038907,0.028094,0.035801,1
0.0066279,0.0015485,0.0093783,2.60E-05,1
0.13993,0.016486,0.0053921,0.052468,1
0.011668,0.027105,0.0047116,0.015053,1
0.00012486,0.0053291,0.0027751,0.0077181,1
0.040242,0.012275,0.0023447,0.045165,1
0.0078963,0.0072978,0.00088795,0.005886,1
0.00017696,0.0085884,0.001271,0.0027133,1
0.0012333,0.0052532,0.0043535,0.00036565,1
0.015503,0.0048844,0.0036795,0.0034086,1
0.0013092,0.012505,1.39E-05,0.003482,1
0.0087704,0.0051784,9.17E-05,0.00039657,1
5.55E-05,0.075293,0.0076151,0.00079075,1
4.79E-05,0.064358,2.82E-07,0.018319,1
0.00054815,0.00064358,0.0016787,0.0023111,1
0.015503,0.00081076,0.0066279,0.00090957,1
0.001767,0.018258,0.001812,0.0047164,1
0.00014978,0.011597,0.0015926,3.54E-05,1
0.042186,0.00049553,0.00020641,0.041404,1
0.0010884,6.03E-05,0.0030624,0.00044519,1
0.0073391,0.024608,1.39E-05,0.031831,1
0.0091735,0.0048852,0.00019141,0.0089531,1
0.00028993,0.014802,3.43E-05,0.013322,1
0.0057898,0.0066073,1.39E-05,0.0019321,1
0.029356,0.0028987,0.00012484,0.024614,1
0.0049333,0.0084927,8.18E-05,0.0018372,1
0.0025018,0.003989,0.011667,0.0040459,1
1.81E-05,0.01345,0.0028883,0.00071636,1
0.0049333,0.0084939,0.00059921,0.0024737,1
0.0026094,0.00047287,0.0011597,0.0013762,1
0.00079532,0.0067764,0.0011963,0.0083296,1
0.026512,0.0039249,0.0056292,0.0032736,1
0.073932,0.036891,0.010221,0.0035706,1
0.0034259,0.025428,0.0013481,0.0027403,1
0.03009,0.0091732,0.00012487,0.013208,1
0.055565,0.0025739,0.0044241,0.011246,1
0.072492,0.0026266,0.011783,0.0014463,1
0.0091735,0.04572,4.78E-05,0.023037,1
0.0066279,0.0012036,0.0099012,0.00057885,1
0.036491,0.011155,0.010437,0.013827,1
0.080737,0.0069481,0.00013705,0.013434,1
0.0099009,0.023324,0.0034261,0.002,1
0.050901,0.0085889,0.0001498,0.014912,1
0.0001914,0.0055582,0.00025483,0.00011929,1
0.00034684,0.0051785,0.0019978,0.0018546,1
0.051382,0.044401,0.005953,0.013853,1
0.0023446,0.033591,0.00012484,6.57E-06,1
0.00014978,0.00051892,9.17E-05,0.00019248,1
0.014461,6.87E-05,0.013456,0.00075849,1
0.001348,0.028312,0.009072,0.0081677,1
0.002775,0.038094,0.0016355,9.99E-05,1
0.0058711,0.00011821,7.25E-05,0.0032444,1
0.029722,0.00024122,0.018267,0.021557,1
0.0094819,0.0012764,0.0013481,0.00062036,1
0.026685,0.00022551,0.010329,0.02112,1
0.0013873,0.11013,0.0060354,0.0075149,1
0.00043065,0.059968,0.0019978,5.12E-05,1
0.015636,0.07586,0.0075226,0.013649,1
0.0001914,3.86E-05,0.00027209,3.75E-05,1
0.032155,0.0085881,0.015371,0.047811,1
0.026339,0.0040546,0.00059916,0.022146,1
0.023648,0.032833,0.0028312,0.00010324,1
0.021412,0.030987,0.00036699,0.0026383,1
0.0066279,0.013813,0.0013093,0.0016422,1
0.0089708,0.0023182,0.0007656,0.0083245,1
0.0061182,0.11395,0.00032738,0.0060527,1
0.0017226,0.001507,0.022836,0.0049652,1
0.022836,0.03359,0.0037444,0.0037792,1
0.021102,0.0060318,0.0018578,0.00016509,1
0.011899,0.0061138,0.0048583,0.007771,1
0.0033025,0.014554,0.002888,0.0042268,1
0.00076561,0.0013887,0.0091741,0.00040457,1
0.010007,0.0074735,0.016174,0.005658,1
0.0047849,0.0081182,0.019434,7.85E-05,1
0.034684,0.016224,0.029355,0.014391,1
0.00014978,0.048637,0.0030627,0.001351,1
0.064421,2.18E-05,0.045077,0.0050399,1
0.016582,0.030977,1.02E-05,0.0073281,1
0.019733,0.0010651,0.0025548,0.0023345,1
0.0084739,0.018395,0.00062527,0.0046984,1
0.0011963,0.00012922,0.0012706,0.00013944,1
0.010221,0.00072576,0.00088762,0.0020482,1
0.0032416,0.00013015,0.0017222,0.00038312,1
0.0010884,0.0035428,0.018848,0.00048418,1
0.0013874,0.026253,0.013211,0.0085624,1
0.00023813,0.036109,0.01658,0.0014407,1
0.099228,0.0069459,0.028992,0.0054165,1
0.023321,0.00022583,0.001124,0.0083134,1
0.088158,0.011042,4.51E-06,0.044179,1
0.007802,0.0004072,0.0050844,0.0011262,1
0.045756,0.017296,0.0081832,0.04445,1
0.0019038,0.0032423,0.013455,0.011828,1
0.16918,0.023171,0.029356,0.089838,1
0.0058711,0.016355,0.048997,0.010735,1
0.062544,0.0045983,0.0038102,0.011092,1
0.16225,0.012388,0.063883,0.078724,1
0.02464,0.018678,0.0095863,0.0089315,1
0.027209,0.0018459,0.025143,0.037657,1
0.31335,0.26377,0.015108,0.08334,1
0.0092758,0.022852,0.012725,0.018692,1
0.022198,0.099081,0.0088705,0.026096,1
0.038761,0.029016,0.040671,0.0058736,1
0.10024,0.033968,0.0077086,0.12219,1
0.11889,0.098761,0.035282,0.05931,1
0.054815,0.0018467,0.025652,0.0033465,1
0.086585,0.070262,0.030646,0.015754,1
0.032923,0.0080228,0.00017699,9.53E-05,1
0.11381,0.019978,0.038136,0.085622,1
0.084407,0.24394,0.035481,0.23348,1
0.0025553,0.12688,0.0012711,0.009697,1
0.27862,0.075858,0.037515,0.050571,1
0.017274,0.053077,0.0016354,0.0069424,1
0.00073643,0.022541,0.00012488,0.0017875,1
0.1705,0.32491,0.0048589,0.032796,1
0.025652,7.75E-05,0.0036796,0.00088383,1
0.0019038,0.087087,0.001812,0.019974,1
0.04806,6.86E-05,6.37E-05,0.0038328,1
0.016445,2.78E-07,0.010329,0.021929,1
0.0011962,0.0036068,0.00020641,0.0022652,1
0.0087704,0.015184,0.0012709,0.00059366,1
0.00049945,0.003012,0.032155,0.014108,1
0.14759,0.17804,2.55E-06,0.039156,1
0.0031813,0.01072,0.0022935,2.94E-05,1
0.011783,0.0031842,1.02E-05,0.0076313,1
0.018847,0.0299,0.0088702,0.014542,1
0.017696,0.02162,0.0068901,0.00045219,1
0.037514,0.016751,0.00010225,0.0045936,1
0.0079912,0.00054288,0.03772,0.017827,1
0.0003273,0.020864,0.005392,0.0044297,1
0.0040095,0.0011673,0.00028997,0.0018454,1
0.011783,0.1074,0.075386,0.021384,1
0.45236,0.087693,0.017273,0.0071281,1
0.028632,0.018539,0.00054809,0.0065096,1
0.073932,0.046384,0.12408,0.042554,1
0.23138,0.024283,0.062812,0.026595,1
0.021257,0.064097,0.029175,0.09389,1
0.046671,0.042032,0.20121,0.16622,1
0.046212,0.029188,0.012015,0.076198,1
0.062013,0.00059253,0.0029455,0.037872,1
0.17715,0.012622,0.011213,0.17938,1
0.01459,0.28491,0.037515,0.063888,1
0.063345,0.076432,0.011439,0.026312,1
0.013954,0.029541,0.0040768,0.017669,1
0.065779,0.04246,0.10193,0.050851,1
0.1211,0.13895,0.11561,0.041961,1
0.0053142,0.16016,0.029357,0.044864,1
0.065779,0.042458,0.32355,0.14398,1
0.13676,0.0097786,0.021257,0.034107,1
0.11202,0.017566,0.0083763,0.0038421,1
0.39024,8.68E-05,0.066875,0.08807,1
0.010329,0.1291,0.037927,0.134,1
0.0099009,0.093934,0.042405,0.00093729,1
0.13993,0.04462,0.0048588,0.14116,1
0.010221,0.0017154,0.021568,0.0013401,1
0.025143,0.059465,0.011439,0.057643,1
0.017555,0.0051042,0.00049947,0.02007,1
0.0079912,0.022233,0.0045665,0.0098514,1
0.0051601,6.71E-06,0.00085645,0.0017178,1
0.0062018,0.0017151,0.00098565,0.0054436,1
0.0091736,0.0021715,0.0031814,0.0043402,1
0.00059911,0.024284,0.0064558,0.012065,1
0.00027209,0.0014287,0.024473,0.011408,1
0.064421,0.080495,0.014206,0.11716,1
6.37E-05,0.026595,0.014206,0.0074013,1
0.00022198,0.058708,0.05708,0.09636,1
0.049234,0.00061779,0.0055492,0.040392,1
0.0019038,0.0089759,0.013954,0.0057718,1
0.00011325,0.0008706,0.0029458,0.0025503,1
0.0033025,0.0055579,0.011439,0.0026348,1
0.0007656,0.069445,0.00085643,0.0019395,1
0.0027192,0.20475,0.048294,0.028681,1
0.0048589,0.002076,2.84E-07,0.0013769,1
0.00017695,0.0019357,0.011783,0.0012721,1
0.089108,0.0024704,0.00016307,0.012329,1
0.027385,0.0050306,0.00034683,5.88E-05,1
0.022516,0.026765,0.0032416,2.12E-06,1
0.13597,0.06647,0.000599,0.069853,1
0.035081,0.033781,0.00381,0.0078951,1
0.088474,0.0030682,0.005237,0.092839,1
0.00016309,0.15768,0.0033024,0.0061788,1
0.0018576,0.046387,0.0050083,0.044468,1
0.084098,0.042036,0.016037,0.040315,1
0.023322,0.047504,0.0014679,0.0094943,1
0.001767,0.0083972,0.0030624,0.0010618,1
0.027561,0.0048127,0.00088792,0.0053638,1
0.0051601,0.078741,0.029539,0.0015858,1
0.20892,0.13972,0.00095255,0.017566,1
0.11816,0.013691,0.011899,0.01444,1
0.074803,0.00069734,0.0062016,0.081132,1
0.0011238,0.024282,0.0066275,0.0088979,1
0.015503,0.00051873,2.83E-05,0.0028986,1
0.076265,0.053559,0.040455,0.024953,1
0.012845,0.050023,0.0045667,0.036333,1
0.011325,0.014057,0.0013093,0.014491,1
0.00023812,0.0029551,0.005629,0.0024516,1
0.013579,0.13818,0.0040771,0.00011652,1
0.0003273,0.083757,0.0092757,0.055729,1
0.0048589,0.0052529,0.0023447,0.010821,1
0.0025553,0.00011807,0.00028999,0.0029246,1
0.016995,0.0083983,1.14E-06,0.010597,1
0.017696,0.0065225,0.013456,0.023378,1
0.0015926,0.018681,0.0049334,0.02401,1
0.00054815,0.00072483,0.00014977,0.00037181,1
0.006979,0.0019369,0.0085723,0.00020501,1
1.81E-05,0.019253,0.0031217,0.00070307,1
0.00054815,0.022698,2.83E-05,0.015784,1
0.0013092,0.0020751,0.00032736,0.0002559,1
0.0059529,9.67E-06,0.0019504,2.88E-05,1
0.00047594,0.0023181,0.00079529,0.0011304,1
0.022357,0.0065234,0.015239,0.015485,1
0.0013874,0.018823,0.00040883,0.01166,1
4.08E-05,0.0098803,9.17E-05,0.0012863,1
0.00012486,0.0014675,0.00032727,0.00014809,1
0.001767,0.023169,0.0010192,0.0010384,1
0.0062018,0.0148,0.00010217,0.014094,1
0.00014978,0.023965,1.39E-05,0.0042434,1
0.0019978,0.0016301,0.00091978,0.0017201,1
0.00028993,0.0048852,0.0022427,0.0015561,1
0.0020941,0.00015441,0.0024488,0.00087601,1
0.015371,0.0012765,4.54E-06,0.0097701,1
0.00022198,0.0083975,0.0023964,0.0028789,1
0.0111,0.00045069,0.0032415,0.0075746,1
0.034882,0.017703,0.0001022,0.030521,1
0.005629,0.0058714,0.00017694,0.0046598,1
0.023484,0.025426,0.0013092,0.0063824,1
0.045528,0.00061734,0.0028884,0.0052518,1
0.063345,0.0023682,0.023159,0.02347,1
8.18E-05,1.08E-06,0.0027749,0.00035334,1
0.0061182,0.03135,0.0013093,0.00056208,1
0.031208,0.033022,0.0062859,0.012183,1
0.039604,0.031534,0.00034685,0.012808,1
0.0071579,0.022697,0.0037445,0.00777,1
0.065234,0.017981,0.0037443,0.014317,1
0.074222,0.0047411,0.003426,0.00021423,1
0.0051601,0.020418,0.0039423,0.0011924,1
0.0062859,0.043101,4.79E-05,0.010363,1
0.094918,0.0041879,0.0048588,0.015739,1
0.0057091,0.074159,0.0019038,0.0054026,1
0.012368,0.054036,0.0029458,0.0071008,1
0.020947,0.0054046,0.00085649,0.019555,1
6.37E-05,0.038298,0.001271,0.0052971,1
0.0337,0.021466,0.00032728,0.012909,1
0.0030624,0.012972,0.0018578,0.0055667,1
0.0019505,0.02301,0.0050082,0.00040977,1
0.0072482,0.00059217,0.0048588,0.0022754,1
0.0088703,0.058454,0.0092759,0.044723,1
0.025823,0.0024709,0.00073653,0.027618,1
0.014978,0.00049532,4.54E-06,3.29E-05,1
0.015769,0.0063576,3.43E-05,0.00017046,1
0.0071579,0.0001182,0.00016309,0.002196,1
0.010546,0.016221,0.00079531,0.0026916,1
0.023321,0.0036692,0.00043065,0.00097072,1
0.010221,0.02177,0.00057341,0.0038643,1
0.0013874,0.013091,0.010877,0.0044971,1
0.0011962,0.017981,0.0016787,0.0026933,1
0.0052368,0.084656,0.0033026,0.070328,1
0.070501,0.010087,0.00017698,0.0066268,1
0.0054704,0.034163,0.0015503,0.017464,1
0.005629,0.069719,0.0046387,0.015481,1
0.019287,0.00014165,0.00057342,0.00043133,1
0.0029457,0.057461,0.0010192,0.0096682,1
0.010988,0.077005,0.00043066,0.00062324,1
0.0042835,0.016353,0.0044239,0.0011125,1
0.069937,0.0034842,0.014589,0.027083,1
2.55E-06,0.0025745,0.0015504,0.0037152,1
0.0061183,0.041397,0.0001498,0.029889,1
0.023976,0.00084046,0.010114,0.010594,1
0.032538,0.0017152,0.00049948,0.028059,1
0.002664,0.015182,0.0020455,0.0033185,1
0.0111,0.01309,0.022357,0.033187,1
0.029174,0.11047,0.015769,0.057961,1
0.22528,0.0005192,0.00079542,0.051177,1
0.014334,0.012507,0.016309,0.0296,1
6.37E-05,0.060222,0.0018577,0.0059195,1
0.089426,0.071367,0.029175,0.094795,1
0.00095246,0.039524,0.00010221,0.016394,1
0.00049945,0.049331,0.0078019,0.011396,1
0.032346,0.0012029,0.011213,0.04369,1
0.0061182,0.006274,0.12036,0.036897,1
0.089108,0.0010634,0.00014974,0.00093596,1
0.015371,0.11889,0.045301,0.038112,1
0.29515,0.0018916,2.82E-07,0.02512,1
0.027385,0.068357,0.016582,0.076236,1
0.0015088,0.042458,0.0017226,0.020751,1
0.11166,0.35633,0.00017696,0.0048258,1
0.13676,0.12835,0.0013092,0.12033,1
0.028452,0.094258,0.0027191,0.015667,1
0.0999,0.0361,0.027209,0.020436,1
0.0037444,0.00019541,0.045756,0.036614,1
0.0057898,0.06227,0.051624,0.006286,1
0.010114,0.037893,0.0008256,0.029871,1
0.0023965,0.0070342,0.033117,0.005442,1
0.0099009,0.035905,0.0010193,0.025074,1
0.026512,0.006691,0.0082792,0.008169,1
0.00043065,0.14997,0.033117,0.16721,1
0.067981,0.15604,0.0026639,0.15056,1
0.00085648,0.10337,0.0022934,0.084326,1
0.010766,0.04594,0.00098558,0.041796,1
0.031208,6.04E-05,0.0021925,0.0061007,1
0.0067148,0.020417,0.012606,0.012705,1
0.037308,0.0028433,0.0023447,0.0031156,1
0.0073391,0.026427,0.0073391,0.0047219,1
0.0054704,0.054761,0.0033639,0.0011609,1
0.00079531,0.087695,0.017134,0.025697,1
0.0038758,0.23532,0.014978,0.13612,1
0.015903,0.0071217,0.0017226,0.0042868,1
0.010877,0.022234,0.0025554,0.028053,1
0.00014978,0.0086841,0.00038763,0.0026983,1
0.0068903,8.69E-05,0.0013874,0.00036445,1
0.0026094,0.013328,7.25E-05,0.014474,1
7.25E-05,0.017567,0.010221,0.0034344,1
0.00049945,0.013812,0.00027208,0.0015395,1
0.016857,0.029543,0.0046389,0.0057795,1
0.0078963,0.097464,0.00049939,0.014424,1
0.00022198,0.44603,0.015904,0.046783,1
0.045528,0.0073852,0.0040773,5.32E-09,1
0.0052368,0.11996,0.0013874,6.99E-06,1
0.0055494,0.050256,2.83E-05,0.02963,1
0.010877,0.026259,0.00036696,0.020786,1
0.0034885,0.017565,1.39E-05,0.01902,1
0.043953,0.054277,0.0032416,0.025519,1
0.0018576,0.019831,1.02E-05,0.017391,1
0.035682,0.040977,0.00040882,0.0021518,1
0.0041454,0.017021,0.0052369,0.0058942,1
0.0025018,0.0050305,0.0039424,0.0035197,1
0.0036154,0.065143,0.0019979,0.0076509,1
0.09199,0.0055578,0.0074305,0.016792,1
0.053576,0.1932,0.010221,0.0089374,1
0.0055494,0.0027885,0.00067982,0.00733,1
0.011899,0.033781,0.00022194,0.028533,1
0.017838,0.36129,0.0064558,0.00071595,1
0.020488,0.039115,0.0081829,0.0062771,1
0.048998,0.0071221,2.82E-07,0.0087069,1
0.0030624,0.12105,0.0086706,0.00049573,1
0.018556,0.0024701,0.00052353,0.01581,1
0.017555,0.12872,0.011439,0.0021178,1
0.013829,0.040558,0.0070684,0.016201,1
0.05708,0.014179,0.00052353,0.025881,1
0.042405,0.046831,0.01914,0.096144,1
0.10639,0.00042866,0.00019143,0.071267,1
0.18393,0.20241,0.073355,0.00027285,1
0.0070682,0.00038728,0.006035,0.00077616,1
0.0057091,0.047959,0.014461,0.045879,1
0.31633,0.0024702,0.0059529,0.097923,1
0.062279,6.66E-06,0.040884,9.94E-08,1
0.040455,0.029012,0.010007,0.0028567,1
0.11561,0.0045994,0.016308,0.0007527,1
0.097227,0.23282,0.042187,0.15879,1
0.11489,0.17026,0.0053921,0.034611,1
0.25715,0.1448,0.0091735,0.051733,1
0.0064557,9.64E-06,0.05284,0.029698,1
0.15171,0.003484,0.013704,0.01876,1
4.08E-05,0.019684,0.0054703,0.0070541,1
0.16613,0.0077455,0.0013093,0.14464,1
0.04175,0.20616,0.06281,0.0021547,1
0.0085722,0.024608,0.035481,8.38E-05,1
0.077742,0.00025779,0.010656,0.011899,1
0.096565,0.13436,0.0094818,0.21334,1
0.0055494,0.00386,0.03649,0.0027077,1
1.81E-05,0.007746,0.023976,0.0081732,1
0.0010193,0.00021002,0.0031812,0.0013468,1
0.036491,0.001508,0.0028315,0.036067,1
0.012368,0.081671,0.019584,0.0054409,1
0.0026094,0.005792,0.0066279,0.00082287,1
0.073932,0.0043241,0.00057325,0.023499,1
0.00091989,0.0002099,0.0016356,3.96E-07,1
0.0070682,0.0018019,0.01914,0.00040236,1
1.81E-05,0.00025754,0.00067982,5.03E-05,1
0.00025482,0.067546,0.0014678,0.0076608,1
0.030833,0.074437,0.0092762,0.0028769,1
0.0014678,0.058955,0.0068906,5.22E-05,1
7.08E-06,0.14678,0.013088,0.11534,1
0.019435,0.010721,0.012249,0.025609,1
0.005084,0.061243,0.0038099,0.0663,1
0.040885,0.00016759,0.00095251,0.0024611,1
0.0064557,0.00014181,0.032923,0.01634,1
0.080435,0.016221,0.039392,0.040106,1
0.08104,0.010298,0.00011329,0.0308,1
0.012605,0.36629,0.03897,0.22309,1
0.0094819,0.00027454,0.0068902,0.0014669,1
0.0038758,0.017294,0.0043534,0.0089009,1
0.028452,0.43572,8.19E-05,0.023221,1
0.04485,0.027106,0.0037445,0.035776,1
0.00040884,0.064351,0.015503,0.037503,1
2.55E-06,0.056717,0.0010536,0.0031978,1
0.030647,0.0050303,0.014718,0.0027529,1
0.071921,0.12285,0.0092755,0.023361,1
0.010221,0.014677,0.0091736,0.014275,1
0.034486,0.18957,0.015904,0.20173,1
0.032923,6.87E-05,0.00016307,0.0091315,1
0.01459,0.01925,0.00047591,0.015732,1
0.00017696,4.53E-05,0.00057331,4.82E-05,1
0.0025553,0.022699,0.0018577,0.00016939,1
0.0031216,0.014929,0.0094817,0.0077592,1
0.023976,0.0011326,0.0027191,0.0078424,1
0.0006798,0.030803,0.015903,0.033243,1
0.017838,0.0015076,0.00067981,0.00037582,1
0.091025,0.010937,0.0043534,0.0070524,1
0.03273,0.072199,0.0025552,0.011089,1
0.034092,0.13588,2.54E-06,0.0023338,1
0.007802,0.062013,0.005629,0.015173,1
0.018267,0.1047,0.0018122,0.031662,1
0.0025018,0.0048132,0.0010883,0.0033835,1
0.040242,0.00093286,0.00012485,0.011503,1
0.015239,0.00027446,0.00082562,0.0042511,1
0.00016309,0.024935,7.25E-05,0.00096644,1
0.04947,0.0065235,0.0026093,0.0056964,1
0.028452,0.0056351,4.78E-05,0.031098,1
0.025652,0.12394,0.0088704,0.00061169,1
0.010007,0.008209,0.001271,0.0014133,1
0.0040095,0.014677,0.0095857,0.019017,1
0.086272,0.077579,0.0017227,0.060029,1
0.011899,0.015439,6.37E-05,0.0040793,1
0.015636,0.088613,0.0084744,0.0050942,1
0.00095247,0.059715,0.00023809,0.0012506,1
0.00088791,0.0051793,0.0013479,0.0020165,1
0.006979,0.0080222,0.0065415,0.0063203,1
0.01798,0.03008,0.0097953,0.027219,1
0.0031813,0.015182,0.00067984,0.013919,1
0.034289,0.063049,0.015503,2.61E-07,1
0.026166,0.016352,0.0045667,0.014276,1
0.028452,0.003362,0.0030624,0.028,1
2.83E-05,0.037893,0.0022934,0.0040583,1
0.0082791,0.049557,0.0081829,0.033064,1
0.01798,0.042671,0.00049942,0.013955,1
0.0046389,0.0048853,0.001348,0.0032142,1
0.0008879,0.029014,0.00028989,0.010714,1
0.021102,0.049331,0.01798,0.011134,1
0.012605,0.023169,0.0040094,0.0044339,1
0.0062859,0.003362,0.0074306,0.0078088,1
0.00098559,0.0078378,0.0011237,0.00088526,1
0.071921,0.073034,0.0019506,0.0027615,1
0.0026094,0.0092728,0.00012487,0.0013128,1
0.0084739,0.014802,0.00062548,0.018748,1
0.027738,0.022079,0.010437,0.040651,1
0.0010535,0.11464,0.022836,0.048828,1
0.048998,0.0012395,0.0023964,0.0055209,1
0.0015088,0.033209,0.0001498,0.029514,1
0.00088791,0.19962,0.0039424,0.051178,1
0.13324,0.0057914,0.0094821,0.10653,1
0.075679,0.076434,0.012132,0.16116,1
0.016719,0.13171,0.00025487,0.024144,1
0.0093786,0.017704,0.0019978,0.012985,1
0.073643,0.12393,0.0076157,0.0045487,1
0.0079912,0.064093,0.0078021,0.044227,1
0.00054815,0.054036,0.016309,0.066847,1
0.0013874,0.039112,0.0097954,0.016659,1
0.025482,0.00049582,0.0052367,0.00062958,1
0.016995,0.023009,0.0010536,0.031227,1
0.11381,0.067278,0.016038,0.082751,1
0.21234,0.25795,0.041533,0.046067,1
0.26805,0.012047,0.00038761,0.01588,1
0.023484,0.03769,0.0010192,0.0025979,1
1.02E-05,0.14401,0.010656,0.005124,1
0.0079912,2.41E-06,7.08E-06,0.00087868,1
0.015769,0.0075665,0.0027194,0.0078565,1
0.032538,0.10336,0.01459,0.087205,1
0.021882,0.083458,0.0051602,0.045978,1
0.007802,0.035513,0.0027749,0.0061947,1
0.030461,0.00042907,0.0018119,0.019111,1
0.0039424,0.027965,0.0069788,0.026277,1
0.047595,0.00075306,4.08E-05,0.025372,1
2.29E-05,0.026595,0.0036154,2.46E-07,1
0.019287,0.055244,7.25E-05,0.0091085,1
0.00038761,0.0010974,0.0010882,0.0016974,1
1.02E-05,0.0099833,0.0058709,1.94E-05,1
0.0015926,0.002268,0.0025016,0.0022316,1
0.0018576,0.0075653,0.00016308,1.91E-05,1
0.0084739,0.0034845,0.00059923,0.001069,1
0.0040771,0.004323,6.37E-05,3.08E-05,1
0.0010193,0.0045291,8.19E-05,0.00051629,1
0.0014273,3.86E-05,0.00062548,2.86E-05,1
0.00022198,0.0012765,0.0079914,9.42E-05,1
0.00085648,0.00064382,0.0007365,0.00030262,1
0.0065415,0.052605,0.00019134,0.016493,1
0.027738,0.037491,9.17E-05,0.00054182,1
0.0029457,0.03008,0.0038099,0.023061,1
0.030647,1.71E-05,0.00028988,0.015304,1
0.00040884,0.0023688,0.0042834,0.0034436,1
0.022516,0.011932,0.0038101,0.028023,1
0.00040885,0.048416,0.00052356,9.07E-05,1
2.83E-05,0.0078366,0.00070792,0.0079873,1
2.29E-05,0.015697,0.00073647,0.0018836,1
0.011668,0.010614,0.0027191,6.69E-06,1
0.011439,0.064884,0.00076553,0.014042,1
1.13E-06,0.00081122,0.0026095,0.00053835,1
0.00030833,0.029545,0.00082565,0.020598,1
0.039392,0.00888,0.00019134,0.020071,1
0.0048588,0.0012026,0.0011964,0.003297,1
0.0010884,0.0093727,0.0036154,0.0013713,1
0.00010221,0.00040759,0.00012488,0.00042504,1
0.012846,0.077869,0.00014979,0.0028709,1
8.18E-05,2.17E-05,0.0021926,0.0015801,1
0.00040885,0.017427,2.83E-05,0.0018738,1
0.00022198,0.005871,0.0038098,0.0015828,1
0.00057335,0.05284,0.0048588,0.0042491,1
0.0023965,0.0016722,0.0014271,0.00068374,1
0.0023446,0.011045,0.0031813,0.0031282,1
0.0049333,3.24E-05,0.003426,0.0010374,1
0.0058711,0.021164,0.00073642,0.016875,1
0.0037444,0.0045298,0.0015088,0.0080953,1
0.00065233,0.0095732,0.00057326,0.0013326,1
0.0020456,0.01826,0.00010219,0.0012846,1
4.08E-05,0.0054801,0.0088707,0.0096953,1
0.04067,0.043316,0.0011597,0.065333,1
0.0041454,2.17E-05,4.53E-06,1.06E-07,1
0.00025482,0.029544,0.00023813,0.0014077,1
0.00098559,0.03044,0.010547,3.14E-07,1
0.017414,0.00029217,7.09E-06,0.0029224,1
0.049707,0.089855,6.37E-05,0.001426,1
0.010877,0.082862,4.78E-05,0.0027923,1
0.0045667,0.0066911,0.0007656,8.54E-09,1
0.0077083,0.010508,0.0060354,0.0054836,1
0.016038,0.061238,0.024142,0.013024,1
0.062278,0.043533,0.0068903,0.064778,1
4.79E-05,0.00022548,0.0091737,0.00091242,1
7.25E-05,0.0039248,0.0030625,8.33E-05,1
0.00022198,0.090481,0.0069788,0.0057837,1
0.1727,0.00084047,0.0082791,0.01957,1
0.046901,0.0050312,0.00011324,0.0026398,1
0.00070784,0.28491,0.0055495,0.076747,1
0.040455,0.012161,9.98E-13,0.017876,1
0.00014978,0.046385,0.00067982,0.025396,1
0.00012486,0.0061126,0.0027194,0.00031477,1
0.0034259,0.0061113,0.0024488,0.0069307,1
0.028632,0.00029213,0.00019145,0.018951,1
0.0083762,0.17197,0.0019504,0.13488,1
0.0075226,0.4108,0.0089708,0.070598,1
0.085648,0.0049577,0.0020457,0.024574,1
0.011899,0.18288,0.019883,0.0042854,1
0.083175,0.1037,0.0021926,0.024567,1
0.09199,0.0036074,0.004214,0.011547,1
0.00022198,0.077873,0.0042837,0.015652,1
0.0052368,0.0072085,0.0018121,0.0040206,1
0.023812,0.0055589,0.00027214,0.0035225,1
0.027738,0.02027,3.43E-05,0.00036603,1
0.0016354,0.10876,0.0013479,0.082435,1
0.0053142,0.10538,0.034288,0.060622,1
0.011439,0.0012753,4.78E-05,1.98E-05,1
0.0030037,2.38E-06,0.049472,0.024231,1
0.010221,0.013935,2.55E-06,0.012123,1
0.00045302,0.01321,0.0095857,0.016833,1
0.018993,0.0054048,1.13E-06,0.0003915,1
0.0087704,3.86E-05,0.00070786,1.81E-06,1
0.00059911,0.0060312,0.0050083,0.0055448,1
0.028452,0.083158,0.0036796,0.0064677,1
0.002664,0.0051776,0.0021429,0.0060254,1
5.55E-05,0.032647,0.064421,0.014169,1
0.002664,0.12321,5.55E-05,0.0093726,1
0.006979,0.0001417,0.024141,0.017165,1
0.0091735,0.027277,0.0031812,0.0022881,1
0.0064557,0.11394,0.0073392,0.0020305,1
0.0059529,0.042461,0.0045664,0.0044067,1
0.011899,0.042885,0.0015505,0.0005676,1
0.0016787,0.01369,0.0097952,0.0021007,1
0.0034885,0.010615,0.0015088,0.0038152,1
0.018411,0.059205,0.00057345,0.021599,1
0.0099009,7.75E-05,0.0058709,0.0014969,1
0.00014978,0.017021,0.00095244,0.011246,1
0.020336,0.033212,0.0057897,0.0031447,1
0.016038,0.066475,0.012015,0.0016592,1
0.0031813,0.10537,0.00016306,0.0039464,1
0.015371,0.011265,0.014207,7.65E-05,1
0.013954,0.01854,0.0038098,0.027333,1
1.13E-06,0.024446,0.00049945,0.012205,1
0.002143,0.024285,1.81E-05,0.00034111,1
0.021102,0.0013512,0.00028993,0.0038929,1
0.0030624,0.024448,0.0012334,8.10E-05,1
0.00088791,0.026259,0.0038759,0.0013287,1
0.026685,0.057956,0.00016308,0.0060281,1
0.024307,0.066207,4.90E-15,0.0058347,1
0.024975,0.048413,0.00095252,0.046179,1
0.0077083,0.024608,0.00088792,0.0071093,1
0.00054814,0.046611,0.00088799,0.021668,1
0.00079532,0.0040553,0.0060354,0.00014353,1
0.00043065,0.0093731,1.81E-05,0.0090193,1
0.028094,0.0045994,0.0038098,0.00075742,1
0.032155,0.0016304,0.0065414,0.018402,1
0.035481,0.0094734,0.0039423,0.00021147,1
0.032538,0.28657,0.022998,0.012684,1
0.0052368,0.11535,0.030833,0.0051592,1
0.0033025,0.0099832,0.00030837,0.0038348,1
0.0010535,0.09048,0.049707,0.031877,1
0.010877,0.22098,0.056573,0.11579,1
0.044624,0.18023,0.0015926,0.07762,1
0.0025018,0.0022203,0.011213,0.010945,1
3.43E-05,7.74E-05,0.00047596,0.00024216,1
0.016038,0.019251,4.08E-05,0.012418,1
0.02464,0.04353,0.0002899,0.032498,1
0.090064,0.1355,0.0021924,0.050425,1
0.00013704,0.0057918,0.0030037,0.0075932,1
0.0099009,0.0051048,0.0099008,0.0026665,1
0.013332,0.00096511,0.01798,0.0012154,1
0.0036796,0.48921,0.043287,0.044511,1
0.040028,0.1214,0.014978,0.074556,1
0.0036153,0.033969,0.032923,0.022557,1
0.10884,2.71E-07,2.55E-06,0.023936,1
0.031585,0.065411,0.0023964,0.0011969,1
0.067703,6.02E-05,0.0065413,0.016428,1
0.064692,0.0027885,2.83E-05,0.0025814,1
0.0054704,0.023168,0.0018576,0.0015288,1
0.025652,0.010192,0.021257,0.017205,1
0.0061183,0.0033623,0.012015,0.00045326,1
0.15673,0.25063,0.0018121,0.013489,1
0.019883,0.029543,0.00030831,0.017815,1
0.04175,0.10171,0.0048589,0.00147,1
0.051382,0.0016727,0.013579,0.03058,1
0.0034259,0.050487,0.0027193,0.014477,1
0.0071579,0.062012,0.0021925,0.0025418,1
0.0060353,0.013329,0.00095247,0.01524,1
0.010877,0.031168,0.0043535,0.0057553,1
0.00067981,0.022234,0.0018578,0.006215,1
0.00073642,0.030804,0.0019977,0.01674,1
0.13558,0.010403,0.00098555,0.055231,1
0.026859,0.0010977,0.0011238,0.011315,1
0.12786,0.069714,0.00065227,0.013181,1
0.0047116,0.028662,0.0024489,9.23E-09,1
0.024307,0.025924,2.55E-06,0.01891,1
0.027561,0.0028994,2.83E-05,0.0020455,1
0.010329,0.019829,0.0066282,0.012731,1
0.037308,0.018966,0.0055493,0.011638,1
0.00062545,0.0010639,2.55E-06,0.0015678,1
0.0091735,0.0066908,0.00088786,0.0048119,1
0.024307,0.00032824,0.00045305,0.00087537,1
0.0010884,0.012972,0.004639,0.008326,1
0.0028883,0.079615,0.00091985,0.0018749,1
0.00013704,0.014056,0.00025482,0.0027068,1
0.036898,0.025593,0.0012333,0.022564,1
0.0028314,0.0015885,0.020794,0.0045084,1
0.0094819,0.012856,0.034882,0.0033665,1
0.027738,0.10204,0.0051601,0.12432,1
0.0010884,0.27886,2.54E-06,0.01317,1
0.041968,0.024608,0.00020641,0.041416,1
0.053085,0.023011,0.018847,0.036565,1
0.11166,0.047059,0.0019036,0.1547,1
0.13131,0.097783,0.0042835,0.039305,1
0.0057091,0.073878,0.0011597,0.047943,1
0.00027209,0.068354,2.83E-05,0.028573,1
0.017838,0.0083023,0.016995,0.00077106,1
0.00023812,0.023012,8.18E-05,0.002177,1
0.013829,0.11116,0.0070684,0.11232,1
0.010546,0.19594,0.0027192,0.049591,1
0.081951,0.087083,0.0048587,0.0095381,1
0.0055495,0.11676,0.0025551,0.06036,1
0.016995,0.06383,0.0010536,0.037069,1
0.038552,0.093619,0.008279,0.059816,1
0.0015505,0.0089755,0.0068021,0.009218,1
0.0018121,0.089548,0.0038098,0.017484,1
0.020794,0.021012,0.0008257,6.67E-05,1
0.0025553,0.0018465,0.02064,0.0064402,1
0.01914,0.0024705,0.0041452,0.0011618,1
0.00052351,0.044181,0.0002899,0.00056322,1
0.0031813,0.056718,0.0083764,0.017403,1
0.0020941,0.0044603,0.017838,0.0068309,1
0.049945,0.0036068,6.37E-05,0.041097,1
0.00073644,0.007385,0.00043071,0.0060468,1
0.0038099,0.11394,0.0085722,0.00095803,1
0.00049945,0.0083972,0.0041454,0.0037933,1
0.0001914,0.042245,0.0087703,6.59E-05,1
0.010877,0.0019825,0.00016309,0.00039288,1
0.0015926,0.0008106,2.82E-07,7.70E-05,1
0.00062545,0.014303,0.00082558,0.0021727,1
0.0040771,0.0091735,0.0013874,0.0043217,1
0.00057334,0.027791,0.0034259,0.024908,1
0.01225,0.0018915,9.17E-05,0.0078883,1
0.0089708,0.0096757,0.00012485,0.0085736,1
0.002664,0.0051788,9.17E-05,0.0033076,1
0.00012486,0.0020291,2.55E-06,0.00086246,1
0.00085647,0.0049569,0.0017225,0.0017539,1
0.0019505,0.00038701,8.18E-05,0.0014207,1
0.007802,0.010192,0.001767,0.0012712,1
1.81E-05,0.00064337,9.18E-05,0.00044833,1
0.0083762,0.052603,0.0075225,9.81E-07,1
9.17E-05,0.020271,0.00032729,0.02065,1
0.00012486,0.015957,0.0001022,0.0013275,1
0.0026094,0.011596,0.00016307,0.010939,1
0.0053141,0.0069477,0.00062545,0.007815,1
0.00012487,0.0034238,6.37E-05,0.0014152,1
0.0001914,0.0078372,5.55E-05,0.0078991,1
0.008671,0.0051043,0.00062545,0.0021295,1
0.010437,0.035516,1.39E-05,0.0028648,1
0.028452,0.0048127,0.019883,0.018702,1
0.0029457,0.012856,5.55E-05,0.013509,1
0.0021926,0.21041,0.0062019,0.05188,1
0.067981,0.00096485,0.00038762,0.0017131,1
0.0039424,0.010298,2.55E-06,0.013648,1
2.83E-07,0.0075663,0.0013875,0.0058304,1
0.0062859,0.040556,0.00010226,0.036703,1
4.08E-05,0.11151,0.0019504,0.038621,1
0.022198,0.032647,0.005392,0.0045649,1
0.0036153,0.2071,0.0022933,0.033933,1
0.0089708,0.10204,0.0029458,0.00012472,1
0.00067981,0.0039888,0.00059918,0.004969,1
0.017696,0.0048849,0.0030624,6.05E-05,1
0.0014678,0.056717,2.55E-06,0.0042751,1
0.086272,0.008022,1.02E-05,0.0069293,1
0.0051601,0.028838,0.0023963,2.59E-05,1
0.0020941,0.03709,0.0094821,0.043521,1
0.0033639,0.021164,0.0074306,0.013912,1
0.0019038,4.53E-05,0.030647,0.00046463,1
0.040885,0.21953,0.0013093,0.0050584,1
0.0037444,0.077582,4.53E-06,0.072813,1
0.02064,0.10006,0.011212,0.026278,1
0.017555,0.021924,0.022039,0.038873,1
0.0015505,0.037695,0.0016353,0.00010873,1
0.0091736,0.0063575,0.00017693,0.0065168,1
0.0047116,0.0057137,7.25E-05,0.0017466,1
0.0066279,0.12761,0.00057329,0.038203,1
0.0002064,0.054278,0.0022934,0.00062831,1
0.010988,0.0031848,0.010547,0.00017996,1
0.016581,0.0016729,0.0042142,0.016507,1
0.0033639,0.061502,0.0050842,0.048344,1
0.02464,0.0098794,0.00095234,0.029005,1
0.065234,0.092043,0.062544,0.0094618,1
0.064692,0.24241,0.013333,0.3187,1
0.03273,0.045718,0.010329,0.0046312,1
0.00034684,0.007208,0.022998,0.0046488,1
0.12333,0.10336,0.027739,0.010424,1
0.09199,0.051418,0.0016788,0.023998,1
0.019883,0.0050289,0.026513,0.016156,1
0.020947,0.0033635,0.033701,0.011935,1
0.072779,0.019977,0.045755,4.29E-05,1
0.13169,0.097789,0.061747,0.093593,1
0.027209,0.11961,0.0036794,0.14305,1
0.050183,0.6725,0.035482,0.2002,1
0.0057091,0.01345,0.0027751,0.0022265,1
0.0050084,0.014178,0.0030623,0.0077761,1
0.034883,0.099091,0.0080861,0.0006097,1
0.05333,0.0032424,0.0063708,0.0056566,1
0.0013092,0.13512,0.017838,0.0070225,1
0.097892,0.0018464,0.014718,0.0068268,1
0.0073392,0.062276,0.0036157,0.0014682,1
0.060172,0.2816,0.0092759,0.11642,1
0.029174,0.24445,0.019288,0.28968,1
0.01408,0.037493,0.0020941,0.026627,1
0.0077083,0.0092724,0.00065238,7.84E-05,1
0.0015926,0.21567,0.006118,1.93E-06,1
0.26476,0.0002412,0.0054705,0.033951,1
0.0012333,0.052603,0.014589,0.014677,1
0.015503,0.020863,0.0019504,0.029674,1
0.015769,0.00056697,0.0010884,0.00081249,1
0.082562,0.01321,0.0002721,0.0036212,1
0.0014273,0.00090168,0.0015504,0.000379,1
0.010437,0.0030117,0.0003273,0.0069358,1
0.0011962,0.0036694,0.0053919,0.00043097,1
0.064692,0.024285,0.010329,0.0045243,1
0.0072482,0.020715,0.00020641,0.014288,1
0.0045667,0.067279,0.0075225,0.038735,1
0.006979,0.060477,0.0016354,0.024849,1
1.86E-05,0.00016162,0.00032945,0.021281,1
4.28E-06,0.02887,0.0043262,0.0031959,1
0.04514,0.00069444,0.00038309,0.00057699,1
0.0033816,0.056423,0.0019326,0.0086079,1
