1.5713,0.059292,0.42772,0.00017556,0.058988,0.0070981,1
0.093025,4.90E-05,0.00087025,0.034133,0.11467,0.23124,0
0.006084,0.23474,0.2505,0.011799,0.18201,0.0028489,1
0.023716,0.028392,0.019881,0.00093025,0.013369,0.036768,0
0.4907,0.20612,0.58752,0.13988,0.000784,0.0063601,0
0.0052563,0.014641,0.003969,0.0050233,0.020022,0.045957,0
0.055932,0.44356,0.28196,0.0027431,1.9849,1.837,1
0.2209,0.042025,0.03258,0.30914,0.24639,0.6245,1
0.078961,0.00024025,0.0052562,0.015129,0.027639,0.10112,1
0.99501,0.026244,0.0099003,0.11323,0.14948,0.32319,1
0.0001,0.001849,0.00018225,0.0049526,0.00021389,0.00096877,0
0.0044223,0.0068062,0.0057002,0.0023888,0.010661,0.014671,0
1.3526,0.17514,0.0058523,0.12718,0.50748,1.2744,1
0.08673,0.014641,0.021316,0.00020664,0.00048952,0.0032064,0
0.033306,0.019044,0.02117,1.81E-05,0.0096531,0.0038131,0
0.025122,0.012656,1.5688,0.37915,1.1742,1.6336,1
0.051984,2.25E-06,0.000256,0.0014156,0.003364,0.0026522,0
0.63203,0.000784,0.0095063,0.00018564,0.07412,0.056228,1
2.7506,0.1232,0.01703,0.56984,0.00089252,0.090601,1
0.01113,0.22326,0.090601,0.3576,0.0095551,0.058564,1
0.000144,0.00087025,3.60E-05,0.0024875,9.26E-05,0.00033306,0
0.000196,3.03E-05,0.000225,4.56E-05,2.26E-05,9.77E-06,0
2.1331,2.03E-05,0.059536,0.012854,0.055225,0.26304,1
0.000324,0.0001,0,3.91E-07,1.31E-05,3.06E-06,0
0.001156,0.004225,0.003364,0.00010764,0.00015625,1.56E-06,0
9.00E-06,0.031506,0.011772,0.021025,0.00066306,0.0072676,0
1.989,0.36441,0.43121,0.13044,0.038612,0.11954,1
0.0004,0.02387,0.0064,0.016835,0.00031952,0.0054023,0
1.23E-05,0.000729,6.40E-05,2.25E-06,2.64E-06,5.64E-06,0
2.0121,0.063252,0.017822,0.0027562,0.01749,0.00033764,1
0.0144,0.00075625,0.074529,0.029412,0.0020589,7.66E-05,0
0.0029702,0.001024,0.04389,0.0040481,0.009216,0.00064389,0
9.00E-06,1.60E-05,3.60E-05,1.06E-05,9.77E-06,2.64E-06,0
9.03E-05,0.0004,0.000361,0.00014702,1.41E-07,8.27E-06,0
0.058322,0.003249,0.0093122,0.005202,0.0039063,7.01E-05,0
0.21483,0.000121,0.10081,0.051699,0.00050064,0.19925,0
1.23E-05,0.000441,0.0004,1.27E-06,2.50E-07,2.50E-07,0
0.14977,0.03783,0.0039063,0.00015625,0.004096,0.14573,0
0.003249,0.00021025,0.015625,0.64702,0.051529,0.35596,1
0.024025,0.00038025,0.00013225,0.012073,0.00031506,0.0088125,1
0.096721,0.0014823,0.017161,0.13773,0.001369,0.00638,1
1.0558,0.077284,0.002401,0.18436,0.38069,1.1452,1
0.021462,0.008281,1.00E-06,6.25E-06,0.0096531,0.00088506,0
0.039402,0.022801,0.0022563,0.02088,0.049729,0.0573,1
0.007744,0.074529,0.040401,0.022914,0.013689,0.10981,1
2.0406,0.4886,1.2962,0.24527,0.012996,0.23802,1
0.037249,0.019321,0.003721,0.066049,0.005329,0.0034222,1
0.27405,0.07812,0.03045,0.0070141,0.16251,0.3325,1
0.047742,0.1596,0.001936,0.47938,0.074597,0.011369,1
0.063504,0.018906,0.11458,1.91E-05,0.00099225,0.01113,0
0.11834,0.077006,0.003969,0.0037516,0.02564,0.03629,0
1.6104,0.48442,0.019044,0.016034,0.00060639,0.064009,1
0.031684,0.002704,0.001681,0.069235,0.0011903,0.037879,0
6.25E-06,0.000289,0.000441,1.41E-07,5.06E-06,2.26E-05,0
0.032761,0.1211,0.008464,0.045103,0.0047956,0.071356,1
0.12603,0.006241,0.003136,0.047198,0.0026523,0.0059483,1
0.003249,0.023716,0.017424,0.028014,0.00036577,0.0018814,0
0.51984,0.019881,0.056644,0.1834,0.011342,0.25477,1
0.043264,0.007225,0.0099002,1.5348,0.26639,0.94406,1
1.0743,3.6081,1.2488,0.01092,0.0056063,0.056288,1
0.10081,0.041006,0.16606,0.015438,0.18522,0.19936,1
2.1668,0.22753,0.0676,0.049896,0.00012656,0.0021973,1
0.38938,0.086142,0.05978,0.32206,0.10057,0.77528,1
0.0083722,0.94576,0.056882,0.27641,0.032131,0.071423,1
0.13104,0.002401,0.0076563,0.04005,0.026814,0.11147,1
0.00013225,0.020449,0.0036,0.007056,0.00043577,0.0029839,0
0.000121,2.50E-07,9.00E-06,1.00E-06,1.41E-07,5.64E-06,0
0.4356,0.004489,0.041006,0.051813,0.0044056,0.0079656,0
0.18105,0.01575,0.0049703,0.051756,0.059964,0.18361,1
0.15484,0.01,0.000169,0.015688,0.039353,0.13186,1
0.010302,0.6424,0.016384,0.081225,0.23912,0.3936,1
0.12674,0.26832,0.251,0.001089,0.0088831,0.0063401,0
0.007921,0.29648,0.062001,3.45E-05,0.0048129,0.0073531,0
0.00093025,0.001764,0.004489,0.0047956,4.06E-05,0.0020476,0
0.40386,0.043472,0.022201,0.24035,0.18222,0.098126,1
0.00027225,2.25E-06,0.0022563,0.0016,0.00081225,8.10E-05,0
0.07263,0.012432,0.0035402,0.028603,0.078821,0.13041,1
0.26214,2.3901,0.026896,0.015037,0.15191,0.16718,1
0.3025,0.0076563,0.001156,0.33771,0.32078,0.85285,1
1.26,0.052212,0.012882,0.37317,0.32519,0.86676,1
3.1506,1.1078,0.59598,0.065344,0.0019031,0.059475,1
0.0025502,0.00046225,0.010712,0.019881,0.0043066,0.00058806,1
0.6384,0.11628,0.00030625,0.000576,0.00065025,0.0029976,0
1.5326,0.11834,0.074802,0.34501,0.18988,0.85933,1
0.086436,0.4225,0.0576,0.00075625,3.91E-07,1.91E-05,0
0.05784,0.054756,0.24651,0.0077881,0.012432,0.019356,1
3.5476,1.1892,0.58064,0.0012163,0.0039376,3.75E-05,1
2.25E-06,1.00E-06,0.00042025,2.03E-05,1.00E-06,3.06E-06,0
0.53582,0.10144,0.021904,0.060455,0.17005,0.18201,1
0.20385,0.047742,0.03404,0.042694,0.00408,0.00058806,0
0.3003,0.011772,0.010712,0.0022444,0.15142,0.22349,1
0.095172,0.023562,0.12816,0.00034225,0.17285,0.13487,1
0.061504,0.003969,0.004225,0.00021389,0.0036301,1.27E-06,0
0.0015603,0.000529,2.25E-06,0.00026406,2.03E-05,0.00046764,0
0.12145,0.022201,0.013456,0.20521,0.12487,0.46138,1
0.43692,0.1616,0.018225,0.28396,0.4928,1.406,1
0.88454,0.13141,0.1066,0.17078,0.14063,0.49421,1
0.000169,0.044521,0.014884,0.018023,0.00043056,0.0057003,0
0.13801,0.000361,0.094864,0.010353,0.042179,0.030932,1
0.25806,0.002809,0.022952,0.0052201,0.0087189,0.0059676,0
0.52345,0.013225,0.006241,0.13487,0.22219,0.62193,1
0.00038025,0.0001,7.23E-05,1.41E-07,1.06E-05,9.00E-06,0
0.15093,0.053361,0.071556,0.017227,0.00075625,0.002916,0
0.05978,0.000256,0.023104,0.44639,0.30305,1.6848,1
0.77352,0.01311,0.0016403,0.054932,0.012854,0.041565,1
0.069432,0.05546,0.020736,0.0012691,0.00029756,0.0032206,0
0.0398,0.019182,0.0083723,0.1763,0.15642,0.35566,1
0.000484,0.017424,0.0014822,0.007396,0.0032776,0.013254,0
0.51624,0.015376,0.001681,0.02387,0.005329,0.0729,0
0.01199,0.71741,0.39,0.0061623,0.010328,0.011503,1
0.70644,0.074256,0.02706,0.0029025,0.0033785,0.074666,0
0.028224,0.34457,0.13032,0.0038131,0.0056063,0.0012426,1
0.23426,0.043056,0.016512,0.037346,0.069564,0.01953,0
0.003364,0.077284,0.0083722,0.019217,0.0066831,0.047035,1
0.0083723,0.013225,0.0055503,0.026732,0.00055814,0.00010252,0
0.00093025,0.003364,0.0069722,0.010868,0.0014919,2.14E-05,0
0.0022562,0.13579,0.29431,0.074461,0.071891,0.076591,1
0.00013225,0.00011025,0.00042025,7.66E-07,1.89E-06,9.00E-06,0
0.002601,0.007396,0.000324,8.79E-05,1.70E-05,1.89E-06,0
0.00011025,0.0022563,0.000625,0.0018598,0.00063127,6.20E-05,0
0.035532,0.015006,0.000625,8.79E-05,0.021609,0.025162,0
0.1714,0.064009,0.000729,1.50E-05,0.024964,0.01246,0
2.1948,0.094249,0.56325,3.06E-06,4.39E-05,0.0045394,1
7.23E-05,2.25E-06,1.23E-05,1.06E-05,7.56E-06,6.25E-08,0
0.3047,0.049506,0.017689,0.6402,0.1679,0.79522,1
0.18276,1.4847,0.073712,0.013836,0.02706,0.0010401,0
0.23961,0.04389,0.0041602,0.00016256,0.31318,0.58733,1
0.38688,0.09891,0.1819,0.36527,0.34018,1.0889,1
0.43099,0.0078323,0.25604,0.0075039,0.5672,0.96678,1
0.0144,0.000121,0.000676,0.009975,0.0026138,0.011529,1
2.244,0.011449,0.063252,0.44406,0.52544,1.689,1
0.82356,0.059049,0.24206,0.011051,0.2912,0.21321,1
2.25E-06,0.00013225,1.60E-05,2.76E-05,3.75E-05,1.14E-05,0
0.04644,0.000441,0.002809,0.032086,0.0054391,9.03E-05,0
0.010712,0.037056,0.000144,0.014945,0.0017431,2.89E-05,0
0.92064,0.15721,0.11458,0.25,0.066693,0.36966,1
0.037636,0.027722,0.05085,0.10288,0.40497,0.94868,1
4.00E-06,0.00024025,8.10E-05,6.25E-08,5.64E-06,9.77E-06,0
0.021316,0.93606,0.10017,0.00043577,0.1595,0.21195,1
0.0060063,0.027722,0.015129,0.0042413,0.00017227,0.0013414,0
2.25E-06,0.0017222,0.004489,0.00065025,4.52E-06,0.00011556,0
1.8239,0.12496,0.51696,0.80192,0.46547,0.61819,1
0.049729,4.90E-05,0.0004,0.005329,0.0034369,0.0038751,0
0.000225,4.90E-05,7.23E-05,2.25E-06,4.00E-06,1.27E-06,0
0.13876,0.13506,0.009604,0.0087891,0.0032348,0.0041926,0
0.13469,0.014161,0.001764,0.010609,0.0014631,0.0030526,0
0.014042,0.006889,0.0025502,0.0074606,0.0072463,0.051586,0
0.0037823,0.0019803,0.0036,0.0059869,6.25E-08,0.00075625,0
2.25E-06,0.014762,0.007225,0.018124,0.00068252,0.0023766,1
0.078961,0.082656,0.015876,0.00068906,0.00012656,0.0017119,0
0.48372,0.51984,0.002704,0.025083,0.1247,0.3515,1
4.00E-06,0.023256,0.011556,0.013053,0.00033764,0.00071556,0
0.15016,0.042025,0.001521,0.76126,0.46786,1.0923,1
0.041412,0.024336,0.0029702,0.002691,0.03525,0.037588,0
0.051984,0.014641,0.0073103,0.010609,0.0015406,1.91E-05,0
0.16974,0.047961,0.046225,0.21379,0.62292,1.7256,1
0.000121,0,9.00E-06,4.00E-06,0,3.91E-07,0
0.073441,1.60E-05,0.00093025,0.15821,0.064389,0.065025,1
0.015252,0.0023523,0.0040322,0.00018225,0.00019252,0.001947,0
0.1521,0.002916,0.00018225,0.018057,0.25667,0.51301,1
0.50552,0.047089,1.3225,0.047633,1.0939,1.4102,1
0.023104,0.08673,0.1369,0.005202,0.008836,0.17057,0
0.63202,0.11765,0.078961,0.72527,0.27958,0.84295,1
0.000441,0.02576,0.019321,0.019565,6.89E-06,0.0030664,0
0.5329,0.074256,0.1296,0.5687,0.3122,1.2541,1
0.0441,0.0101,0.001089,0.0020702,0.009604,0.0034516,0
0.003364,0.00093025,0.00065025,0.0027958,9.00E-06,0.00097656,0
0.000289,7.23E-05,0.00024025,0.010481,0.0015504,0.0014631,0
0.001444,0.006084,0.0034222,0.00013806,0.000625,0.00054056,0
1.7253,0.22753,0.74996,1.0558,1.3921,1.3865,1
0.070225,0.001444,0.0026522,0.019565,0.10898,0.20273,0
0.39,0.009409,0.037056,0.013836,0.011025,0.0093364,0
0.24157,0.01677,0.004096,0.84158,0.98655,2.8781,1
0.00013225,0.035156,0.0049,0.01901,0.00026406,0.0059676,0
0.0014823,0.011236,0.0068063,0.003364,0.001156,0.00070889,0
0.004489,0.06027,0.046656,0.015006,0.00063756,0.0012163,0
0.010302,0.034969,0.0029702,0.012939,0.00010252,0.015719,0
8.10E-05,0.021756,0.001764,0.0087891,0.00057002,0.0047094,0
0.08439,0.17766,0.0068062,0.061256,0.020736,0.0052926,1
0.55503,0.012544,0.015876,0.19925,0.3606,0.9604,1
0.21623,0.005776,0.013225,0.31739,0.089028,0.064643,1
0.006724,0.13988,0.083232,0.12276,0.058202,0.22622,1
0.042849,1.00E-06,0.006561,0.0064,6.60E-05,0.00014102,1
0.18233,0.007056,0.0051123,0.021134,3.31E-05,0.003615,0
0.14364,0.02576,0.0020703,0.49597,2.76E-05,0.0023888,1
0.026244,0.27826,0.023256,0.024064,0.0031923,0.0121,0
4.90E-05,0.023409,0.009604,0.010328,1.00E-06,0.000784,0
0.015252,0.10144,0.024492,0.0258,0.012183,0.000625,0
0.001764,0.0058523,0.00099225,0.0016,3.31E-05,2.14E-05,0
0.003844,0.047306,0.027556,0.01443,0.00010252,0.0049175,0
0.001444,0.03404,0.0035403,0.004112,0.0010481,0.00028477,0
0.004624,0.02576,0.007921,0.02814,0.0036451,0.020129,0
0.0037823,0.013924,0.0057002,0.023832,2.25E-06,0.003481,0
9.03E-05,0.00015625,2.50E-07,4.39E-05,1.81E-05,2.64E-06,0
4.90E-05,0.031506,0.0076563,0.0048476,1.89E-06,0.00063756,0
0.082369,0.000529,0.3594,0.0308,0.003969,0.096643,1
0.21437,0.018769,0.20931,0.0053473,0.026896,0.0089066,1
0.003249,0.0022562,0.000841,0.0094576,0.013514,0.071757,1
4.90E-05,2.50E-07,0.00021025,2.26E-05,7.56E-06,6.01E-05,0
1.1088,0.0011222,0.000441,0.13969,0.27839,0.35046,1
4.23E-05,0.00021025,0.00046225,7.56E-06,2.64E-06,4.00E-06,0
0.002401,0.0078322,4.90E-05,3.45E-05,2.50E-07,6.89E-06,0
0.000784,0.0060063,0.003364,5.26E-05,1.81E-05,0.00018564,0
0.25705,0.033306,0.004356,0.13286,0.054815,0.23232,1
3.7056,0.044521,0.01946,0.22634,0.14948,0.32319,1
0.5476,0.04644,0.50552,0.028943,0.1588,0.57513,1
6.40E-05,0.000324,0.00030625,9.00E-06,8.27E-06,4.00E-06,0
0.011772,0.06734,0.033306,0.011718,0.0010081,0.0083494,0
0.000441,0.010201,0.0019802,0.0030664,5.63E-07,0.000484,0
0.015129,0.026896,0.0028622,0.043524,0.081653,0.26936,0
0.061504,0.011664,0.002809,1.31E-05,0.00161,0.00024414,0
0.1681,5.63E-05,0.001156,0.20612,0.36982,0.88689,1
2.50E-07,5.63E-05,0.000484,2.25E-06,1.89E-06,1.56E-08,0
0.31753,0.55428,0.3969,0.038858,0.0078766,0.0074822,1
0.02739,0.001024,0.0026522,0.0053473,0.082011,0.15191,1
0.20026,0.14822,0.0060063,0.007722,0.0035551,0.0062213,0
4.00E-06,0.013572,0.00087025,0.0066016,0.0010644,0.0025756,0
0.023716,5.63E-05,0.06477,0.071623,0.029929,0.0729,0
1.1481,0.067081,0.007056,0.17233,0.30844,0.76431,1
3.1035,0.098701,1.1392,0.0088674,0.054173,0.040855,1
0.005776,0.11594,0.001089,0.011664,0.0027301,0.000961,0
0.005476,0.14175,0.46854,0.16211,0.0088125,0.0053108,1
0.95942,0.05546,0.045369,0.0096776,0.031329,0.030888,1
0.002116,0.016129,0.005476,0.00081939,0.00033306,0.00081939,0
0.050625,0.00060025,0.0035402,0.026978,0.00059414,0.00026406,0
0.10304,0.04223,0.097969,0.20082,0.025921,0.0030113,1
0.31528,0.006241,0.010506,0.063819,0.018598,0.022463,0
0.086436,0.0576,0.03783,0.052441,0.076176,0.16954,1
2.1301,0.15016,0.063001,0.069103,0.088432,0.1585,1
0.40577,0.026896,0.051302,0.032852,0.2209,0.27353,1
0.14251,6.40E-05,0.0028622,9.00E-06,0.027556,0.047306,1
0.04223,0.012769,0.02265,0.013311,0.031285,0.081225,1
0.012432,0.020022,0.00050625,0.0097269,0.0031922,0.00081939,0
0.00034225,0.14288,0.087025,0.024219,0.050907,0.21669,1
1.8171,0.2362,0.32262,0.00063756,0.001024,0.03876,1
0.08381,0.8118,0.0074823,0.027143,0.0063004,0.031329,1
0.000484,0.25553,0.071289,0.061442,0.003136,0.002401,0
0.63203,0.04182,0.020022,0.052212,0.067275,0.23365,1
0.002916,0.020449,0.00011025,0.00094556,0.00017227,0.00096877,0
0.90155,0.85748,0.10208,0.085556,0.024492,9.77E-06,1
0.080089,0.4872,0.0068063,0.019425,0.0030113,0.0023766,1
5.8612,0.57684,0.058081,0.0078101,0.072025,0.56814,1
0.36845,0.29866,0.16933,0.20408,0.056704,0.00015939,0
0.1325,0.44489,0.04,0.0045731,0.0020476,0.038318,1
0.0064,0.08673,0.01334,0.0093123,0.0011989,0.0045731,1
0.000169,0.0361,0.000196,0.0055876,0.0029976,0.007225,0
3.0625,0.06528,0.38813,0.0015603,0.93171,0.7242,1
0.86211,0.68807,0.028056,0.030189,0.10652,0.15682,1
4.6981,0.25756,0.014161,0.033626,0.011963,0.00315,1
0.0196,0.003249,0.016512,0.090451,0.0061231,0.032175,1
0.08732,0.06996,0.052441,0.042179,0.09128,0.26125,0
0.59753,0.0069722,0.0044223,0.33568,0.79522,2.1937,1
6.25E-06,6.25E-06,5.63E-05,1.56E-08,1.56E-08,3.06E-06,0
0.0051123,1.1046,0.0089302,0.0025,0.041209,0.077702,1
0.03629,0.06786,0.013689,0.00031952,0.010379,0.012882,0
0.564,0.061752,0.34106,5.08E-05,0.025921,0.01428,1
0.002116,0.0061622,0.0011902,0.031418,1.41E-05,0.034969,1
0.27562,0.001296,0.02418,0.0017016,7.56E-06,5.63E-05,0
0.7208,0.27826,0.37946,0.32519,0.034318,0.015037,1
0.022201,0.055932,0.0155,0.0054945,0.0022208,0.0074822,0
0.000225,0.058322,0.8109,0.034736,0.16585,0.065472,1
0.008281,0.029584,0.001296,0.018326,0.00083377,0.00016256,1
0.10989,0.049284,0.0169,0.035627,0.023716,0.014641,1
1.4054,0.15484,0.088506,0.034782,0.049062,0.028014,1
0.38813,0.033306,0.019881,0.028519,0.11181,0.33872,1
0.044732,0.01677,0.0069722,0.0033206,0.012572,0.018191,0
0.68558,0.36301,0.029584,0.054581,0.016577,0.023256,1
1.1088,0.2153,0.14784,0.16362,0.35195,0.62667,1
4.90E-05,6.40E-05,0.000289,1.91E-05,5.06E-06,7.66E-07,0
0.039601,0.39188,0.17598,0.27288,0.012128,0.031952,1
0.10049,0.0042902,0.029584,0.0258,0.017358,0.0050056,1
2.50E-05,0.01113,0.008464,0.011263,0.00060639,0.00051189,0
2.639,0.000144,0.025281,0.067991,0.27747,0.18771,1
0.000576,0.0016402,0.000144,0.00038025,3.75E-05,0.00037539,0
0.19097,0.0081,0.060762,0.012854,0.00072227,0.11458,0
0.042849,0.42706,0.00015625,0.046171,0.013689,0.034503,0
1.2871,0.28944,0.11937,0.033033,0.056347,0.33034,1
2.03E-05,0.002116,0.001444,1.14E-05,0.00080514,0.00084827,0
1.4811,0.15642,0.04644,0.14765,0.039701,0.1489,1
2.50E-05,8.10E-05,0.000676,5.06E-06,2.50E-07,5.64E-06,0
0.14977,0.03783,0.0039063,0.00015625,0.004096,0.14573,0
0.38938,0.0155,0.12888,0.17368,0.15573,0.45242,1
1.8824,0.64642,0.141,0.0027826,0.43659,0.66361,1
1.39,0.015006,0.021462,0.11197,0.096954,0.061877,1
0.000841,0.023104,0.022052,0.0089776,0.00044627,0.011529,0
0.00013225,0.033124,0.014762,0.011827,0.000169,0.0011903,0
0.03222,0.03222,0.0064,0.12145,0.081011,0.28263,1
0.64883,0.033672,0.010506,0.065153,0.020413,0.28931,1
2.50E-07,1.00E-06,6.40E-05,5.06E-06,4.23E-05,6.25E-08,0
0.31248,0.091809,0.034782,0.028266,0.00054639,0.11047,1
0.045156,0.0010563,0.005476,0.01005,0.00031952,0.0021275,0
0.06225,0.029241,0.01,0.00042539,0.017194,0.0066423,0
0.62885,0.024964,8.10E-05,0.073577,0.045529,0.16484,1
9.015,0.12674,0.013689,1.0447,0.018462,0.010532,1
0.0011223,0.53582,0.09,0.0067651,0.022388,0.00031506,1
0.16728,0.049729,0.0089303,0.004225,0.0045394,0.0080326,0
0.45293,0.1849,0.061009,0.21856,0.0095795,0.062438,1
2.25E-06,1.00E-06,0.00018225,4.52E-06,1.14E-05,1.91E-05,0
0.005041,0.0034222,0.029756,0.013427,0.00015314,0.042076,1
0.56776,0.69806,0.29594,0.000256,0.0017745,0.034969,1
2.50E-05,1.23E-05,0.0001,7.56E-06,4.00E-06,1.56E-06,0
0.14516,0.003364,0.023256,0.002691,0.00054639,0.0040641,1
0.000441,0.020592,0.031329,0.046926,0.00081225,0.0069098,0
1.003,0.090902,0.16646,0.057002,0.18276,0.25857,1
0.6368,2.50E-07,0.10017,0.0059869,0.02661,0.02967,0
0.23717,0.34047,1.1449,0.0082583,0.045582,0.072227,1
0.000144,2.50E-07,1.23E-05,1.60E-05,7.66E-07,3.16E-05,0
5.63E-05,0.3612,0.061504,0.29839,0.05736,0.0035701,1
0.53217,0.61074,0.05784,0.06275,0.0049,0.024846,0
3.1987,0.12145,0.01809,0.40848,0.58408,1.4164,1
0.0019803,0.016641,0.0027562,0.003249,1.89E-06,0.00029756,0
0.0009,0.0256,0.004356,0.020916,0.0068063,0.026528,0
0.00021025,0.021904,0.000289,0.0027301,0.00061877,0.001947,0
0.026244,0.000729,0.001849,0.0025251,0.0034663,0.024806,0
8.10E-05,0.0009,0.0064,0.00315,0.000625,5.64E-06,0
4.45,0.18836,0.033672,0.0078766,0.0037516,0.09128,1
6.40E-05,0.00015625,2.50E-05,1.56E-08,1.56E-06,5.63E-07,0
0.27196,0.001681,0.0402,0.11577,0.00097656,0.0095795,0
0.0014062,0.017689,0.0074822,0.017194,0.009801,0.043472,0
0.18361,0.071289,0.000784,5.81E-05,0.018803,0.046064,0
0.023562,0.040602,0.011772,0.19415,0.00033306,0.00072227,1
0.2495,2.03E-05,0.050625,0.0025125,0.0012603,0.0056814,0
0.00055225,0.0087423,0.0029703,0.0083494,2.50E-05,0.0030802,0
0.0089303,0.01334,0.011236,0.0029025,0.0046751,0.018803,0
0.0001,0.000784,0,0.003969,0.004112,3.06E-06,0
0.10401,0.046872,0.0039062,0.0078988,0.0037516,0.001764,0
0.008649,0.03441,0.0061622,0.087764,0.035532,0.06138,0
0.001296,0.054056,0.17893,0.00074939,0.01836,0.0014156,1
0.006561,0.058806,0.0049,1.89E-06,0.000144,0.0078988,1
0.07263,0.034596,0.04644,0.1612,0.02552,0.002916,1
4.2477,0.035532,0.3606,0.28462,0.0042088,0.012377,1
0.21716,0.02387,0.018906,0.001681,0.048896,0.039353,1
2.8849,0.30747,0.29812,0.12041,0.32191,0.239,1
0.67076,0.001296,0.010816,0.031551,0.02088,0.18276,0
0.071824,0.1608,0.2153,0.37946,0.17693,0.2433,1
0.13177,0.012656,0.001849,0.015006,0.014976,0.059536,0
0.037056,0.013225,0.037636,0.070026,0.0048302,0.020844,0
3.287,0.1129,0.01,0.54945,0.14307,0.72271,1
0.58906,0.077284,0.32833,0.40402,0.0020931,0.042642,1
0.000144,0.00011025,0.000324,1.14E-05,1.50E-05,1.27E-06,0
0.00018225,0.00050625,4.90E-05,2.63E-05,4.39E-05,1.56E-06,0
0.044521,0.010816,0.068382,0.00011556,0.059536,0.093636,0
0.1239,0.0049702,0.0504,0.22944,0.12329,0.41974,1
0.0058522,0.015252,0.01334,0.021207,0.00010506,0.0029295,0
0.0036602,0.050176,0.066822,0.01449,0.0024751,0.00030625,0
0.11222,0.000225,0.018225,0.0024626,0.007722,0.029541,0
0.0028622,0.00081225,0.0037823,0.0068062,2.64E-06,0.00074256,0
0.18063,0.2401,0.05736,0.037636,0.30886,0.28196,0
0.36,0.12076,0.055696,0.023793,0.01648,0.17714,1
0.000289,0.00034225,8.10E-05,6.01E-05,4.90E-05,5.63E-07,0
0.02739,0.52853,0.17389,0.094479,0.035297,0.072159,1
0.35106,0.0504,0.044521,0.023371,0.047198,0.15701,1
0.31081,0.0016402,0.006241,0.023104,0.071623,0.010583,0
0.0060063,0.020164,0.012432,0.071958,0.3597,0.33568,1
0.39376,0.1066,0.19097,0.054114,0.045957,0.02556,1
1.6129,0.02544,0.00075625,0.00045156,0.042179,0.20988,1
2.0506,0.21068,0.18063,0.017856,7.66E-07,4.06E-05,1
0.043056,1.3572,0,0.0058331,0.045422,0.035532,1
0.16606,0.052212,0.0484,0.17057,0.1889,0.77264,1
0.16851,0.000324,0.0087422,0.022839,0.0041441,0.018941,0
0.28623,0.023562,0.013572,0.0087891,0.05766,0.14707,1
0.00024025,0.35284,0.1211,0.0038285,0.00924,0.043629,1
0.25553,0.034782,0.000144,0.29214,0.00061256,0.00063756,1
3.60E-05,0.012996,2.50E-05,0.0024256,0.00061877,0.002401,0
0.39879,1.6384,0.003364,0.10001,0.17735,0.40513,1
0.00087025,0.044944,0.0015603,0.0050944,0.0023281,0.0081451,1
1.3795,0.16728,0.15721,0.9025,0.5956,1.2792,1
1.063,0.0144,0.031329,0.04829,0.14156,0.45901,1
0.74218,0.076452,0.019881,0.40354,0.50605,1.2315,1
0.57305,0.082656,0.25908,0.10717,0.016066,0.32078,1
0.0324,0.0034222,0.00046225,0.11323,0.053534,0.28502,1
0.60218,0.016002,0.0001,0.023371,0.012516,0.016416,0
0.21022,0.068382,0.10595,0.013543,0.098832,0.84686,1
0.004624,0.0058523,0.01703,0.0041764,0.034225,0.048731,0
0.06528,0.02387,0.0101,0.019321,0.023028,0.030059,1
0.12924,0.15682,0.017689,0.18695,0.007225,0.019495,1
0.000484,0.010506,0.009801,0.01853,0.046064,0.11391,1
0.48025,0.10176,0.015376,0.04,0.029886,0.09272,1
0.031329,0.0033062,0.016384,0.034503,0.013369,0.019775,0
0.003969,0.020306,0.021462,0.019846,9.00E-06,0.0027301,0
0.0074822,0.058806,0.0049703,0.069498,0.0017535,0.014945,0
0.13359,0.087616,0.16241,0.14592,0.074666,0.044944,1
0.16241,0.02418,0.00027225,0.17978,0.022425,0.012045,1
9.03E-05,0.000961,0.00015625,0.000961,4.73E-05,8.10E-05,0
0.32604,0.086436,0.089102,0.01632,0.070823,0.22468,1
0.013225,0.011556,0.17766,0.18361,0.25326,0.19393,1
0.02235,0.010302,0.000144,0.047742,0.039056,0.023142,0
0.073441,0.0057002,0.0155,0.006724,0.0044389,0.0085101,0
0.05736,0.000529,0.007056,0.084827,0.14938,0.56363,1
0.33466,0.03045,0.029412,0.57078,0.072227,0.33756,1
3.60E-05,0.00013225,0.00021025,6.25E-08,5.63E-07,1.27E-06,0
4.0602,0.19316,0.0484,0.094326,0.21218,1.0697,1
0.084972,0.0055503,0.001156,0.003969,0.01632,0.22149,0
1.8687,0.015876,0.56701,0.019286,0.21425,0.15045,1
0.01809,0.10368,0.016129,0.027019,0.0040164,0.013631,0
1.2894,0.1218,0.055696,0.0033062,0.034086,0.074256,1
0.031329,0.002809,0.0001,0.038123,0.087099,0.31444,1
0.4045,0.00011025,0.0010563,0.059841,0.023066,0.10685,0
0.01575,1.0506,0.0057003,0.017956,0.027889,0.25163,1
0.0027562,0.00021025,0.07535,0.02088,0.13672,0.55335,0
0.07049,0.41861,0.074802,0.0029025,0.0036906,5.26E-05,0
0.94673,0.05978,0.013572,0.016706,0.077493,0.077006,1
1.1848,0.13469,0.0085563,0.25063,0.18652,0.20942,1
0.23088,0.31923,0.072361,0.025083,0.0052563,0.0059676,0
0.013572,0.04818,0.003969,0.00012377,0.0056063,0.010404,0
5.0715,0.10112,0.011772,0.005166,0.033306,0.24626,1
0.0044223,0.24503,0.0044223,0.012628,0.0093122,0.026123,0
4.23E-05,0.042025,0.0091203,0.0011391,3.91E-07,0.0045563,0
1.1589,0.12852,0.10693,0.20589,0.11031,0.40291,1
0.0039063,0.0676,0.0095062,0.13414,0.33394,0.21716,1
0.04818,0.000484,0.007569,0.0089776,0.0058522,0.0092881,0
0.001849,0.022952,0.004096,0.0018062,8.10E-05,0.001369,0
0.002809,0.00099225,0.001521,0.000529,4.73E-05,0.00161,0
0.015376,1.8104,0.14326,0.002691,0.05748,0.21425,1
0.074802,0.00011025,0.001764,0.17452,0.82333,1.8807,1
0.0060063,0.013806,0.020306,0.027931,5.81E-05,0.0072463,0
0,6.40E-05,0.000676,1.31E-05,2.50E-05,5.06E-06,0
0.039204,0.024806,0.072092,0.00086289,0.0092641,0.0044056,0
0.000784,0.00046225,0.001296,0.0099002,4.06E-05,0.00052327,0
0.047961,0.049062,0.007396,7.66E-05,9.03E-05,0.0059483,0
0.002401,0.000256,0.00034225,0.060947,0.04389,0.041718,1
0.8073,0.033306,0.049952,2.50E-07,0.017161,0.090978,1
1.00E-06,0.03404,0.010404,0.019391,0.00021025,0.0072676,0
0.83814,0.091809,0.011236,0.0018922,0.00097656,0.0025251,1
0.44622,0.64,0.1714,0.00028477,3.91E-05,0.00010764,0
0.004761,0.0018922,0.0001,0.00025202,0.00029756,0.0011223,0
1.0506,0.0040322,0.002916,0.20329,0.14091,0.0071191,1
0.002116,0.082369,1.7503,0.0012163,0.040301,0.085629,1
1.1385,0.25756,0.11256,0.00025202,0.005041,0.032355,1
0.19847,0.0019802,0.0576,0.0029431,0.008441,0.0121,1
0.000784,0.023716,0.002116,0.0022681,2.63E-05,0.00015006,0
0.023562,0.0097022,5.63E-05,0.032806,0.011664,0.021793,0
0.00070225,0.088209,0.017822,0.0054575,1.00E-06,0.0021623,0
0.95063,0.055932,0.36,0.0047783,0.0022681,4.39E-05,1
2.9722,0.09272,0.000121,0.33062,0.67302,2.2786,1
0.1156,0.024964,0.0046923,0.017523,0.020953,0.15771,1
0.024492,0.03591,0.032942,0.002691,0.03696,7.23E-05,0
1.23E-05,2.25E-06,0.00011025,1.31E-05,4.00E-06,1.00E-06,0
0.43692,0.047306,0.0044223,0.011104,0.20896,0.3603,1
0.00050625,0.031684,0.004225,0.0083723,0.000729,0.00408,0
0.000324,0.46172,0.04389,1.072,0.0078988,0.0021739,1
0.19272,0.002704,0.0037823,0.014793,0.26626,0.48773,1
0.001156,0.0093122,0.13469,0.13552,0.25845,0.11535,0
0.29594,0.80282,0.12076,0.077771,0.054056,0.11458,1
2.552,0.14138,0.13323,0.011529,0.055108,0.14279,1
1.7213,0.13913,0.27615,0.16524,0.10425,0.37088,1
0.0101,0.54908,0.0081903,0.20862,0.0078988,0.0014919,1
0.0029702,0.011772,0.001024,0.0078988,5.44E-05,0.00038514,0
0.0024503,0.000529,0.001521,0.0155,0.018666,0.02183,1
0.38502,0.01809,0.0324,0.90036,0.11206,0.037879,1
0.79834,0.03441,0.29648,0.27079,0.090827,0.095945,1
0.000841,4.23E-05,9.03E-05,0.00073577,0.00015939,5.64E-06,0
0.2304,0.016641,0.020592,0.1802,0.29052,0.87773,1
1.23E-05,0.000225,6.40E-05,9.00E-06,6.25E-06,1.31E-05,0
2.50E-05,9.00E-06,0.00055225,5.06E-06,7.66E-07,5.06E-06,0
0.0036,0.017956,0.0066422,0.020413,1.89E-06,0.0029025,0
0.19184,0.10989,0.0324,0.031196,0.00408,0.0049,0
0.04389,0.041209,0.07535,0.042901,0.0013322,0.0027301,0
1.1827,0.056882,0.0012602,0.25263,0.55242,2.2793,1
0.00038025,0.041006,0.026732,0.017623,1.14E-05,0.0023644,0
0.0099003,0.00055225,2.50E-05,0.0014919,0.00045156,0.027515,0
8.10E-05,4.00E-06,0.0001,1.00E-06,1.41E-07,6.25E-06,0
0.1936,0.000529,0.27878,0.048731,0.27288,0.2633,1
0.15721,0.011881,0.010816,0.159,0.21402,0.5983,1
3.824,0.01974,0.001369,0.042179,0.0023401,0.001024,1
0.27773,0.12567,0.16687,0.091355,0.02183,0.000289,1
0.68476,0.004761,0.10498,0.0037669,0.27918,0.18836,0
0.002116,0.03591,0.016129,0.003249,4.52E-06,0.0012603,0
0.99202,0.26061,0.11594,0.01677,0.040653,0.2717,1
0.053824,0.002116,0.037249,0.0036754,0.045529,0.046656,0
0.34987,0,0.018632,0.030102,0.076937,0.12145,1
0.0001,0.041412,0.003136,0.19914,0.5985,1.7467,1
0.1444,0.008649,0.0064802,0.0080551,0.00061256,0.0052381,0
0.002809,0.002025,0.0089303,0.00022127,0.0020138,2.25E-06,1
0.20885,0.0087422,0.038612,1.0743,0.51552,1.4036,1
0.06027,0.036672,0.08094,0.042076,0.01677,0.022313,0
6.25E-06,5.63E-05,9.03E-05,1.56E-06,0,2.64E-06,0
0.12603,0.0040322,6.40E-05,0.55316,0.48164,1.4896,1
0.077284,0.063252,0.013689,0.0019031,0.0022326,0.0059098,0
5.058,0.4921,0.2916,0.06963,0.13904,0.0021856,1
2.3963,0.57381,0.14746,0.025122,0.08673,0.35017,1
0.4409,0.034969,0.032761,0.051984,0.035297,0.0044056,1
0.62252,0.997,0.060516,0.005184,0.073848,0.16831,0
0.046872,0.016129,0.034969,0.41458,0.016193,0.21727,1
0.033306,0.003969,0.004356,0.027349,0.011799,0.013254,0
0.000144,1.23E-05,0.000121,2.25E-06,1.56E-08,1.27E-06,0
1.0343,0.017292,0.024336,0.040602,0.039402,0.038171,1
0.00087025,0.000169,0.00030625,1.00E-06,7.56E-06,2.14E-05,0
0.22515,0.043264,0.0074823,0.003364,0.00030625,0.0020476,0
0.074256,0.005776,0.002025,0.34619,0.46632,1.2424,1
0.00021025,0.00011025,0.000256,4.52E-06,1.56E-06,8.27E-06,0
0.3618,0.0018063,0.00075625,0.0079879,0.01799,0.11963,0
0.6368,0.0097023,0.05267,0.039402,0.0097269,0.006561,0
0.010404,0.3312,0.19936,0.049785,0.00030189,0.061318,1
0.36724,0.02706,0.023716,0.35477,0.51373,1.4022,1
0.002809,0.0061623,0.011556,0.058867,5.06E-06,0.0015701,0
0.27144,0.79566,0.1296,0.0083038,0.07812,0.3396,1
0.62016,0.04818,0.0121,0.074529,0.37363,0.51445,1
0.0001,6.25E-06,9.03E-05,6.25E-06,6.25E-08,1.41E-05,0
2.03E-05,5.63E-05,0.00013225,6.25E-08,3.91E-07,3.91E-07,0
0.4096,0.099856,0.04182,0.08381,0.13023,0.22361,1
0.06786,0.069432,0.0052562,0.07847,0.20374,0.89161,1
0.48442,0.1239,0.10272,0.14232,0.029113,0.051359,1
3.03E-05,3.03E-05,0.001681,2.14E-05,0,9.77E-06,0
0.35284,0.002116,0.0048303,0.027266,0.053766,0.25946,1
0.32376,0.035721,0.025921,0.34398,0.63044,2.2455,1
0.57988,0.13616,0.034969,0.0020476,0.0073102,0.0095795,1
3.495,0.000196,0.0055503,0.049506,0.00011827,0.072294,1
0.75516,0.021462,0.075625,0.16413,0.1445,0.013225,1
0.001521,0.0076563,0.0017222,0.0063004,1.89E-06,0.00077702,0
1.0231,0.15524,0.012656,0.049673,0.070026,0.37409,0
4.90E-05,1.23E-05,0.00055225,2.64E-06,1.56E-08,2.50E-07,0
0.0099002,0.00055225,2.50E-05,0.0014919,0.00045156,0.027515,0
0.35046,0.03222,0.000841,0.66851,0.053073,0.35596,1
0.26471,0.008281,0.006561,0.18286,0.15484,0.4305,1
0.0011903,0.01092,0.0011902,0.00046764,1.41E-05,3.91E-05,0
0.0064,0.10595,0.11424,0.0017119,0.035768,0.046872,0
0.20931,0.12426,0.008281,0.000225,0.037539,0.036386,0
0.003025,0.02418,0.011772,0.022613,6.25E-06,0.003122,0
0.01809,0.0095062,0.001089,0.002316,0.022801,0.030189,0
1.8591,0.00021025,0.028561,1.50E-05,0.0060451,0.09891,1
0.34047,0.0289,0.0016,0.18684,0.054056,0.02235,1
0.001296,0.021025,0.017161,0.015191,0.00010506,0.00096877,0
0.37946,0.002116,0.010201,0.054173,0.022801,0.01428,0
0.040804,0.15249,0.049506,0.00097656,3.45E-05,9.51E-05,0
0.47679,0.0031922,0.013924,0.00056406,0.0012691,0.12665,1
0.005184,0.0036602,0.01334,0.0066423,0.059597,0.13764,1
8.10E-05,0.000961,0.0083722,0.19836,0.01901,0.035063,1
2.401,0.18447,0.10081,0.030844,0.65752,0.44773,1
0.000225,0.0068063,0.010609,0.0024256,0.0010001,0.0010644,0
0.049952,0.076452,0.028561,0.018701,0.0047438,0.0041926,0
0.010201,0.033672,0.000625,0.00924,0.0021391,0.0012781,0
0.012321,0.017556,0.055225,0.0043066,0.0022326,0.0903,1
0.007396,0.11594,0.035721,0.047797,0.0072038,0.014641,0
3.978,0.1714,0.01199,0.011691,0.011691,0.000441,1
0.47725,0.0004,0.024964,0.041599,0.0016708,4.90E-05,0
0.000121,0.000361,8.10E-05,2.50E-07,1.00E-06,4.52E-06,0
3.7636,0.2209,0.095172,0.072361,0.061194,0.064707,1
0.017292,0.00081225,0.007921,0.00028056,0.0097023,4.52E-06,1
0.0091202,0.001225,0.000144,0.00011025,0.00019952,0.00013225,0
1.2803,0.034782,0.014161,0.55001,0.082728,0.12683,1
2.50E-05,0.02387,0.0064802,0.0144,6.81E-05,0.0014251,0
0.005625,0.4928,0.0144,0.00072227,0.00060025,0.027019,0
0.0025,0.010404,0.012656,0.01334,3.52E-06,0.00161,0
0.18233,0.007056,0.0051123,0.021134,3.31E-05,0.003615,0
1.00E-06,6.25E-06,0.00018225,4.00E-06,5.63E-07,5.81E-05,0
0.0083722,0.9409,0.3612,0.008281,0.094941,0.081154,1
0.0011223,0.0049703,1.2499,0.0021506,0.39235,0.66851,1
0.0036602,0.0256,0.00034225,0.013398,7.66E-07,0.0027694,0
0.00013225,0.0001,0.00024025,2.03E-05,1.06E-05,1.00E-06,0
0.22373,0.0085563,0.013572,0.0068683,4.73E-05,0.07412,0
0.16524,0.0045563,0.003364,0.0324,0.012572,0.021353,0
0.1444,1.1827,0.002304,0.0046751,0.20374,0.0069098,1
0.68641,0.066049,0.0093123,0.32007,0.12417,0.35507,1
1.3948,0.00046225,0.040602,0.18286,0.048565,0.22765,1
0.010506,0.040401,0.009216,0.0054023,0.001225,0.011691,0
0.75256,0.007744,0.44489,0.56475,0.0082583,0.0046922,0
0.026082,0.02265,0.0074823,0.02556,0.0094819,0.0040641,0
0.04601,0.012432,0.13913,0.026285,0.0019803,0.0034958,1
1.0455,0.10923,0.24108,0.21206,0.1863,0.57798,1
0.15682,0.47197,0.32547,0.030932,0.015314,0.018293,1
0.9025,0.010712,0.16443,0.15741,0.46444,0.4251,1
0.0035402,4.00E-06,0.0030803,0.010455,0.053766,0.1089,0
0.044732,0.039601,0.034782,0.0012426,5.64E-06,0.018666,0
0.6368,0.22705,0.05784,0.082944,0.03231,0.092949,1
0.04223,0.01,0.043264,0.038809,0.1682,0.085922,1
0.12355,0.10433,0.23281,0.0020703,0.10964,0.016288,1
0.21483,0.000121,0.10081,0.051699,0.00050064,0.19925,0
0.10368,0.13359,0.011664,0.10473,0.061194,0.073644,1
0.18576,0.040602,0.007056,0.014671,0.042901,0.029713,0
0.0060063,0.000196,0.0030802,0.00054056,0.00094556,0.00064389,0
2.50E-05,1.23E-05,0.00024025,1.23E-05,1.41E-07,2.03E-05,0
0.0576,0.00038025,0.012996,0.00035627,1.89E-06,2.26E-05,0
6.25E-06,4.90E-05,0.000144,4.56E-05,5.63E-07,6.89E-06,0
0.04431,0.04223,0.003249,0.029627,0.091582,0.2485,1
0.01677,0.027722,9.00E-06,0.0072038,0.015314,0.005329,0
6.25E-06,0.000144,0.000121,2.03E-05,2.03E-05,3.91E-07,0
9.00E-06,0.0001,2.03E-05,9.00E-06,1.00E-06,5.64E-06,0
0.7396,0.015006,0.8584,0.19536,0.12951,0.033994,1
0.023104,0.072092,0.21114,0.00038514,0.051359,0.0040006,1
0.00070225,0.0069723,0.0009,0.0070141,0.00015314,0.0024133,0
0.00024025,0.014641,0.005041,0.073644,0.0020931,0.025841,0
4.23E-05,0.00034225,4.23E-05,2.25E-06,6.25E-06,2.25E-06,0
6.25E-06,0.02088,0.01946,0.013398,7.44E-05,0.0016301,0
0.000169,6.25E-06,0.000121,8.27E-06,0,4.00E-06,0
0.020022,0.12461,0.0064,0.0047438,0.0015504,4.23E-05,0
0.021609,0.71995,0.15682,0.1325,0.024103,0.009604,0
0.002304,0.0033063,2.03E-05,0.012713,3.75E-05,0.0011816,0
0.61231,0.53656,0.56852,0.00408,0.01974,0.14507,1
1.3771,1.0588,0.82356,0.0026138,0.10104,0.10192,1
0.87236,0.10465,0.2601,0.28183,0.14919,0.0020363,1
0.19448,0.020736,0.0023522,0.0037058,0.02572,0.0057381,0
0.89114,0.16892,0.0085563,0.38906,0.3618,1.0085,1
0.78943,1.4244,0.18148,0.22741,0.43034,0.52128,0
0.11902,0.016129,0.53144,0.019811,0.072698,0.27118,1
0.038416,0.097032,0.0052563,0.00072227,0.0011306,0.0027694,0
0.000324,2.50E-05,6.25E-06,5.64E-06,1.56E-08,1.27E-06,0
0.007569,0.0020702,0.003249,0.062938,0.41699,0.99875,1
1.3959,0.03045,0.007921,0.029713,0.03164,0.010558,0
1.60E-05,1.23E-05,0.000289,1.27E-06,4.52E-06,1.81E-05,0
0.0025,0.000784,0.045369,0.038025,0.001287,1.91E-05,0
0.99102,0.16403,0.051756,0.0042413,0.00011025,0.15016,0
1.1257,0.3047,0.5837,0.030276,0.02576,0.33742,1
2.2141,2.0535,1.5964,0.034689,0.066564,0.7424,1
0.053592,0.39879,0.59908,0.55876,0.13222,0.68807,1
1.2769,0.16443,0.19053,0.062625,0.0036603,0.00016577,1
0.38378,0.0529,0.010201,0.0010081,0.043004,0.013924,1
0.01974,0.086142,4.23E-05,0.000324,0.0080775,0.020989,0
0.3969,0.001764,0.0069722,0.16201,0.12736,0.072227,0
0.03629,0.0025,0.000841,0.036053,0.0060256,2.26E-05,0
0.016002,7.23E-05,0.011881,0.41554,0.47817,1.3572,1
0.1325,0.007056,0.0529,0.0019691,0.0014535,0.015283,0
1.2985,0.11391,0.021609,0.31838,0.10652,0.37241,1
0.25,0.0011903,0.014762,0.017822,0.0016606,0.001089,0
1.1621,0.0037823,0.0011902,0.13857,0.12879,0.62925,1
0.87984,0.001225,0.002209,0.010816,0.14909,0.17078,1
0.00093025,0.0025502,0.002116,0.0012602,2.26E-05,4.90E-05,0
0.02387,0.007225,0.01092,0.012377,0.0032919,0.044891,0
0.36421,0.01428,0.020164,4.39E-05,0.0075473,0.092188,1
0.4706,0.030976,0.018906,0.012488,0.0087656,0.065856,0
0.13469,0.19981,0.04223,0.010455,0.086142,0.15016,1
0.38192,0.013572,0.000225,2.26E-05,0.0066831,0.0023522,0
3.249,0.62094,0.000196,0.0402,0.21506,0.61113,1
3.03E-05,0,0.00027225,1.91E-05,1.56E-06,6.25E-06,0
3.03E-05,0.0011223,0.058081,0.007225,0.0083266,0.019148,0
0.0025502,0.015376,0.01836,0.81473,0.8487,2.1934,1
0.19758,0.1764,0.12076,0.15152,0.046602,0.00079806,1
0.0023522,0.015252,0.0022562,0.00048952,0.00046764,0.00070889,0
0.14288,0.00030625,0.017161,0.27001,0.23875,0.75342,1
6.40E-05,0.0759,0.001521,0.1589,0.26074,0.94746,1
1.3584,0.00065025,0.33063,0.04,0.16851,0.20657,1
0.23523,0.066306,0.001024,0.79879,0.55838,1.4418,1
0.0076562,0.0025503,0.039204,0.030494,0.049062,0.090075,1
0.95551,0.033124,0.074529,0.099698,0.02318,0.095945,1
6.40E-05,0.000121,0.00024025,0.00013514,5.06E-06,4.52E-06,0
0.045796,0.077841,0.0033063,0.00017556,0.018326,0.016352,0
4.00E-06,8.10E-05,0.00060025,0.0013323,1.27E-06,0.00088506,0
0.04862,0.051984,0.26368,0.059171,0.046548,0.467,1
0.000625,2.50E-05,0.00042025,4.00E-06,6.25E-08,1.56E-06,0
0.003136,0.00013225,0.0027562,0.0010644,0.00046764,5.81E-05,0
0.00070225,0.000576,0.00075625,0.00011025,0.00046225,4.90E-05,0
0.87703,0.65044,1.1268,0.42429,0.03455,0.35581,0
0.047961,1.1204,0.15642,2.63E-05,0.084173,0.074393,1
0.81451,0.000169,0.19536,0.13041,0.18084,0.63401,1
2.9412,0.10956,0.43626,0.29566,0.016965,0.12364,1
0.24059,0.000784,0.004624,0.00023639,0.13359,0.26074,1
0.035532,0.00060025,0.001444,0.0063401,0.0046751,0.042436,0
0.054756,0.0076562,0.0049702,0.07875,0.06747,0.20273,1
2.50E-05,4.00E-06,0.00055225,1.00E-06,1.27E-06,1.56E-08,0
0.047742,0.047524,0.000289,0.028434,0.031418,0.095095,0
0.29594,2.50E-05,0.003969,0.018701,0.0020026,0.014884,0
0.000196,0.012321,6.25E-06,0.0039533,0.00057002,0.00049506,0
0.003025,0.0169,0.0029703,0.0045058,0.01043,0.012238,0
0.12145,0.030276,0.006084,0.002691,0.012826,0.030932,0
1.9796,0.27458,0.008649,0.008281,0.05748,0.033443,1
4.3451,0.0225,0.005329,0.25667,0.0034076,0.0010481,1
0.0121,0.019044,0.004624,0.00033306,0.0092641,0.017756,0
4.90E-05,1.23E-05,0.000484,1.41E-07,3.91E-07,1.27E-06,0
0.0035402,0.066822,0.028224,0.045796,0.0025,0.013398,1
0.000144,3.60E-05,0.00011025,6.89E-06,3.52E-06,1.56E-08,0
0.5983,0.075625,0.008836,0.39596,0.41958,0.85863,1
0.00065025,0.058806,0.04601,0.0028489,0.017096,0.061628,0
0.001936,0.00013225,0.000841,0.00031506,0.0013598,0.0011391,0
0.0028622,2.50E-07,0.003481,0.0040323,2.50E-05,0.00054056,0
0.35581,0.7208,0.15132,0.0013414,0.0026266,0.33322,1
0.008836,0.00038025,0.002601,2.25E-06,0.042642,0.10506,1
0.00038025,0.01677,0.005776,0.00041514,0.00093025,2.50E-07,0
1.1513,0.23088,0.024025,0.22836,0.017161,0.070291,1
0.0066423,0.016129,0.038809,0.021134,0.053998,0.091506,1
0.000289,2.03E-05,6.40E-05,1.56E-08,3.91E-07,1.31E-05,0
4.23E-05,0.003025,0.000441,0.0066219,2.14E-05,0.0012163,0
0.000225,0.05499,0.0093123,0.00083377,1.56E-06,0.003364,0
0.029412,0.005329,0.0048302,0.48424,0.11022,0.35328,1
0.000121,0.00060025,0.000121,2.50E-07,3.52E-06,1.41E-07,0
0.00034225,0.020022,0.000361,7.01E-05,9.77E-06,0.0010644,0
0.14025,0.061752,0.10498,0.0011306,0.0075256,0.002292,1
0.000256,0.000289,0.00013225,6.25E-06,6.25E-08,1.56E-06,0
0.14251,0.005041,0.0729,0.00096877,0.42478,0.6989,1
1.8131,0.19053,0.099856,0.064961,0.075694,0.10791,1
0.4045,0.00011025,0.0010563,0.059841,0.023066,0.10685,0
1.00E-06,0.000196,4.00E-06,6.89E-06,2.14E-05,7.56E-06,0
1.5663,1.0343,0.047961,0.010481,0.0065206,0.018394,1
0.1369,0.010201,0.009025,0.31444,0.17598,0.75886,1
2.25E-06,2.50E-07,4.00E-06,3.91E-07,1.06E-05,1.56E-08,0
0.073441,0.002601,0.085264,0.062375,0.13635,0.16677,1
0.055696,0.091809,0.04862,0.0016606,0.0035551,3.75E-05,0
0.004489,0.004624,0.028056,0.01161,0.00063127,0.0040641,1
0.00030625,0.063504,0.004761,0.0011391,0.0010081,0.00042539,0
0.141,2.50E-07,0.081796,0.006241,0.081582,0.036672,1
0.0014822,0.005476,0.0013323,0.005625,0.0031923,0.0012426,0
0.10368,0.051756,0.012321,0.057061,0.06747,0.1024,1
0.70896,0.11189,0.007396,0.026447,0.015407,0.00068906,1
0.10989,0.00046225,0.0020703,0.0062806,0.001089,0.011827,0
0.7569,0.48025,0.07263,0.013196,0.051756,0.34281,1
3.60E-05,6.25E-06,0.001156,2.26E-05,1.00E-06,3.06E-06,0
0.13396,0.030625,0.04223,0.056704,0.0055316,0.012968,0
0.19669,0.014042,0.001024,0.15751,0.26394,1.0282,1
0.007569,0.17431,0.09333,0.12558,0.0033206,0.012128,0
0.035532,0.011449,0.000484,0.003585,0.00068252,0.026163,0
0.36482,0.43165,0.017689,0.049395,0.013631,0.087912,1
1.1524,0.11424,0.10208,0.01428,0.029198,0.17893,1
0.023716,0.088804,0.021316,0.026002,0.084245,0.2379,0
0.0080103,0.011449,0.00099225,0.021683,0.0012426,0.00079102,0
0.033306,0.003969,0.004356,0.027349,0.011799,0.013254,0
0.11156,0.08151,0.0036602,1.00E-06,0.004096,0.00019252,0
0.88078,0.011342,0.05499,0.62311,1.1686,3.2716,1
0.047524,0.002401,0.0049,0.0027694,0.017325,0.093789,0
0.098596,0.073441,0.003025,0.0019141,0.0024503,0.049952,0
2.50E-07,0.026896,0.0069723,0.023639,0.00082656,0.007056,0
0.48164,0.30526,0.007396,0.033626,0.0025503,0.014131,1
0.016002,4.23E-05,0.0042902,7.23E-05,0.0027694,0.056228,1
0.7225,0.041616,0.013806,0.012769,9.26E-05,9.51E-05,1
1.4149,0.0897,0.016641,0.048952,0.0035551,0.024141,1
0.26729,0.48094,0.16201,0.021756,0.0225,0.0042739,1
0.16646,0.064516,0.0069722,0.019705,0.0037822,0.031773,0
4.00E-06,9.03E-05,0.000361,1.14E-05,2.25E-06,4.00E-06,0
0.8761,0.033306,0.0028623,0.32976,0.45428,1.2775,1
0.0091202,0.04182,0.13913,0.021499,0.014702,0.017259,0
0.30803,0.042025,0.011556,0.00026002,0.027225,0.010277,1
0.012656,0.049729,0.11156,0.0069514,4.00E-06,0.011637,0
0.34106,0.01221,0.004624,0.57779,0.48372,1.2332,1
0.060025,0.006561,0.014161,0.42185,0.28663,0.91298,1
0.36,0.007056,0.15603,0.14592,0.3312,0.94066,1
9.00E-06,0.001681,0.0009,5.64E-06,0.00032852,0.00045689,0
1.4702,0.0018063,0.00065025,0.011908,0.015908,0.014641,0
0.0024502,0.033672,0.004624,0.012488,0.000324,0.0060451,0
2.3363,0.24651,0.033124,0.041871,0.011936,0.02461,1
0.050176,0.082369,0.25705,4.39E-05,0.11365,0.19981,1
3.60E-05,2.50E-07,0.00013225,1.56E-06,4.52E-06,5.06E-06,0
0.056169,0.47403,0.10144,0.015971,0.033535,0.008649,0
0.00042025,0.0014823,0.00030625,0.0073103,0.00024806,0.00049506,0
1.0272,0.16362,0.13104,1.9446,0.097891,0.1603,1
0.27196,0.001681,0.0402,0.11577,0.00097656,0.0095795,0
0.09641,0.006241,0.2809,0.0012514,0.036864,0.022463,1
1.892,0.080656,0.029584,0.26794,0.17358,0.94941,1
0.01809,0.000324,0.01092,0.022613,0.030233,0.12119,0
0.076452,0.37454,0.038416,0.0032348,0.062563,0.099935,1
1.2996,0.10368,0.024806,0.17285,0.11416,0.42641,1
0.049506,0.038025,0.11022,0.013139,0.065985,0.25226,1
0.33063,0.03591,0.00024025,0.20183,0.17777,0.19847,1
1.3701,0.0024503,0.024336,0.12364,0.00037056,0.070291,1
0.0441,0.51051,0.0903,0.0091441,0.0021973,0.0036602,0
0.37823,0.24206,0.45158,0.068448,0.14746,0.15132,1
2.4996,0.36966,0.000289,0.00066952,0.35626,0.54059,1
0.016256,0.000169,0.029412,0.0207,0.0064401,0.0093364,0
0.056406,0.0196,0.001681,0.00074939,0.0012163,0.0073102,0
0.43891,0.087616,0.015006,0.30941,0.15751,0.72463,1
0.036672,0.002116,0.029584,0.0081225,0.0022326,7.66E-05,0
0.49985,0.6989,0.063252,0.03032,0.10248,0.42984,1
2.8968,0.00070225,0.26266,0.060824,0.64361,0.22848,1
0.0010563,0.003721,0.0069723,0.010764,3.16E-05,0.00087025,0
0.35462,0.01703,0.005329,0.064009,0.098047,0.1611,1
0.33814,0.026569,0.059292,0.073712,0.005476,0.060762,1
0.69056,0.26781,0.22801,0.059292,0.013082,0.044627,1
0.042642,3.4447,0.84364,0.0019802,0.013427,0.5595,1
0.29594,0.012996,0.11323,0.063127,0.047415,0.12799,1
0.0068063,0.001681,0.00030625,0.0064401,0.00089252,0.0018706,0
0.68393,0.81903,2.50E-05,0.02556,0.013954,0.44773,0
0.001024,0.26729,0.09954,0.032445,0.01428,0.0071826,0
3.60E-05,0.0504,0.053592,0.021462,0.01121,0.02568,1
2.50E-05,0.000529,9.03E-05,7.56E-06,3.16E-05,1.81E-05,0
0.14213,0.15801,0.00042025,0.050963,0.0081225,0.073441,1
0.0144,0.001936,0.0058523,0.03783,0.0016201,0.019425,0
2.2201,0.22705,0.15249,0.00047852,0.063441,0.13709,1
8.8031,0.056644,0.028561,0.663,0.02576,0.32747,1
0.3047,0.10401,0.12215,0.015688,0.029156,0.010328,1
0.86304,0.01428,0.010201,0.062438,0.28971,1.2224,1
0.00060025,0.012544,0.00038025,0.0042088,4.90E-05,0.0018169,0
1.3053,0.02088,0.0011902,0.21126,0.45058,1.38,1
0.0001,0.03404,0.006084,0.018191,0.00010764,0.0056438,0
0.010609,0.050625,0.012769,0.11963,0.23124,0.22125,0
0.00027225,0.0093123,0.0060063,0.012045,2.03E-05,0.000529,0
0.16362,0.25402,0.0031922,0.00012377,0.003025,0.0011056,0
0.014641,0.020449,0.030102,2.50E-05,0.0045563,0.0017535,0
4.8312,0.41861,0.077284,0.10693,0.011025,0.1742,1
4.23E-05,0.00024025,0.00018225,2.89E-05,2.25E-06,7.66E-07,0
0.0081,0.27405,0.0076562,0.011963,0.0086026,0.00011827,0
1.7662,0.13579,0.009025,0.15652,0.015283,0.037201,1
1.2388,0.10368,0.0441,0.0049702,0.050456,0.065728,1
0.11089,0.15721,0.042025,0.018564,0.017756,0.000729,1
2.0664,0.43891,8.10E-05,0.054932,0.033443,0.16,1
1.604,0.17431,0.045582,0.1595,0.027349,0.071022,1
0.20612,0.08381,0.17389,0.080372,0.0021506,0.05736,1
0.000196,0.0080103,0.0011902,6.81E-05,7.88E-05,0.00054056,0
0.005184,0.05267,2.50E-05,0.013398,0.0019691,0.0009,0
0.047524,0.009025,0.0016402,7.01E-05,0.0028223,8.33E-05,0
0.000144,0.021756,0.009409,0.016002,3.52E-06,0.0015603,0
0.2116,0.43692,0.28409,0.035627,0.01334,0.019286,1
0.000324,0.053361,0.021316,0.0059676,0.0015308,0.003969,0
0.31528,0.10758,0.14025,0.0036451,0.23269,0.20976,1
0.018496,2.50E-07,0.0045563,0.00044627,5.63E-05,0.002209,0
0.04644,0.026244,0.10401,0.3431,0.72208,1.5675,1
0.0289,0.08094,0.074529,0.0065408,0.008441,0.007569,0
1.2578,0.12076,0.007569,0.47128,0.88689,2.1247,1
0.13359,0.10693,0.026406,0.23377,0.05394,0.23426,1
7.23E-05,4.00E-06,0,2.50E-07,1.41E-07,1.56E-08,0
0.00046225,0.039601,0.04644,0.011263,0.00042025,0.0037363,0
0.007396,0.0034222,0.029756,0.000729,0.014823,0.039056,0
0.0071402,0.02706,0.019321,0.019425,3.75E-05,0.003122,0
0.09272,0.016727,0.021073,0.03352,0.029627,0.0080551,1
0.00087025,0.035721,0.003721,0.0062806,0.00013225,0.0067856,0
0.16524,0.45226,0.065536,7.44E-05,0.04342,0.049562,1
0.4921,0.04431,0.017424,0.01311,0.09891,0.19925,1
1.60E-05,0.000121,4.90E-05,1.27E-06,3.31E-05,2.25E-06,0
0.085264,0.23523,0.0042902,0.23753,0.064009,0.19448,1
1.278,0.099856,0.12638,0.011963,0.024141,0.19108,1
0.00046225,0.00034225,0.00013225,4.00E-06,2.50E-05,0.00015939,0
0.064262,0.03404,0.001369,0.71213,0.82515,2.3405,1
0.29866,0.083521,0.06477,0.039701,0.00015939,0.0011056,1
0.0196,0.03591,0.10017,0.82674,0.30705,1.3786,1
0.22705,0.052212,0.043472,0.047688,0.050456,0.043212,0
0.051529,0.014762,0.63123,0.017358,1.0949,1.5958,1
0.000961,0.028392,0.010404,0.014915,0.000225,0.0048476,0
0.021904,0.13838,0.024806,0.076245,0.0024502,0.030976,0
0.001024,0.15484,0.010506,0.003585,0.0037823,0.0043725,0
0.31136,0.090601,0.42772,0.010738,0.02128,0.22208,1
0.29413,0.005041,0.01,0.0054883,0.01809,0.15327,0
0.12781,0.079806,0.000625,0.013456,0.0010481,0.0013783,0
2.50E-07,0.000121,0.00065025,9.00E-06,1.56E-08,2.38E-05,0
0.0004,0.013806,0.0018922,0.0053108,1.23E-05,7.44E-05,1
0.19053,0.067081,0.007921,0.41974,0.3683,1.3842,1
0.066049,0.00050625,0.048841,0.0079656,0.005202,0.0087891,0
9.00E-06,0.00011025,2.50E-05,9.77E-06,9.77E-06,1.56E-06,0
0.19847,0.051756,0.015376,0.0045058,0.021389,0.00029327,1
0.56626,0.041006,0.00018225,0.029627,0.010025,0.01946,1
1.23E-05,7.23E-05,1.23E-05,2.64E-06,1.14E-05,5.06E-06,0
0.039006,0.04,0.0017223,0.00037539,0.0033063,0.0034663,0
2.5889,0.28891,0.1936,0.001089,0.0023523,0.0096776,1
0.50056,0.087025,0.031684,0.44873,0.19769,0.4972,1
0.10144,1.2466,0.26368,0.065025,0.0080775,0.00014102,1
4.90E-05,4.00E-06,0.00024025,5.63E-07,5.44E-05,1.14E-05,0
1.1088,0.58752,0.0058523,0.79344,0.14602,0.34149,1
0.04389,0.0037823,1.3317,0.020129,0.51266,0.4879,1
0.42837,0.0026522,0.01677,0.017889,0.00046225,0.068382,1
0.000576,4.00E-06,0.0004,2.38E-05,1.41E-05,1.56E-08,0
0.7744,0.11122,0.055225,0.00023639,0.32962,0.79522,1
0.010609,0.029929,0.024025,0.0037669,0.014013,0.070291,1
0.06027,0.01703,0.0011902,0.006889,0.090375,0.42104,0
9.00E-06,0.000196,0.000121,3.91E-07,1.31E-05,1.50E-05,0
0.003844,0.002116,0.03783,0.085045,0.0047783,0.000196,1
0.005041,0.16362,0.0441,0.032942,0.003969,0.0028623,0
0.00055225,0.17598,0.21483,0.06996,0.0093606,0.010532,1
6.40E-05,2.03E-05,0.000256,3.91E-07,1.41E-07,4.00E-06,0
0.004096,0.011342,0.000324,2.50E-05,6.01E-05,1.56E-06,0
0.049729,0.28998,0.36603,0.13231,0.12558,0.41136,1
0.000144,0.085264,0.79121,0.40354,0.10668,0.0018706,1
0.10208,0.030102,0.11696,0.13773,0.05754,0.032942,1
5.63E-05,0.00027225,2.03E-05,3.06E-06,6.25E-08,1.00E-06,0
0.047961,0.0049,0.026732,2.89E-05,0.022388,0.030932,1
0.031329,0.27615,0.006241,0.01161,0.0073102,0.00053477,1
4.9062,0.012882,2.1594,0.071289,0.058322,0.035721,1
0.000121,0.00024025,5.63E-05,4.52E-06,3.91E-07,7.56E-06,0
0.06734,0.010712,0.041006,0.043838,0.03045,0.11748,1
0.0225,0.60918,8.10E-05,0.946,0.031907,0.2025,0
0.35522,0.0058523,0.003249,0.11696,0.0029976,0.0018814,0
8.10E-05,0.000324,0.003025,0.0055131,0.067535,0.012128,0
0.011449,0.020736,0.037249,6.25E-08,0.007766,0.017358,1
0.17347,0.16974,0.53217,0.055225,0.032716,0.22219,1
0.11156,0.001849,0.000961,0.12754,0.043108,0.1589,1
0.69806,0.57532,0.28037,0.44439,0.0256,0.096643,1
0.1296,0.015876,0.11424,0.079454,0.012684,0.0053473,1
0.00011025,0.00021025,0.000361,2.25E-06,8.27E-06,1.31E-05,0
3.7307,0.003249,0.00030625,0.18738,0.015656,0.013168,1
0.003364,0.0061623,0.0014822,3.31E-05,0.00045689,0.0046923,0
2.9292,0.60606,1.2735,0.00097656,0.0072676,0.000841,1
0.002025,0.0049703,0.00070225,0.059292,0.07069,0.043316,0
2.2156,0.58217,0.19272,0.48738,0.21751,0.023986,1
0.10824,0.001024,0.035532,0.02739,0.12523,0.34707,1
3.1506,0.1802,0.12674,0.00037539,0.011449,0.041158,1
0.06275,0.0091202,0.002025,0.00029327,0.091355,0.12128,0
0.007744,0.18836,0.023104,0.0011139,0.050569,0.05611,0
0.1211,0.22944,0.079524,0.021536,0.0020138,0.00041514,0
1.3995,0.020022,0.084681,0.012238,0.012073,0.0069098,1
0.04644,0.04,0.019321,0.019916,0.00065664,0.00082656,0
0.021756,0.003249,0.005329,0.017623,0.0023281,0.022463,0
0.10049,0.041616,0.038025,0.27628,0.11748,1.0151,1
2.5122,0.007225,0.093025,0.016738,0.32177,0.31136,1
0.71487,0.14364,0.02418,0.70539,0.94503,2.8111,1
0.81993,0.0155,0.033672,0.063315,0.0097022,0.086657,1
0.15171,0.038416,0.001936,0.0058331,0.00030625,0.0010481,0
0.31584,0.031684,0.0051122,0.21669,0.48025,1.3651,1
0.31472,0.015129,0.13469,0.13014,0.0061426,0.036433,1
0.0014823,0.076176,0.0014822,0.0016,0.002704,0.012996,0
1.0837,0.064262,0.53582,0.0024626,0.031595,0.028985,1
0.0013322,0.0089302,2.25E-06,0.093483,0.067146,0.038074,0
0.000484,0.0027562,1.60E-05,0.000676,4.06E-05,0.0016913,0
0.38688,0.027556,0.0961,0.89468,0.71699,1.7736,1
9.00E-06,0.003721,0.002209,0.00015625,1.31E-05,0.001016,0
1.3689,0.09954,0.026732,0.1296,0.13515,0.23668,1
8.10E-05,0.000144,0.00050625,1.14E-05,1.89E-06,1.60E-05,0
0.007569,0.024806,0.005625,0.012432,0.018803,0.065153,0
0.017161,0.01809,0.00027225,0.017063,0.01221,0.001305,0
0.0308,0.003844,0.020022,0.00033306,0.00047852,0.0089539,0
2.8696,0.01113,0.83814,0.10376,2.3558,3.6405,1
0.012882,0.0037823,0.001024,0.0044723,0.0029025,0.0034516,0
0.16687,0.11594,0.08673,0.28663,0.18426,0.16738,1
0.000196,2.25E-06,1.00E-06,2.64E-06,5.63E-07,4.52E-06,0
0.000121,1.00E-06,0.00021025,2.25E-06,4.00E-06,1.56E-06,0
0.026569,0.00050625,0.000169,0.4489,0.5157,1.5986,1
3.08E-33,0.009216,0.019881,0.014611,7.23E-05,0.021536,0
0.013456,0.00093025,0.011881,0.20385,0.15553,0.68517,1
1.565,0.008836,0.012996,0.66872,1.2797,3.9204,1
0.0049702,0.01974,0.0081903,0.018326,1.41E-07,0.0021739,0
0.4761,0.085849,0.08673,0.051813,0.056585,0.12145,1
0.00055225,0.092112,0.25857,0.018124,0.00012377,0.02661,1
5.63E-05,1.23E-05,0.000144,1.70E-05,5.26E-05,1.00E-06,0
0.054289,0.10208,0.32092,0.23559,0.011422,0.089625,1
0.3014,1.5104,0.000289,0.15093,0.040602,0.45041,1
0.007225,0.02418,0.012882,0.022688,2.14E-05,0.0023766,0
0.38131,0.007396,0.23377,0.0043231,0.010738,0.065216,1
0.13177,0.012656,0.001849,0.015006,0.014976,0.059536,0
0.52418,0.038809,0.033124,0.030581,0.082513,0.087616,0
0.20794,0.0074823,0.016512,0.0014919,0.015845,0.00053477,1
0.12638,0.0089303,8.10E-05,0.0040006,0.014042,2.14E-05,0
0.82174,1.112,0.85563,0.051927,0.4742,0.38751,1
4.00E-06,0.000196,0.00018225,1.00E-06,1.27E-06,5.63E-07,0
0.000121,4.90E-05,0.0001,3.31E-05,5.06E-06,2.26E-05,0
0.003969,0.17472,0.028056,0.028603,0.08769,0.051189,1
0.010609,0.015625,0.010712,0.0032064,0.012377,0.058322,0
0.84732,0.23088,0.16687,0.028603,0.013631,0.018057,1
0.0036602,0.0101,0.031506,0.0085331,0.003721,0.003025,0
2.25E-06,3.60E-05,0.00011025,7.56E-06,4.52E-06,2.25E-06,0
4.00E-06,2.50E-07,9.00E-06,1.23E-05,3.52E-06,3.06E-06,0
0.71487,0.03222,1.0847,0.015782,0.0071191,0.11834,1
0.0081903,0.0057003,0.0015602,0.0026266,0.00071556,0.002916,0
0.021462,0.000196,0.00038025,0.011936,0.01648,0.005184,0
0.0025502,0.05978,0.018769,0.011745,3.03E-05,0.0034369,0
0.006084,0.97023,0.0441,0.0041441,0.54594,0.1616,1
2.03E-05,0.00013225,0.00011025,3.06E-06,4.06E-05,1.23E-05,0
0.0020703,0.004096,0.00075625,0.00024806,6.89E-06,0.00058202,0
0.02387,0.007225,0.01092,0.012377,0.0032919,0.044891,0
3.60E-05,0.003481,0.002916,0.0015113,0.00077006,0.00061256,0
0.000225,0.00013225,2.50E-07,1.00E-06,6.89E-06,2.14E-05,0
2.25E-06,4.90E-05,2.03E-05,6.25E-06,5.63E-07,2.50E-07,0
0.0058523,0.0576,0.059536,0.00011025,2.89E-05,0.030932,1
0.010816,0.000784,0.0504,0.038563,0.010712,0.015563,0
0.001521,0.0035402,0.013689,0.013456,0.015345,0.0169,0
0.084681,1.23E-05,0.002704,0.0047438,0.00079102,0.0402,0
0.002704,0.000324,0.0036603,0.013283,0.0033495,0.0019581,0
0.0013322,0.007744,0.0037822,0.0013506,0.012432,0.010353,0
0.29648,0.057121,0.034782,0.01425,0.023755,0.07833,1
0.36966,0.16687,0.017292,0.10816,0.38332,1.2349,1
0.41474,0.076452,0.006241,0.046602,0.010946,0.028985,1
2.1258,0.053361,0.047089,0.020989,0.037928,0.0063203,1
0.22373,0.0085563,0.013572,0.0068683,4.73E-05,0.07412,0
0.44023,3.60E-05,0.0089302,0.0080326,0.0062016,0.040351,0
0.036672,0.0099003,0.005625,0.002916,7.66E-07,0.00034225,0
0.0019802,0.009604,0.0017222,0.0019141,0.12879,0.141,1
0.025921,0.12041,0.18533,0.00091506,0.010481,0.004489,1
0.65529,0.051529,0.05546,0.15347,0.28196,0.78899,1
0.20566,0.05499,0.06734,0.079877,0.75581,2.0743,1
0.20976,0.057121,0.061009,0.0013141,0.14535,0.32376,1
4.90E-05,0.010609,0.0071402,0.012882,0.00015625,0.0025883,0
0.0045562,0.000625,0.000961,0.040956,0.039105,0.10208,1
0.036481,0.0021622,4.23E-05,0.037249,0.06225,0.20782,1
0.31192,0.21391,0.015876,0.015971,0.27865,0.43494,1
0.12674,1.7729,0.1218,0.06528,0.063378,0.0064601,1
0.082944,0.10726,0.26317,0.18738,0.001089,0.17057,1
0.67158,0.0196,2.03E-05,0.058867,0.67836,1.4905,1
0.002025,0.0049703,0.00070225,0.059292,0.07069,0.043316,0
0.011664,0.003969,0.006084,0.0025376,0.00096877,0.005776,0
2.50E-07,0.00013225,0.0011902,4.00E-06,2.50E-07,1.56E-06,0
0.09272,0.005929,0.0014822,0.00026814,0.057241,0.082082,0
1.3122,0.13579,0.056882,0.00080514,0.22149,0.037636,1
0.47403,0.64642,0.2261,0.080514,0.55186,0.73359,1
2.50E-07,0.01575,0.01575,0.012128,0.00068906,0.001032,0
0.30085,0.34457,0.016002,0.00066306,0.014854,0.011342,0
2.1815,0.09641,0.0625,0.11662,0.44256,0.69973,1
0.16769,0.0017223,0.015625,0.038809,0.10025,0.1679,0
0.41861,0.011881,4.23E-05,0.13662,0.43626,0.89114,1
0.000625,0.000361,0.014161,0.022463,0.0030664,0.00016577,0
0.007225,0.012544,0.010506,0.015314,8.10E-05,0.0027563,0
0.10433,0.001089,0.024806,0.72356,0.27944,0.97047,1
0.01113,0.001849,0.000529,0.053073,0.10216,0.42104,1
0.88548,0.074256,0.17347,0.014042,0.10296,0.5625,1
0,0.02739,0.0055503,0.017956,0.00071556,0.0069931,0
0.000289,4.23E-05,2.50E-05,1.00E-06,3.06E-06,2.50E-07,0
0.027722,0.11594,0.1089,0.019495,0.0014823,0.0069306,0
0.00099225,0.020022,0.012996,0.0017223,0.00041006,8.10E-05,0
0.0031922,0.016129,0.015625,1.70E-05,0.0014063,0.00024806,0
0.68558,0.21576,0.60218,0.036433,0.43428,0.42494,1
0.0014062,0.0069722,0.0083723,0.007766,0.0028623,0.008464,0
0.0001,5.63E-05,0.00013225,2.25E-06,1.41E-07,1.56E-06,0
0.38875,0.079524,0.017424,0.09641,0.13773,0.18533,1
0.1232,0.12709,0.008649,0.0029025,0.042076,0.065921,0
0.001764,0.0019803,1.60E-05,0.001032,6.89E-06,0.00011025,0
0.0049,0.038612,0.11323,0.050625,0.050008,0.26845,1
0.47403,0.000196,0.004356,0.030976,0.04644,0.096643,0
0.33293,0.42576,0.15366,0.071556,0.014702,0.034225,1
0.039006,0.011772,0.004761,0.0011056,0.000676,0.0066423,0
0.099225,0.001369,0.1936,0.21425,0.12906,0.22219,1
1.6978,2.9705,0.066049,0.00080514,0.00050064,0.0098258,1
0.015006,0.011449,2.03E-05,0.00042539,0.015563,0.051813,0
0.62252,0.00046225,0.0729,7.88E-05,0.14251,0.58351,1
1.0619,0.11903,0.094864,0.047579,0.029843,0.00093789,1
0.00070225,0.00038025,0.001225,0.0041281,0.000289,3.91E-05,0
0.43231,0.07049,1.1979,0.0050056,0.0030388,0.055108,0
0.000225,2.50E-07,0.00042025,1.06E-05,3.91E-07,1.41E-07,0
1.4896,0.099856,4.23E-05,0.019705,0.15662,0.12915,1
0.0087422,0.18361,0.01221,0.025961,0.015656,0.039056,0
1.174,0.045156,0.01113,0.22373,0.28743,0.97812,1
2.03E-05,0.1211,3.03E-05,0.0078101,0.015129,0.0034663,1
0.42445,0.047306,0.09954,0.46786,1.6535,4.5775,1
1.5625,0.1596,0.1225,0.18619,0.0025251,0.017523,1
0.01677,0.034969,0.00070225,4.23E-05,0.0016,0.00043577,1
0.45901,0.019182,0.36724,0.048125,0.0042576,0.04342,0
0.56025,0.041006,0.094864,0.19031,0.56682,1.9804,1
0.019321,0.41926,0.34457,0.0018383,0.27707,0.32135,1
0.060762,0.14516,0.018632,0.04342,0.0093364,0.028056,0
2.50E-07,0.02088,0.000961,0.0030526,2.38E-05,0.00015006,0
0.25908,0.023104,0.000169,0.26407,0.2505,0.53181,1
0.0529,0.000784,0.007225,0.4149,0.20646,0.7172,1
0.8281,0.11731,1.9293,0.04431,0.42886,1.0023,1
0.000169,1.23E-05,0.00075625,5.63E-07,1.89E-06,1.56E-06,0
0.20521,0.027556,0.05499,0.01946,0.015438,0.038123,1
1.5463,0.11223,0.13616,0.24059,1.2062,1.2432,1
0.04644,1.4424,0.25251,0.00098439,0.069301,0.0059869,1
0.26936,0.029929,0.00060025,0.23998,0.3721,1.1589,1
0.047742,0.0042903,0.0041602,0.0059869,0.00049506,0.049451,1
0.001089,0.016129,0.054522,1.91E-05,0.029156,0.013254,0
0.0361,0.11122,0.29322,0.0052381,0.0063004,0.04862,1
0.26214,0.016641,0.13032,0.025321,0.007744,0.0018923,0
0.011449,0.014161,0.013456,0.0050588,0.00088506,0.016034,0
0.18063,0.50481,0.006561,0.0024256,0.7225,0.51912,1
0.009025,0.00021025,0.0011223,0.0034516,0.00071556,0.0028489,0
1.1438,0.39376,0.05978,0.062938,0.00031064,0.042746,1
0.248,0.087912,0.041209,0.1296,0.11946,0.28582,1
0.0016402,0.041209,0.00055225,0.040351,0.043629,0.005202,1
0.96334,0.20521,0.069432,0.00035156,0.00074939,0.04601,1
0.13396,0.26368,0.01092,0.000441,0.0017222,0.0022326,0
1.4078,0.10401,0.10049,0.028561,0.1145,0.13359,1
0.64561,0.054522,0.010609,0.11064,0.25339,0.52002,1
0.0035403,0.055696,0.020306,0.013283,5.63E-05,0.0042576,0
0.0040323,0.002025,0.034225,0.0126,0.024531,0.015376,0
0.14977,0.005929,0.22562,0.00029327,0.015813,0.00010764,0
0.0011222,0.0020702,0.028392,0.011854,0.00013806,0.00034689,0
0.026406,0.071824,0.062001,0.0035551,0.037685,0.14222,0
0.561,0.039601,0.084972,0.017689,0.0075039,0.026123,1
0.01428,0.000484,0.0196,0.012713,0.0045226,0.055578,0
0.87142,0.31641,0.2704,0.21183,0.040301,0.000289,1
0.000121,0.0097023,0.0018062,0.0052744,9.03E-05,0.0019581,0
0.14213,0.034782,4.90E-05,0.0021275,0.005166,0.00018564,0
0.17223,0.056169,0.0018922,0.030976,0.14156,0.18426,0
0.0441,0.0052563,0.077284,0.0058906,0.4484,1.2877,1
1.1385,0.0759,0.0040322,0.084028,0.002316,0.023333,1
6.25E-06,0.000225,2.50E-05,1.06E-05,1.41E-05,1.56E-08,0
0.056485,0.021365,0.00034844,0.011165,0.0042304,6.89E-06,0
4.9018,0.02544,0.17472,0.058685,0.0023401,0.045316,1
0.41281,0.10726,0.041616,0.015845,0.007225,0.0030941,0
2.03E-05,1.60E-05,0.001225,1.56E-06,1.00E-06,2.50E-05,0
2.50E-07,0.01092,0.000441,0.0093364,0.00061256,1.06E-05,0
0.43692,0.012321,0.007396,0.23016,0.24108,0.90416,1
7.23E-05,0.00034225,0.00011025,1.89E-06,1.56E-08,1.27E-06,0
0.0015602,0.0045563,0.01575,0.015656,0.031329,0.017227,0
0.0063202,0.010609,0.005184,0.00087025,0.0012163,0.00081939,0
3.0311,0.018769,0.0729,0.064707,1.60E-05,0.080372,1
4.23E-05,0.000196,6.25E-06,3.91E-07,4.52E-06,1.89E-06,0
1.9881,0.2007,0.1232,0.035203,0.004356,0.023409,1
0.054522,0.000784,0.0028622,0.0055131,0.010328,0.046386,0
0.00024025,0.11662,0.02739,0.022839,0.031729,0.088506,0
0.2751,0.016256,0.022801,0.12523,0.091658,0.22741,1
0.6384,0.070225,0.97022,0.0082583,0.30595,0.34457,1
0.068644,0.0021622,6.25E-06,0.0067856,0.009216,0.014161,0
3.60E-05,3.60E-05,1.60E-05,6.25E-08,4.52E-06,9.00E-06,0
0.0010562,0.000324,0.000841,0.0028756,0.00013514,0.0034076,0
2.50E-07,0.000225,0.000529,3.06E-06,7.66E-07,1.41E-07,0
0.069696,0.00038025,0.36906,0.00077702,0.03102,0.035863,1
0.03629,0.010712,0.001156,0.031729,0.00035156,0.022089,0
1.7477,0.18966,0.16851,0.0068269,0.018838,0.018838,1
0.29539,0.1053,0.251,0.014072,0.010842,0.082297,0
0.11526,0.0089303,0.005184,0.0083723,0.01853,0.046548,0
0.9722,0.0089302,0.56475,0.002691,0.031952,0.0099002,1
1.6015,0.65044,0.029584,0.026732,0.50855,0.73659,1
0.20295,0.003364,0.10824,0.018496,0.0020589,0.017096,0
0.049062,0.056406,0.006561,0.11156,0.17431,0.11868,0
0.3594,0.11424,0.08732,0.010868,0.15278,0.27431,1
0.28569,0.02544,0.001156,0.0090488,0.0047438,0.0072463,1
0.49773,0.13506,0.041209,0.077702,0.00015006,0.0012163,1
0.0020703,0.0091203,0.00055225,0.0059098,0.0063401,1.41E-05,1
0.0068063,0.18749,0.11056,0.031862,0.0050766,0.00029756,1
0.82719,0.31641,0.11156,0.045422,0.025043,0.11972,1
0.0091203,0.0060063,0.027556,0.0025,0.0035403,0.035109,0
8.964,0.48164,0.94381,0.28489,7.66E-07,0.0015801,1
0.030625,0.005041,0.025281,0.054056,0.0013506,0.0081,0
2.3639,1.1364,0.73788,0.82038,0.27589,0.04671,1
0.056644,0.0064,0.0052563,0.00083377,0.062938,0.12825,1
0.001936,0.02544,0.16646,4.90E-05,0.00015314,0.0054391,1
0.83814,0.0001,0.20115,0.81,0.064009,0.044468,1
0.0029702,0.51624,0.057121,0.010635,0.0027694,0.00029756,0
0.87329,0.1521,0.0897,0.03441,0.00093025,0.0504,1
3.60E-05,0.0001,0.00021025,3.91E-07,1.00E-06,0,0
0.5417,0.1089,0.039601,0.27196,0.18105,0.65307,1
0.0029703,0.016002,0.007056,0.005929,5.63E-07,0.00039502,0
0.029241,0.0049,0.01809,0.0034663,0.022313,0.2809,1
0.74996,0.0484,0.04431,0.17472,0.40211,0.88196,1
0.0020702,0.03822,0.0155,0.013572,1.50E-05,0.0034076,0
0.039601,0.047306,0.0040322,0.0074175,0.011583,0.066435,1
0.000225,0.00021025,0.0020703,1.56E-08,1.89E-06,2.50E-07,0
0.0023522,0.0049703,0.001444,0.00041006,1.41E-05,2.64E-06,0
0.024025,0.11156,0.047742,0.0047266,0.073644,0.095249,1
4.00E-06,1.23E-05,0.000361,3.75E-05,2.25E-06,6.89E-06,0
0.16769,0.26729,0.12461,0.093178,0.037928,0.015191,1
0.040602,0.007225,0.048841,0.074597,0.41474,1.0907,1
0.29539,0.1053,0.251,0.014072,0.010842,0.082297,0
0.000289,0.02235,0.007396,0.01161,5.63E-07,0.0013506,0
0.9516,0.08094,0.023256,0.39188,0.2587,0.8231,1
0.23136,0.0037823,0.0068062,0.00034225,0.01953,0.033352,0
0.89019,0.001681,0.34398,0.005476,0.0058714,0.00077702,1
0.00018225,0.029756,0.008464,0.017128,0.00077702,0.00021389,0
0.0014062,0.0069722,0.0083723,0.007766,0.0028623,0.008464,0
0.60451,0.038025,0.16443,0.45327,0.016868,0.091961,1
4.7328,0.28143,0.054756,0.01901,0.024925,0.34692,1
1.724,0.1608,0.053592,0.00013225,0.11492,0.15484,1
0.0099003,0.0040323,0.0040322,0.039105,0.089326,0.32447,1
0.074802,0.13322,0.033672,0.013689,0.070093,0.022052,1
0.16606,0.0441,0.006889,0.0061426,0.01632,0.032897,1
0.015876,0.00013225,0.21068,0.05313,0.062001,0.1357,1
0.034596,0.15524,0.010712,0.00026814,0.0057003,1.56E-06,0
0.008464,0.04223,0.026732,0.02544,2.64E-06,0.0039063,0
0.011236,0.00015625,0.039402,0.0017119,0.023562,0.019635,0
0.0058523,0.000576,0.046225,0.072159,0.009604,3.16E-05,1
3.60E-05,0.00013225,4.23E-05,3.45E-05,1.56E-08,3.91E-07,0
0.29594,0.011556,0.00065025,0.0058141,0.035863,0.0034076,0
0.047089,0.063504,0.091809,0.0089066,0.016097,0.0043725,0
9.00E-06,0.035156,0.001936,0.022425,0.0089539,0.0018706,0
0.021756,0.003249,0.005329,0.017623,0.0023281,0.022463,0
0.00018225,1.23E-05,0.000144,8.27E-06,1.89E-06,6.25E-06,0
0.31248,0.21206,0.35165,0.028266,0.00024806,0.102,1
0.00018225,0.000225,1.23E-05,2.50E-07,6.25E-06,3.06E-06,0
0.004356,0.0055503,0.023562,0.21914,0.12224,1.1944,1
0.15642,0.013572,0.000169,0.033626,0.033352,0.12443,1
0.0085563,0.30969,0.39376,0.082082,0.28877,0.74542,1
0.10595,0.065792,0.10824,0.0032633,0.0060256,0.1988,1
0.000196,0.000289,4.00E-06,2.50E-07,4.52E-06,4.52E-06,0
0.26112,0.013572,0.015252,0.0016606,0.016868,0.01452,0
0.0144,0.041209,0.0095063,0.0014726,0.014221,0.0097763,0
0.95062,0.4096,0.17306,0.015252,0.19725,0.13496,1
0.43165,0.00081225,0.026732,0.024297,0.00048952,0.007035,1
0.18749,0.51481,0.000729,0.00093025,0.012854,0.0082129,0
0.15054,0.19581,0.09,0.23753,0.025162,0.071556,1
0.19448,0.035344,0.024492,0.29106,0.23341,1.2925,1
0.017161,0.037056,0.02265,0.020521,0.0036603,0.033581,0
0.079524,0.02387,0.011449,0.0086258,0.030581,0.01366,1
0.37454,0.010302,0.035344,0.0094576,0.081653,0.25857,0
0.0576,0.52853,0.12532,0.00091506,0.027847,0.054815,0
1.60E-05,0.01199,0.0013323,0.00094556,0.000361,0.0015308,0
0.0055503,0.0083723,0.012769,0.011936,8.10E-05,0.0038595,0
0.0289,0.002116,0.006724,8.33E-05,0.063883,0.1607,0
1.7056,0.17222,0.017556,0.032265,0.0579,0.19959,1
0.099856,0.012432,0.009409,0.60821,0.36165,1.0504,1
0.13838,0.12041,0.02576,0.0058714,0.00080514,0.002316,0
0.00024025,0.0052563,0.012321,0.0069306,6.81E-05,6.60E-05,0
0.000784,0.03045,0.016641,0.0057003,0.040401,0.067925,0
0.92256,0.23766,4.23E-05,0.10734,0.28823,0.1591,1
1.7069,0.1584,0.57305,0.0014535,0.038563,0.024336,1
0.0289,0.002116,0.006724,8.33E-05,0.063883,0.1607,0
0.251,0.10791,0.17935,0.029028,0.01366,0.0051481,0
0.0001,0.000324,0.00065025,5.64E-06,3.91E-07,2.50E-07,0
6.25E-06,0.00024025,0.000256,1.41E-07,7.66E-07,1.56E-06,0
2.3256,0.000169,1.0537,0.00098439,0.010609,0.19814,1
0.0529,0.02088,0.00015625,0.0258,0.06458,0.14602,0
4.00E-06,0.026082,0.026082,0.00027225,0.0019691,0.022388,1
0.41024,0.063001,0.017689,0.005795,0.038318,0.0028489,0
0.005625,0.000196,0.006724,0.3014,0.007569,0.00015939,1
0.01113,0.002809,8.10E-05,0.025841,4.23E-05,0.0061622,0
0.25908,0.28409,0.0961,0.00070889,0.042849,0.12041,1
0.0049703,0.00018225,0.0036602,6.25E-06,0.00051189,0.00081939,0
0.0019802,0.00046225,0.010506,0.0049175,0.0013506,0.000625,1
0.0097023,0.033856,0.001849,0.038025,0.00030625,0.0038906,0
0.36603,0.141,0.38378,0.23523,0.41926,1.2651,1
0.059536,0.000256,0.42902,0.18598,0.018124,0.0014156,1
0.070756,0.0024503,0.22326,0.45563,0.12076,1.0333,1
0.043056,0.058564,0.06786,0.050569,0.021904,0.12364,1
0.043264,0.0058523,0.12745,0.0072463,0.0033351,0.0050766,0
0.00065025,0.043264,0.031152,0.0017956,0.002316,0.0014535,0
0.10923,0.057121,0.0144,0.021646,0.0070981,0.0047956,0
0.016256,0.027225,0.010712,0.0099002,0.018838,0.012432,0
0.10368,0.024964,0.0095062,0.0021856,0.0024875,0.010609,1
0.008464,0.28944,0.0009,0.0023401,3.31E-05,0.012572,0
0.59136,0.0051123,0.22278,0.0015308,0.13792,0.00017889,1
0.001369,0.021609,0.02576,0.0044389,0.00087764,0.00074939,0
3.6462,0.68641,0.82084,0.17212,0.081225,0.070026,1
0.0014062,0.0071402,0.001089,0.004761,6.25E-06,0.00011025,0
5.63E-05,0.00034225,1.60E-05,9.77E-06,4.00E-06,7.56E-06,0
0.025281,0.0068063,0.0036603,0.012911,0.034736,0.043786,0
0.35106,0.15054,0.003721,0.010816,0.38549,1.1247,1
0.38938,0.0064,0.0044223,0.0057381,0.02117,0.063567,1
0.012656,0.011025,0.002401,0.067535,0.0011391,0.00027225,0
2.3917,0.20794,0.097344,0.012713,0.04747,0.20954,1
0.57532,0.11799,0.083521,0.0025376,0.038025,0.014671,1
0.49914,5.63E-05,0.0011902,0.099935,0.059171,0.13295,0
0.021609,0.0013322,0.00050625,0.08651,0.041361,0.029113,0
0.58906,0.049952,0.01199,0.0034516,0.02183,6.25E-06,0
0.70896,0.11056,0.03629,0.10112,0.034782,0.046171,1
2.50E-05,0.000256,0.000225,1.60E-05,1.27E-06,1.81E-05,0
0.54022,0.1802,0.14822,0.17588,0.1522,0.4682,1
0.94868,0.015006,0.2116,1.3349,0.75842,3.3375,1
0.05085,0.47679,0.19981,0.0029295,0.031506,0.21287,1
0.071289,0.008464,0.01311,0.00010506,0.031462,0.080089,1
0.57532,0.050176,3.03E-05,0.053477,0.076107,0.14803,1
0.21391,0.33698,0.96924,0.72399,0.0082583,0.001024,0
1.3948,0.20476,0.16933,0.010738,0.07317,0.15327,1
0.059292,2.50E-07,0.0023523,0.015594,0.016448,0.019881,0
1.5438,0.0026523,0.10726,0.055696,0.01901,0.0032776,1
0.14175,0.020022,0.051076,0.29444,0.011104,0.043786,1
1.7345,0.25251,0.24404,0.56044,0.16738,0.41313,1
0.0023522,0.006241,0.0024502,0.0086026,0.00024414,1.89E-06,0
0.009604,0.1584,0.21114,0.2633,0.12006,0.40227,1
1.8783,0.052212,0.016512,0.32604,0.16861,0.086363,1
0.0028622,0.00018225,0.021462,0.020058,0.015908,0.013601,1
9.00E-06,9.00E-06,1.60E-05,1.41E-05,3.06E-06,1.56E-08,0
0.0001,0.00038025,0.000784,7.66E-07,2.25E-06,3.91E-07,0
0.00013225,0.0011223,0.012882,0.00011556,0.00011556,0.00021389,0
0.39879,0.004225,0.031862,0.0207,0.0026266,0.001225,0
0.3721,0.12996,0.022952,0.010025,0.018701,0.19503,0
0.31584,0.006561,0.0036602,0.044732,0.44439,1.0015,1
2.3394,0.22562,0.12888,0.28316,0.06363,0.16423,1
0.005776,4.23E-05,0.003969,0.0094819,0.015407,0.09954,0
0.1444,0.028224,0.0361,0.00073577,0.020556,0.061877,0
4.2911,0.36845,0.14669,0.014581,0.44539,0.19736,1
0.0039063,0.099225,0.11594,0.55465,0.19382,0.03045,1
0.000324,0.035156,0.004761,0.0017745,4.39E-05,0.0029295,0
3.03E-05,0.00011025,0.000484,3.91E-07,4.23E-05,7.66E-07,0
0.043264,0.001156,0.0040322,0.014131,0.0038595,0.013196,0
2.3501,0.20295,0.025281,0.00012939,0.20748,0.58141,1
0.004096,0.01974,0.007396,2.50E-07,8.56E-05,5.81E-05,0
0.68641,0.12602,0.012769,0.042282,6.89E-06,0.082728,1
0.80371,0.041616,0.004489,0.45782,0.42331,1.5964,1
0.06734,0.053361,0.25502,0.86886,0.069366,0.13304,0
0.082082,0.000324,0.0017223,0.037442,0.00073577,0.00029327,0
0.61231,0.10465,0.20703,0.39391,0.15298,0.17903,1
0.058806,0.030976,0.15721,0.093636,0.047579,0.16595,1
0.252,2.50E-05,0.08151,0.0015602,0.0028622,0.00031506,0
0.0011903,0.0036602,0.000256,0.0076126,9.26E-05,3.60E-05,0
9.00E-06,4.00E-06,0.000169,5.06E-06,0,7.66E-07,0
0.002025,0.001156,1.00E-06,0.0021973,4.90E-05,0.00051756,0
6.25E-06,2.50E-05,6.40E-05,2.50E-05,6.25E-06,1.56E-08,0
9.00E-06,8.10E-05,0.0001,5.06E-06,2.38E-05,3.91E-05,0
0.96924,0.0196,0.008281,0.000289,0.0011306,0.0063601,0
0.0014823,3.60E-05,0.000784,0.4037,0.27209,0.83608,1
1.8619,0.2495,0.01946,0.052785,0.055637,0.16484,1
0.45293,0.03441,0.19448,0.19503,0.00074939,0.021207,1
0.061504,0.003969,0.004225,0.00021389,0.0036301,1.27E-06,0
0.0144,0.071824,0.06225,0.012996,0.00017889,0.0067035,0
0.053361,0.02907,0.0484,0.0060645,0.11172,0.19195,1
0.12006,0.001225,0.027556,0.0042088,0.08541,0.07868,0
0.0087423,0.013689,0.00065025,1.06E-05,0.00036577,0.0022208,0
3.60E-05,1.60E-05,0.00087025,1.56E-08,1.31E-05,0,0
0.0529,0.0017222,0.0035402,0.37454,0.43066,1.269,1
0.14977,0.11902,0.0068063,0.10457,0.066049,0.1742,1
0.00050625,9.03E-05,2.25E-06,7.66E-07,2.14E-05,1.81E-05,0
0.047742,0.11022,0.011556,0.00025202,0.0024256,0.00094556,0
2.50E-07,1.00E-06,0.000121,5.63E-07,1.31E-05,1.41E-07,0
0.0051123,0.000784,0.0026523,0.017523,0.009216,0.087616,0
2.25E-06,2.03E-05,0.00065025,1.41E-07,1.89E-06,3.91E-07,0
0.0018063,0.029929,0.10498,0.024141,0.0040641,0.015625,0
0.49844,0.24354,0.020736,0.000196,0.0060062,0.00014102,1
2.03E-05,0.000121,1.60E-05,3.52E-06,1.56E-08,3.52E-06,0
0.25,0.0011903,0.014762,0.017822,0.0016606,0.001089,0
0.071289,0.018225,0.0014822,0.0029976,0.06747,0.12015,0
0.22848,0.10304,0.16524,0.030844,0.02418,0.095018,1
0.005929,0.0011222,0.000169,0.00038514,0.11357,0.28462,0
3.60E-05,6.25E-06,4.00E-06,3.16E-05,7.66E-07,3.91E-07,0
0.00021025,0.010816,0.0030803,0.07378,0.0017431,0.00030625,0
0.34106,0.057121,0.63123,0.012404,0.0059869,0.01431,1
1.00E-06,4.00E-06,2.50E-05,6.25E-08,4.00E-06,3.06E-06,0
9.00E-06,0.031506,0.0196,0.015376,0.00014102,0.0015308,0
0.016256,9.03E-05,5.63E-05,0.01428,0.00024806,0.0011223,0
9.03E-05,0.02117,0.0030803,0.0040323,0.0053473,4.73E-05,0
3.03E-05,0.0016403,0.009801,0.0040164,0.00063756,5.06E-06,0
3.3948,0.22705,0.57532,0.14025,0.07833,0.41088,1
0.19184,0.44356,0.0071403,0.161,0.044521,0.0083722,1
0.0099002,0.018906,0.002304,0.021426,0.020916,0.026204,0
0.34106,0.02265,0.0034223,0.45444,0.18148,0.57798,1
0.0021622,0.13322,0.15484,0.0081676,0.010226,0.0030803,1
0.00046225,0.00015625,0.011342,0.0082129,0.048345,0.0254,0
0.0010562,9.00E-06,3.03E-05,0.00056406,4.39E-05,0.00032852,0
1.0712,0.01092,0.021904,0.0047783,0.032086,0.3351,1
0.25604,0.074802,0.003364,0.038809,0.007569,0.003844,1
9.00E-06,0.00034225,4.23E-05,0,1.41E-07,3.91E-07,0
0.028224,0.0025,0.023562,0.058141,5.63E-07,0.0121,0
0.7242,0.079524,2.432,0.00046764,0.73659,1.1865,1
0.54612,0.28356,1.1729,0.39203,0.48355,0.2412,1
0.007569,0.02544,0.021756,0.063504,0.0065206,0.02387,1
0.13988,0.09,0.000441,0.0015801,0.0018063,0.039651,0
0.000121,4.00E-06,3.60E-05,2.50E-07,1.00E-06,1.14E-05,0
0.000484,0.039204,0.026244,0.010481,0.00066306,0.00093025,0
1.5339,0.15721,0.090902,0.045422,0.024925,0.050456,1
1.0754,0.13506,0.061504,0.072092,0.070026,0.22801,1
0.091204,0.0018922,0.007225,0.029284,0.056466,0.12629,1
0.000324,0.022952,0.01974,0.012968,0.00018225,0.0013414,0
0.066564,0.025122,0.0036,5.26E-05,0.0090013,0.0080551,0
0,9.03E-05,0.00046225,2.38E-05,1.70E-05,1.56E-06,0
0.0010562,0.004225,0.0031922,0.0053656,0.0087189,0.012628,1
0.0081903,0.0025502,0.0014063,5.26E-05,0.00055225,1.06E-05,0
4.23E-05,0,4.90E-05,4.52E-06,1.41E-05,1.00E-06,0
0.000676,0.0024503,0.004356,0.0043725,0.00015939,2.03E-05,0
0.19581,0.012432,0.010201,0.041769,0.013895,0.023371,1
0.0196,0.071824,0.17181,0.56081,0.0018814,0.034225,1
0.0089303,0.55205,0.029929,0.00059414,0.050963,0.014581,0
0.047961,0.01974,0.058322,0.07666,0.2242,0.5278,1
0.00075625,0.01677,0.005041,0.0063202,2.89E-05,0.000729,0
0.099225,0.23184,1.8401,0.058262,0.49386,0.075419,1
0.20612,0.1608,0.1681,0.0044056,0.13086,0.23329,1
0.16646,0.016512,0.02235,0.017227,0.001016,0.0040641,1
9.03E-05,0.00021025,4.00E-06,2.25E-06,1.06E-05,1.89E-06,0
0.6416,0.095172,0.089102,0.0044389,0.012183,9.75E-05,1
0.0028623,0.061009,0.087616,0.0071614,0.0025503,0.0019691,0
0.46376,0.008836,0.001225,0.95624,1.7959,4.4944,1
0.13876,0.000324,0.02088,1.4179,1.6845,1.5694,1
8.10E-05,4.00E-06,8.10E-05,4.00E-06,2.14E-05,5.63E-07,0
0.00011025,2.50E-07,2.50E-05,1.60E-05,1.56E-08,3.91E-07,0
0.15054,0.027889,0.0078322,0.0039848,0.018057,0.0054945,1
0.003025,0.12145,0.0064803,3.16E-05,0.0012602,0.0098506,0
0.066306,0.03441,0.003844,0.010558,0.075625,0.15731,1
0.049284,0.27196,0.033124,0.012628,0.0049175,0.00028056,0
0.024336,0.0039063,4.23E-05,0.046602,0.17682,0.65934,1
0.18619,8.10E-05,0.013572,0.026528,0.0085563,0.011745,0
0.021904,0.0089303,0.030102,0.016706,0.00061877,0.0095551,0
0.077841,0.68476,0.0030802,0.067535,0.0038906,0.011051,1
0.017424,0.081796,0.0048303,0.00058202,0.049562,0.65468,1
0.061256,0.00099225,0.75864,0.17493,0.067925,0.020093,1
4.00E-06,0.023409,0.0014063,0.002691,2.76E-05,0.0032348,0
0.0024503,0.003721,0.005184,0.009192,5.64E-06,0.0015113,0
0.17851,4.90E-05,0.043681,0.0021275,0.001024,0.0043231,0
1.4019,0.046225,0.077562,0.55223,0.79388,2.0217,1
0,4.90E-05,0.000625,5.63E-07,3.31E-05,8.27E-06,0
1.251,0.18662,0.021609,0.085776,0.13359,0.42201,1
4.90E-05,3.60E-05,4.23E-05,5.06E-06,1.89E-06,3.52E-06,0
2.4258,0.046872,0.017292,0.0030664,0.10734,0.12505,1
0.93993,0.10401,0.0061623,0.0121,0.011745,0.072765,1
6.40E-05,0.010816,0.0091202,0.006084,0.00034225,0.00011025,0
2.0535,0.71065,0.01199,0.0033062,0.22337,0.11475,1
0.052212,0.008464,0.059292,0.0062213,0.0025125,0.0033785,1
8.10E-05,3.03E-05,0.000144,2.25E-06,7.66E-07,5.63E-07,0
0.021462,0.000196,0.00038025,0.011936,0.01648,0.005184,0
0.71318,0.047524,0.15366,0.023678,0.00058806,0.0085562,0
6.0123,0.55131,0.1596,0.046386,0.055755,0.042128,1
0.0041602,0.021025,0.011342,0.014854,9.00E-06,0.0015504,0
0.066049,0.018906,0.026569,0.0028489,0.00092264,0.0027431,0
1.23E-05,2.03E-05,0.0025,0.00070889,0.000961,0.00053477,0
0.0040323,0.0071402,0.006724,0.014884,1.81E-05,0.0020931,0
0.03591,1.0962,0.12567,0.0055502,0.021207,0.060332,1
0.092112,0.0081,0.021025,0.020556,0.0069722,0.030669,0
0.005776,0.000225,0.001521,0.00012939,0.0029703,0.020664,1
0.11256,0.078961,0.33408,0.13699,0.036053,0.29241,1
0.31416,0.022801,0.011772,0.26074,0.5175,1.2899,1
0.34281,0.09579,0.097969,0.22729,0.30526,0.86142,1
0.1232,9.00E-06,0.018769,0.00045689,0.005166,0.003969,0
0.21298,0.20476,0.008281,0.023333,0.028477,0.051246,1
0.000144,0.000361,4.90E-05,6.25E-08,1.41E-07,8.27E-06,0
4.90E-05,0.000121,2.25E-06,9.77E-06,2.64E-06,7.66E-07,0
2.50E-05,0.00099225,6.25E-06,2.64E-06,1.56E-08,1.41E-07,0
0.93606,0.013456,0.011664,0.00031506,0.013924,0.001089,1
0,2.50E-05,0.00015625,7.66E-07,1.89E-06,1.14E-05,0
0.047089,0.098282,0.019182,0.045689,0.0081225,2.50E-07,1
0.14213,0.034782,4.90E-05,0.0021275,0.005166,0.00018564,0
0.011236,1.23E-05,0.00027225,0.00043056,0.00011025,3.16E-05,1
0.003969,0.000289,1.00E-06,0.45867,0.0024751,0.10644,1
