2.55E-06,0.0071212,2.55E-06,0.0014554,0
7.52E-35,0.011374,0.0002064,0.0083827,0
4.23E-15,0.0002414,0.0078961,4.32E-07,1
4.36E-15,0.00038685,1.13E-06,0.00032716,0
4.42E-15,1.08E-06,9.99E-13,1.08E-07,0
4.44E-15,0.0065231,0.0061183,0.0086341,1
4.49E-15,0.017158,0.00013702,0.00095603,0
4.56E-15,0.00081076,2.29E-05,0.00060796,0
4.62E-15,0.013691,0.0031215,0.006785,1
1.78E-14,0.00051858,4.07E-05,0.00026546,0
2.83E-07,0.0004731,2.55E-06,0.00029578,0
2.83E-07,0.0005674,2.54E-06,0.0005351,0
2.83E-07,0.0022197,7.08E-06,1.60E-05,0
2.83E-07,0.045939,1.81E-05,0.005485,0
2.83E-07,7.47E-12,8.18E-05,1.98E-06,0
2.83E-07,0.00045069,1.02E-05,1.37E-05,0
2.83E-07,0.02162,0.0029459,0.0077007,1
2.83E-07,0.0015484,0.0016786,0.0021606,1
2.83E-07,0.013571,2.83E-05,0.00032413,0
1.13E-06,0.00021,1.14E-06,0.00018057,0
1.13E-06,0.00064381,7.25E-05,0.00050283,0
1.13E-06,0.017156,0.0074307,0.0020143,1
1.13E-06,1.72E-05,6.37E-05,8.00E-06,0
1.13E-06,0.00084063,7.08E-06,0.00081225,0
1.13E-06,0.0071214,0.0060353,3.18E-05,1
1.13E-06,0.092043,0.00011325,0.049422,2
1.13E-06,0.038502,0.0016354,0.028858,2
1.13E-06,7.75E-05,1.81E-05,6.27E-05,0
1.13E-06,0.001276,8.18E-05,0.00053968,0
1.13E-06,0.25012,0.00082564,0.014293,2
1.13E-06,0.00072525,4.52E-06,0.00054779,0
2.55E-06,0.0031244,0.0001632,0.0018482,0
2.55E-06,0.00019516,1.14E-06,3.51E-05,0
2.55E-06,0.0029543,3.42E-05,0.0015266,1
2.55E-06,0.00054259,5.55E-05,0.00041259,0
2.55E-06,0.0010304,2.55E-06,0.00096705,0
2.55E-06,0.0092738,7.25E-05,0.00080017,0
2.55E-06,0.00072456,4.53E-06,0.00069185,0
2.55E-06,0.00025768,6.39E-13,0.00013881,0
2.55E-06,0.0034233,8.18E-05,1.57E-05,0
2.55E-06,2.68E-05,7.08E-06,2.48E-06,0
2.55E-06,0.056717,0.0010536,0.0031978,2
2.55E-06,0.0057923,3.43E-05,0.0006838,0
2.55E-06,0.0054801,6.37E-05,0.0049589,0
2.55E-06,0.0025745,0.0015504,0.0037152,2
2.55E-06,0.00072432,2.81E-07,2.05E-06,1
4.53E-06,0.00020978,1.39E-05,6.93E-05,0
4.53E-06,6.70E-06,1.81E-05,8.02E-06,0
4.53E-06,0.0073863,0.00017695,0.0060938,0
4.53E-06,0.00093304,1.13E-06,0.00090951,0
4.53E-06,0.0015891,1.78E-14,7.87E-05,0
4.53E-06,0.0003473,6.37E-05,0.00020942,0
4.53E-06,0.0033014,8.18E-05,0.0005836,1
7.08E-06,0.0010306,2.83E-05,0.00022174,0
7.08E-06,0.00030985,0,0.00029476,0
7.08E-06,0.0032434,7.25E-05,5.87E-05,0
7.08E-06,0.0020287,0.00030833,7.67E-05,1
7.08E-06,0.14678,0.013088,0.11534,2
7.08E-06,0.0036065,1.02E-05,7.23E-05,0
7.08E-06,0.010509,0.0040771,0.00052556,1
7.08E-06,0.034929,8.69E-13,0.0051678,0
1.02E-05,0.0076541,2.81E-07,0.0039234,0
1.02E-05,0.011707,2.83E-05,0.00029551,1
1.02E-05,5.25E-05,0.00076554,0.00079426,1
1.02E-05,0.0029555,4.08E-05,0.00018135,0
1.02E-05,0.0018469,7.07E-06,0.0017913,0
1.02E-05,6.87E-05,0.0004088,4.57E-05,0
1.02E-05,0.0014281,1.13E-06,0.0013763,0
1.02E-05,0.055734,0.0084739,0.011145,1
1.02E-05,0.00034735,2.55E-06,2.49E-07,1
1.02E-05,0.0031261,0.080133,0.00022428,2
1.39E-05,0.0026268,0.00032729,0.0022908,0
1.39E-05,6.69E-06,2.83E-05,8.20E-07,0
1.39E-05,0.001098,8.18E-05,0.0010383,0
1.39E-05,0.023962,2.55E-06,0.0012412,0
1.39E-05,0.0010973,1.13E-06,0.00081413,0
1.39E-05,9.66E-06,4.53E-06,6.71E-07,0
1.39E-05,0.00036712,2.85E-07,0.00011924,0
1.39E-05,4.54E-05,2.55E-06,5.70E-05,0
1.39E-05,0.0013136,0.00034687,0.00079406,1
1.39E-05,0.0014677,1.81E-05,0.00012259,0
1.39E-05,0.0018917,1.02E-05,0.0018351,0
1.39E-05,0.0022685,1.13E-06,2.86E-05,0
1.39E-05,0.00081069,2.84E-07,0.00016941,0
1.39E-05,0.00056731,4.53E-06,0.00058315,0
1.39E-05,0.0004731,0.0081829,0.0046426,1
1.39E-05,0.0030695,0.0028315,0.0058433,1
1.81E-05,1.72E-05,2.83E-05,1.39E-05,0
1.81E-05,0.0015898,4.54E-06,0.001534,0
1.81E-05,0.00064322,4.79E-05,6.50E-06,0
1.81E-05,0.00072433,0.0013091,0.00020545,1
1.81E-05,0.0016724,7.09E-06,0.00018024,0
1.81E-05,0.00016755,6.37E-05,0.00010947,0
1.81E-05,0.023962,9.17E-05,0.010139,0
1.81E-05,0.010508,0.0058711,0.00080177,1
1.81E-05,0.0051044,0.0097954,0.014028,1
1.81E-05,0.011375,0.0096903,0.00045732,1
1.81E-05,0.019253,0.0031217,0.00070307,2
1.81E-05,0.007746,0.023976,0.0081732,2
1.81E-05,0.00025754,0.00067982,5.03E-05,2
1.81E-05,3.24E-05,7.08E-06,4.74E-08,0
1.81E-05,0.0007248,8.18E-05,0.00010692,0
1.81E-05,0.001548,4.53E-06,0.00099125,0
1.81E-05,0.00099764,1.81E-05,0.00049561,0
1.81E-05,0.0085876,0.00057338,0.0010731,2
1.81E-05,0.01345,0.0028883,0.00071636,2
1.81E-05,0.013932,0.0012332,0.0020139,1
2.29E-05,0.017568,4.54E-06,0.0042992,0
2.29E-05,0.0043916,2.29E-05,0.0002266,0
2.29E-05,1.72E-05,6.37E-05,1.47E-05,0
2.29E-05,0.00029219,5.13E-12,1.59E-06,0
2.29E-05,0.007837,1.02E-05,0.00012862,0
2.29E-05,0.0053284,5.37E-13,6.94E-06,0
2.29E-05,6.04E-05,6.37E-05,3.94E-05,0
2.29E-05,4.29E-06,0.0009199,3.17E-05,1
2.29E-05,0.023643,0.023321,0.0030812,1
2.29E-05,2.69E-05,1.39E-05,3.26E-05,0
2.83E-05,0.00036656,4.07E-05,5.66E-05,0
2.83E-05,0.00032842,1.13E-06,7.31E-05,0
2.83E-05,0.0024191,0.00065233,0.0030598,0
2.83E-05,0.038907,0.028094,0.035801,2
2.83E-05,0.0080216,2.55E-06,0.0058816,0
2.83E-05,0.00015438,2.83E-07,0.00018057,0
2.83E-05,0.0082092,1.02E-05,0.00062559,0
2.83E-05,0.0016733,7.09E-06,1.39E-07,0
2.83E-05,0.0034829,1.13E-06,0.00050238,0
3.43E-05,0.011484,0.00016311,0.0020264,0
3.43E-05,0.00018112,4.08E-05,6.50E-05,0
3.43E-05,2.41E-06,4.08E-05,2.46E-05,0
3.43E-05,0.00040769,1.81E-05,0.00018375,0
3.43E-05,6.03E-05,0.008279,0.0063879,1
3.43E-05,1.31E-05,2.17E-13,4.09E-05,0
3.43E-05,0.04353,0.018123,0.012788,1
3.43E-05,0.0047411,0.0027192,0.0035438,2
4.08E-05,0.00034746,7.25E-05,1.36E-05,0
4.08E-05,0.00022568,4.83E-12,0.00013857,0
4.08E-05,0.013092,0.00025478,0.0080247,1
4.08E-05,0.0018909,0.00082568,0.0018166,1
4.08E-05,0.021016,0.0090715,0.0061035,1
4.08E-05,0.0098803,9.17E-05,0.0012863,2
4.08E-05,0.027965,7.08E-06,0.00044964,0
4.08E-05,0.0018467,1.39E-05,0.00094227,0
4.08E-05,0.00027459,8.70E-13,0.00026723,0
4.08E-05,0.0015895,4.53E-06,0.0012531,0
4.08E-05,0.00030986,4.53E-06,6.46E-05,0
4.08E-05,0.00029196,7.08E-06,0.00016201,0
4.08E-05,0.00034738,5.55E-05,1.42E-05,0
4.08E-05,0.00067005,0.00016308,3.23E-05,0
4.08E-05,0.019684,0.0054703,0.0070541,2
4.78E-05,9.66E-05,2.85E-07,6.64E-05,0
4.78E-05,0.0004291,0.025482,0.00041481,1
4.78E-05,0.00032831,1.13E-06,0.0003546,0
4.78E-05,0.00064355,0.00011325,0.00020847,0
4.78E-05,0.0012034,0.00040882,0.0013654,1
4.79E-05,0.00027448,5.55E-05,0.00018798,0
4.79E-05,0.00096484,4.53E-06,0.00082674,0
4.79E-05,0.00069714,8.18E-05,0.00027588,0
4.79E-05,0.00010717,8.18E-05,0.00013952,0
4.79E-05,0.014428,0.00043068,0.00053117,0
4.79E-05,0.064358,2.82E-07,0.018319,2
5.55E-05,0.0019372,3.42E-05,0.00057931,0
5.55E-05,0.00027415,1.81E-05,9.14E-06,0
5.55E-05,0.0036069,7.08E-06,0.0010783,0
5.55E-05,0.0091744,2.29E-05,0.00049891,0
5.55E-05,0.0092717,6.37E-05,0.0073948,0
5.55E-05,5.26E-05,4.78E-05,3.21E-05,0
5.55E-05,0.075293,0.0076151,0.00079075,2
5.55E-05,0.00025762,2.83E-07,0.00012009,0
5.55E-05,0.014674,0.0019507,0.00010405,1
5.55E-05,0.022385,5.55E-05,0.00030251,1
5.55E-05,0.014553,0.0010883,0.0063211,2
6.37E-05,2.41E-06,4.53E-06,1.02E-05,0
6.37E-05,0.000592,1.02E-05,0.0002426,0
6.37E-05,0.0018913,2.55E-06,0.00046506,0
6.37E-05,2.41E-06,0.00020639,3.31E-06,0
6.37E-05,1.71E-05,2.55E-06,1.30E-05,0
6.37E-05,4.53E-05,0.012132,0.0049054,1
6.37E-05,0.0023684,0.0030624,0.0030288,1
6.37E-05,0.010614,0.0015089,2.28E-05,1
6.37E-05,0.022388,0.0017669,0.00024921,1
6.37E-05,0.0037951,0.0034261,6.85E-06,1
6.37E-05,0.04728,0.008376,0.047295,2
6.37E-05,0.026595,0.014206,0.0074013,2
6.37E-05,0.038298,0.001271,0.0052971,2
6.37E-05,0.060222,0.0018577,0.0059195,2
6.37E-05,7.76E-05,4.54E-06,0.00011742,0
7.25E-05,6.03E-05,2.55E-06,4.90E-05,0
7.25E-05,0.0048127,9.17E-05,7.89E-05,0
7.25E-05,0.0037956,1.13E-06,4.76E-05,0
7.25E-05,2.69E-05,7.25E-05,6.10E-05,0
7.25E-05,0.0030684,4.08E-05,0.0021183,0
7.25E-05,0.00056727,1.39E-05,5.79E-05,0
7.25E-05,0.00025761,2.55E-06,0.00031977,0
7.25E-05,0.012974,0.001812,0.00014318,1
7.25E-05,0.00014178,0.0022427,0.00039835,1
7.25E-05,0.005481,0.00028992,0.0016145,1
7.25E-05,0.00072505,3.42E-05,0.00018046,0
7.25E-05,0.017567,0.010221,0.0034344,2
8.18E-05,0.031532,2.82E-07,0.0097633,0
8.18E-05,0.025758,0.00011326,0.007232,0
8.18E-05,0.00081079,0.00047594,8.07E-05,1
8.18E-05,8.69E-05,1.81E-05,0.00017269,0
8.18E-05,0.0015483,7.08E-06,0.00013178,0
8.18E-05,0.00096499,5.55E-05,0.00093535,0
8.18E-05,0.0030117,2.55E-06,0.00028923,0
8.18E-05,0.00093305,1.81E-05,5.53E-06,0
8.18E-05,1.08E-06,0.0027749,0.00035334,2
8.18E-05,0.0012761,7.25E-05,0.00082925,0
8.18E-05,0.00027451,0.0042141,0.00020453,1
8.18E-05,0.010937,0.0052369,0.01316,1
8.18E-05,0.0096754,0.00045306,0.0071659,0
8.18E-05,0.0062752,0.01225,0.0026115,1
8.18E-05,0.0013899,0.0019039,0.00064351,2
9.17E-05,0.010936,3.43E-05,0.0034219,0
9.17E-05,0.00029184,1.81E-05,0.00026253,1
9.17E-05,0.00030978,1.13E-06,1.67E-06,0
9.17E-05,0.0086851,0.0089706,0.0022693,1
9.17E-05,0.0010981,2.82E-07,0.0011867,0
9.17E-05,0.00011804,2.83E-05,2.42E-05,0
9.17E-05,0.0040556,0.0026639,0.0062095,1
9.17E-05,0.012622,0.0041453,0.00016819,1
9.17E-05,0.006275,0.00032733,0.0011679,2
9.17E-05,0.00090124,5.55E-05,5.82E-05,0
0.00010221,0.003423,7.07E-06,0.0033555,0
0.00010221,0.0049568,4.78E-05,0.0003457,0
0.00010221,0.00014168,0.0085724,6.74E-05,1
0.00010221,0.00038701,0.0050839,0.0013126,2
0.00010222,0.00056656,0.004284,0.00033648,1
0.00011325,3.00E-12,4.53E-06,2.60E-05,0
0.00011325,0.0021709,3.43E-05,0.0010307,0
0.00011325,0.00078155,2.29E-05,0.00089645,0
0.00011325,0.021771,5.55E-05,0.0083189,0
0.00011325,1.31E-05,2.83E-07,6.36E-07,0
0.00011325,0.00022562,2.81E-07,7.80E-05,0
0.00011325,2.41E-06,0.00076558,0.00024121,1
0.00011325,0.010938,0.00023817,0.0024045,1
0.00011325,0.0008706,0.0029458,0.0025503,2
0.00011326,2.61E-07,5.55E-05,2.05E-05,0
0.00012486,0.0001813,1.02E-05,6.63E-05,0
0.00012486,0.0023184,6.37E-05,0.0023012,0
0.00012486,0.0061113,1.81E-05,9.75E-06,0
0.00012486,0.0048125,4.53E-06,1.52E-06,0
0.00012486,0.0017153,4.78E-05,0.00035268,0
0.00012486,0.001428,0.00017692,6.47E-10,0
0.00012486,0.036696,0.021568,0.022242,1
0.00012486,0.0030699,0.011099,1.61E-05,1
0.00012486,0.0051789,0.00023813,0.00094696,1
0.00012486,0.0053291,0.0027751,0.0077181,2
0.00012486,0.0014675,0.00032727,0.00014809,2
0.00012487,0.00011844,4.52E-06,6.55E-06,0
0.00013704,0.0041881,4.53E-06,0.0013977,0
0.00013704,0.00038686,1.44E-12,1.40E-05,0
0.00013704,0.0013134,2.83E-05,0.0013103,0
0.00013704,0.00049535,7.07E-06,0.00056571,0
0.00013704,0.00032808,1.02E-05,5.71E-08,0
0.00013704,0.00034792,2.54E-06,0.00014589,0
0.00013704,0.055734,0.016309,0.035534,1
0.00014978,0.00090176,4.78E-05,0.00030312,0
0.00014978,0.00015446,2.55E-06,1.11E-07,0
0.00014978,4.31E-06,4.79E-05,7.62E-05,0
0.00014978,0.0096753,1.13E-06,0.0048753,0
0.00014978,0.0029547,6.37E-05,0.0015128,0
0.00014978,6.70E-06,2.83E-07,9.44E-05,0
0.00014978,0.00025749,3.43E-05,8.87E-05,0
0.00014978,0.00011824,1.13E-06,1.32E-05,0
0.00014978,0.0037317,0.00070779,0.0034327,1
0.00014978,0.0069475,0.00088793,0.002736,2
0.00014978,0.011597,0.0015926,3.54E-05,2
0.00014978,0.00051892,9.17E-05,0.00019248,2
0.00014978,0.048637,0.0030627,0.001351,2
0.00014978,0.023965,1.39E-05,0.0042434,2
0.00014978,0.0086841,0.00038763,0.0026983,2
0.00016308,0.0043213,1.39E-11,0.002305,0
0.00016308,4.25E-06,8.19E-05,5.01E-05,0
0.00016308,0.00087165,3.42E-05,2.28E-05,0
0.00016308,0.018118,0.004859,0.0036265,1
0.00016309,0.0020291,2.55E-06,0.0010785,0
0.00016309,3.25E-05,2.55E-06,1.43E-05,0
0.00016309,0.0006696,1.13E-06,3.91E-06,0
0.00016309,7.74E-05,1.13E-06,3.22E-05,0
0.00016309,0.014551,0.0019505,0.0020999,2
0.00016309,0.15768,0.0033024,0.0061788,2
0.00017695,0.0019357,0.011783,0.0012721,2
0.00017696,0.0003667,2.81E-07,0.00016659,0
0.00017696,0.0071219,0.00012485,0.0032544,0
0.00017696,0.016221,2.29E-05,0.0054821,0
0.00017696,0.0044614,1.39E-05,0.0023567,0
0.00017696,0.0013513,0.0001022,0.00018807,0
0.00017696,1.08E-06,1.81E-05,5.88E-05,0
0.00017696,0.00045091,6.37E-05,0.00069112,0
0.00017696,4.33E-06,5.44E-12,0.00012234,0
0.00017696,3.85E-05,1.02E-05,5.28E-05,0
0.00017696,0.00025749,0.00043062,1.20E-05,1
0.00017696,0.00021016,0.0011238,0.001337,1
0.00017696,0.0058703,0.004639,0.0080154,1
0.00017696,0.0041882,0.01459,0.0043003,1
0.00017696,0.0085884,0.001271,0.0027133,2
0.00017696,4.53E-05,0.00057331,4.82E-05,2
0.00019139,5.25E-05,5.55E-05,0.00017332,0
0.00019139,0.0023696,0.00043079,0.0028943,1
0.0001914,0.0076547,7.07E-06,0.0076629,0
0.0001914,0.0099843,2.83E-07,0.0018773,0
0.0001914,0.041191,2.83E-05,0.02432,1
0.0001914,0.042886,0.012966,0.02403,1
0.0001914,6.87E-05,0.0015506,8.02E-06,1
0.0001914,0.010298,0.0023445,0.0012028,2
0.0001914,0.059717,8.19E-05,0.0010697,2
0.0001914,0.0055582,0.00025483,0.00011929,2
0.0001914,3.86E-05,0.00027209,3.75E-05,2
0.0002064,0.00034743,4.08E-05,0.00035179,0
0.0002064,0.00032846,1.02E-05,0.00035402,0
0.0002064,0.0037319,1.13E-06,0.0021787,0
0.0002064,4.55E-12,2.83E-05,3.28E-05,0
0.0002064,0.046609,0.024975,1.24E-05,1
0.0002064,0.0073868,0.028993,0.0043334,1
0.0002064,0.0018466,0.0077083,0.00019251,2
0.00020641,0.016486,0.00020641,0.00035303,0
0.00022197,0.0023178,2.29E-05,0.001204,0
0.00022198,2.17E-05,7.11E-14,0.00011689,0
0.00022198,0.010721,0.00019142,9.95E-05,0
0.00022198,0.0055576,4.53E-06,0.0051549,0
0.00022198,0.0030693,4.54E-06,0.0030682,0
0.00022198,0.0028436,4.53E-06,0.0029747,0
0.00022198,0.01702,0.0036152,0.0072785,1
0.00022198,0.10072,0.0059527,0.0018149,2
0.00022198,0.058708,0.05708,0.09636,2
0.00022198,0.0083975,0.0023964,0.0028789,2
0.00022198,0.44603,0.015904,0.046783,2
0.00022953,0.024912,0.012519,0.00084696,1
0.00023811,0.003363,2.85E-07,0.0033638,0
0.00023811,4.25E-06,4.54E-06,2.36E-05,0
0.00023811,0.0088785,0.012132,0.0010204,1
0.00023811,0.0016305,9.17E-05,0.00012072,1
0.00023812,0.0017153,3.43E-05,4.46E-05,0
0.00023812,0.024286,2.82E-07,0.012364,0
0.00023812,0.00014169,2.29E-05,0.00010718,0
0.00023812,0.0080221,2.83E-05,0.0015554,0
0.00023812,0.0017589,0.00098553,0.0003775,1
0.00023812,0.00064352,0.002664,3.64E-05,1
0.00023812,0.0029551,0.005629,0.0024516,2
0.00023813,0.036109,0.01658,0.0014407,2
0.00025482,0.0034838,1.81E-05,2.11E-05,0
0.00025482,0.00021013,2.83E-07,0.00027583,0
0.00025482,1.31E-05,2.80E-07,1.10E-06,0
0.00025482,6.66E-06,2.86E-07,0.00026064,0
0.00025482,1.71E-05,7.25E-05,4.55E-05,0
0.00025482,0.00015421,0.0016789,9.32E-05,2
0.00025482,0.067546,0.0014678,0.0076608,2
0.00027208,8.70E-05,4.54E-06,2.18E-05,0
0.00027208,7.73E-05,0.0023449,0.00028377,1
0.00027209,0.00064333,2.55E-06,8.63E-05,0
0.00027209,0.0010979,7.25E-05,0.00013668,0
0.00027209,0.00018129,4.53E-06,0.00023895,0
0.00027209,0.0033024,1.39E-05,0.0015108,0
0.00027209,9.69E-06,7.09E-06,0.00025111,0
0.00027209,0.0048131,0.0054704,0.00011472,1
0.00027209,0.026766,0.0042834,0.0039023,1
0.00027209,0.0083008,0.023321,0.0093218,1
0.00027209,0.0014287,0.024473,0.011408,2
0.00028993,0.0044603,7.08E-06,0.00040542,0
0.00028993,0.022853,7.08E-06,0.0042813,0
0.00028993,0.0063582,0.00043074,0.0022133,0
0.00028993,0.0038596,4.53E-06,0.00071317,0
0.00028993,0.00072459,1.81E-05,2.16E-05,0
0.00028993,0.00047315,0.0010534,0.0013939,1
0.00028993,0.115,2.84E-07,0.026732,2
0.00028993,0.014802,3.43E-05,0.013322,2
0.00028993,0.0048852,0.0022427,0.0015561,2
0.00030833,0.0021227,1.60E-12,0.0012571,0
0.00030833,0.001428,9.18E-05,0.00048835,0
0.00030833,0.013209,8.18E-05,0.0049131,0
0.00030833,0.0043915,2.55E-06,0.0020221,0
0.00030833,0.0015893,0.014461,0.00021501,1
0.00030834,0.0077477,0.00011321,0.000241,0
0.00030834,0.0047424,1.02E-05,0.001348,0
0.00030834,0.0020759,5.55E-05,0.00038117,0
0.00030834,0.00040794,1.81E-05,0.00064856,0
0.00030834,0.015442,0.001196,0.0014121,1
0.00030834,0.009271,0.0089713,0.00011867,1
0.00030834,0.0052518,5.54E-05,0.0053919,2
0.0003273,0.020124,6.37E-05,0.0014706,0
0.0003273,0.0013132,6.37E-05,9.72E-06,0
0.0003273,0.0011324,0.00019141,0.00034441,0
0.0003273,0.012621,0.00010222,0.0001445,0
0.0003273,0.00049546,0.00052348,0.00017887,1
0.0003273,0.0089766,0.0002381,0.0010124,2
0.0003273,0.025263,0.012249,0.0027876,2
0.0003273,0.020864,0.005392,0.0044297,2
0.0003273,0.083757,0.0092757,0.055729,2
0.00032731,0.014058,0.00022193,0.012491,0
0.00032731,0.013208,0.0033641,0.015089,1
0.00034683,0.0074767,0.00013709,0.0018275,1
0.00034684,0.0062746,2.83E-07,0.0057934,0
0.00034684,2.42E-06,1.02E-05,0.0002501,0
0.00034684,0.0010978,1.39E-05,0.0011023,0
0.00034684,0.0028432,2.83E-05,0.00036601,0
0.00034684,6.86E-05,2.83E-07,1.08E-06,0
0.00034684,0.0010303,0.00011326,6.47E-05,0
0.00034684,0.0025222,1.02E-05,0.002418,0
0.00034684,0.0066907,0.00016311,0.0033363,0
0.00034684,0.018966,0.0078962,0.001084,1
0.00034684,0.00081087,0.004495,0.0056493,1
0.00034684,5.25E-05,0.023812,0.016991,1
0.00034684,0.0051785,0.0019978,0.0018546,2
0.00036693,0.0032423,1.02E-05,0.0006925,0
0.00036694,0.00059225,1.81E-05,0.00010195,0
0.00036694,0.0050313,0.00014975,0.0044707,0
0.00036694,0.0089768,1.02E-05,0.0046105,0
0.00036694,0.00016744,8.18E-05,0.00036759,0
0.00036694,0.00047302,0.0074304,0.0033294,2
0.00036695,0.00012998,4.54E-06,0.00037115,1
0.00038761,0.0016728,4.53E-06,0.0019752,0
0.00038761,0.0015482,4.44E-15,0.00060988,0
0.00038761,0.0050301,1.44E-12,0.00010801,0
0.00038761,0.00019522,2.56E-12,3.57E-05,0
0.00038761,0.0027344,7.25E-05,0.0021593,0
0.00038761,0.014304,3.42E-05,0.013116,0
0.00038761,0.0041202,0.0031213,0.0031391,1
0.00038761,0.12835,0.010438,0.09726,2
0.00038762,2.38E-06,2.56E-06,0.00016497,0
0.00040884,0.00029188,2.29E-05,8.15E-07,0
0.00040884,0.00047266,2.82E-07,0.00042069,0
0.00040884,0.0009329,4.53E-06,0.0004805,0
0.00040884,0.011373,0.049946,6.67E-05,1
0.00040884,0.064351,0.015503,0.037503,2
0.00040885,0.0059512,9.18E-05,0.001063,0
0.00040885,9.67E-05,1.81E-05,0.00043517,0
0.00040885,0.0033027,0.0047849,0.00016095,1
0.00040885,0.00022537,0.007339,0.0031036,1
0.00043064,0.0018028,6.37E-05,0.00091513,0
0.00043064,0.0047414,7.08E-06,0.00049847,0
0.00043064,0.0019369,6.37E-05,1.10E-05,0
0.00043064,0.0017154,2.29E-05,0.0017368,0
0.00043064,0.00096464,0.00017699,0.0013726,0
0.00043064,0.014304,0.0030623,3.34E-05,1
0.00043065,0.00027453,4.08E-05,6.39E-05,0
0.00043065,0.0019361,0.0029456,0.00059512,1
0.00043065,0.00016738,0.028094,0.00020344,1
0.00043065,0.059968,0.0019978,5.12E-05,2
0.00043065,0.14997,0.033117,0.16721,2
0.00043066,0.028664,1.02E-05,0.0016397,0
0.00043066,0.0043242,0.0083758,0.0011172,1
0.00045301,0.00036683,7.07E-06,0.00036733,0
0.00045301,0.034932,0.0010192,0.014998,2
0.00045302,0.001716,6.37E-05,0.001497,0
0.00045302,0.0019826,1.39E-05,0.00090296,2
0.00047594,0.00010713,2.55E-06,0.00048813,0
0.00047594,0.0023181,0.00079529,0.0011304,2
0.00047595,0.0062751,1.02E-05,0.00076637,0
0.00047595,0.0012029,4.78E-05,1.11E-05,0
0.00047595,0.0057134,2.83E-05,0.0053834,0
0.00047595,0.00040765,1.39E-05,0.00014244,0
0.00049944,2.16E-05,1.39E-05,7.96E-05,0
0.00049945,5.24E-05,1.02E-05,0.00026663,0
0.00049945,0.0024705,0.00049948,0.0007918,1
0.00049945,5.26E-05,0.00027208,4.81E-07,1
0.00049945,0.025097,0.0002548,0.001909,1
0.00049945,0.0020285,0.0019504,0.0014898,2
0.00049945,0.003012,0.032155,0.014108,2
0.00049945,0.049331,0.0078019,0.011396,2
0.00049945,0.013812,0.00027208,0.0015395,2
0.00049946,0.00010741,1.14E-06,0.00059733,0
0.00052351,6.68E-06,2.82E-07,1.94E-05,0
0.00052351,0.0092724,7.08E-06,8.31E-05,0
0.00052351,0.0038589,1.13E-06,0.0042457,0
0.00052351,0.0046704,4.53E-06,0.00027535,0
0.00052351,0.049102,0.0068901,0.030796,1
0.00052351,8.68E-05,0.0035516,6.17E-05,2
0.00052352,0.0015485,1.39E-05,0.0017807,0
0.00052352,0.043963,0.0080867,0.011699,2
0.0005385,0.0012108,5.35E-05,0.0012821,1
0.00054814,0.013209,2.84E-07,0.0079898,0
0.00054814,0.0031272,0.0048591,5.28E-06,1
0.00054814,0.00022548,0.0020456,0.00076451,1
0.00054815,8.70E-05,7.09E-06,8.73E-05,0
0.00054815,0.0017153,6.37E-05,0.0022706,0
0.00054815,3.86E-05,3.43E-05,0.00010118,0
0.00054815,0.0039246,0.0040094,0.0037456,1
0.00054815,0.00012973,0.00085648,0.00021897,1
0.00054815,0.00064358,0.0016787,0.0023111,2
0.00054815,0.00072483,0.00014977,0.00037181,2
0.00054815,0.022698,2.83E-05,0.015784,2
0.00057334,0.0019365,2.83E-07,0.001942,0
0.00057334,0.0012759,4.53E-06,0.00030558,0
0.00057334,0.02576,0.043285,0.0042952,1
0.00057334,0.00059192,0.016309,0.0044086,1
0.00057335,0.0038594,2.29E-05,0.0011545,0
0.00057335,3.86E-05,3.59E-13,1.70E-05,0
0.00057335,3.24E-05,0.00016308,5.75E-05,1
0.00057335,0.0086837,0.00098565,0.0062692,1
0.00057335,0.0018916,0.008572,4.68E-05,1
0.00057335,0.00012966,0.00091986,0.0015802,2
0.00057335,0.0024185,0.010221,0.00010803,2
0.00059911,0.00081059,0.00020643,7.05E-05,0
0.00059911,0.0022196,1.81E-05,0.002273,0
0.00059911,0.0038593,2.55E-06,0.0011225,0
0.00059911,0.015696,0.0097956,0.0064446,1
0.00059911,0.024607,0.0005482,0.00038919,2
0.00059911,0.024284,0.0064558,0.012065,2
0.00059912,0.00024112,0.00019137,0.00060839,0
0.00059912,0.0034839,0.00034688,5.61E-05,1
0.00059912,0.0005193,0.00040893,7.73E-05,1
0.00062544,0.012621,2.83E-05,0.0044401,0
0.00062544,0.00059194,1.13E-06,0.00038838,0
0.00062544,0.019685,0.0090719,0.015894,1
0.00062544,0.023802,0.0051602,0.012985,1
0.00062544,0.048645,0.067702,0.095085,1
0.00062545,0.0049577,0.0002064,0.005082,0
0.00062545,5.24E-05,2.54E-06,0.00063149,0
0.00062545,0.0062736,0.002449,3.19E-07,1
0.00065233,0.0083976,1.81E-05,0.0046724,0
0.00065234,0.00032842,1.13E-06,0.00071827,0
0.00065234,0.0013894,2.83E-07,3.35E-05,0
0.00065234,0.0016303,0.009586,0.0002872,1
0.00065234,0.011375,0.018555,0.010476,1
0.00065234,0.0025224,0.021101,0.0046625,1
0.00065234,0.059209,0.00070784,0.0022839,2
0.0006798,0.0020755,1.81E-05,0.0021624,0
0.0006798,0.0013512,1.13E-06,0.00024961,0
0.0006798,7.74E-05,0.00034681,0.00052848,0
0.0006798,8.68E-05,0.00027208,0.00032968,1
0.0006798,0.013567,0.00045311,0.00048228,1
0.0006798,0.030803,0.015903,0.033243,2
0.00067981,0.0020749,0.015504,0.00031835,1
0.00067981,0.0021228,0.0030037,0.0023714,1
0.00070783,0.030621,1.11E-13,0.00042245,0
0.00070783,4.31E-06,1.81E-05,0.00017077,0
0.00070783,0.023483,6.37E-05,0.010378,0
0.00070783,0.012045,0.0043537,0.0002952,1
0.00070783,0.016886,0.010877,0.0012202,1
0.00070784,0.0050304,2.29E-05,0.0016138,0
0.00070784,5.26E-05,0.011212,0.00035609,1
0.00073643,0.0012393,0.00014977,0.00014303,0
0.00073643,0.0077461,0.00012487,0.0055274,0
0.00073643,0.0083972,1.02E-05,0.0018652,0
0.00073643,2.17E-05,5.55E-05,0.00029574,0
0.00073643,9.67E-05,5.55E-05,0.00011798,0
0.00073643,0.022541,0.00012488,0.0017875,2
0.00073644,0.023803,0.0042142,0.019035,1
0.00073644,0.0014672,0.0023966,0.0014549,1
0.00076558,0.021166,5.55E-05,0.0067735,1
0.00076559,0.0014675,0.00022195,0.00030713,0
0.0007656,0.019251,0.0051602,0.00032923,1
0.0007656,0.00036692,0.00073644,0.0011055,2
0.0007656,0.069445,0.00085643,0.0019395,2
0.00076561,0.0013887,0.0091741,0.00040457,2
0.00079531,0.087695,0.017134,0.025697,2
0.00079532,1.31E-05,1.13E-06,5.29E-06,0
0.00079532,0.0067764,0.0011963,0.0083296,2
0.00079533,0.00011827,0.0015504,0.00065406,1
0.00082561,0.0083985,1.02E-05,0.0019912,0
0.00082561,0.019686,0.0090717,0.0027972,1
0.00082562,0.0050308,0.00052352,1.29E-05,0
0.00082562,0.01854,0.00030834,0.0020308,0
0.00082562,0.017567,2.55E-06,0.00093842,0
0.00082562,3.86E-05,4.53E-06,0.00048193,0
0.00082562,0.043316,0.0085721,7.77E-06,1
0.00082562,0.0016303,0.019884,0.010439,1
0.00082563,0.001982,0.0013093,2.04E-05,1
0.00082563,0.0038606,0.017837,0.016188,1
0.00085647,0.0046698,4.08E-05,0.0001413,0
0.00085647,0.00030956,1.39E-05,7.55E-05,0
0.00085648,0.10337,0.0022934,0.084326,2
0.00085649,0.0092742,0.00076551,0.00318,1
0.00085649,0.0042548,0.0010884,0.0015495,2
0.00088789,0.00034783,4.79E-05,0.0001106,0
0.0008879,1.06E-06,2.83E-05,3.73E-05,0
0.0008879,0.0004954,0.00065228,0.00017127,1
0.00088791,0.020416,0.00013707,0.00016034,0
0.00088791,0.0030681,6.37E-05,0.0025658,0
0.00088791,0.019253,0.0013479,1.01E-05,0
0.00088791,0.0039239,1.39E-05,0.0012958,0
0.00088791,0.00010717,1.02E-05,0.00041245,0
0.00088791,0.0021235,0.0010884,0.00099477,1
0.00088791,0.0017587,0.0028313,1.93E-05,1
0.00088791,0.0039249,0.0036795,1.68E-06,2
0.00088791,0.0057127,0.00036689,0.00022778,2
0.00088792,6.88E-05,2.83E-05,0.00086684,0
0.00088792,0.011261,1.14E-06,0.00038879,0
0.00091989,0.0079308,3.24E-12,0.0084894,0
0.00091989,0.0002099,0.0016356,3.96E-07,2
0.0009199,0.012276,1.14E-12,0.0083293,0
0.0009199,2.42E-06,1.02E-05,0.00063529,0
0.0009199,7.74E-05,3.43E-05,0.00076504,0
0.0009199,0.019685,0.021568,0.0084886,1
0.0009199,0.010829,0.00017696,0.0062783,2
0.0009199,0.011264,0.00049941,0.0033947,2
0.00091991,0.00072496,3.43E-05,0.00021107,0
0.00091991,0.0073873,0.00017701,0.0003411,0
0.00091991,9.69E-06,0.00023807,2.37E-05,1
0.00091991,0.025926,0.015769,0.00097328,1
0.00091991,0.022077,0.0089707,0.00079986,2
0.00095245,0.00054245,0.0039426,1.07E-05,1
0.00095246,0.0093733,2.83E-05,0.0058993,0
0.00095246,0.021771,0.010329,1.80E-05,1
0.00095246,0.034545,0.0032416,0.03047,1
0.00095246,0.0017588,0.0093787,0.00011354,1
0.00095246,0.0050298,0.0001249,0.0039158,2
0.00095246,0.039524,0.00010221,0.016394,2
0.00095247,0.024126,0.010546,0.01024,1
0.00098559,0.00096472,0.00059915,7.43E-07,1
0.00098559,0.015828,0.0033024,6.02E-06,1
0.0009856,4.52E-05,0.00010227,2.48E-07,0
0.0009856,0.0012385,7.06E-06,0.00068443,0
0.0009856,2.18E-05,1.81E-05,1.22E-05,0
0.0009856,0.0013129,0.0187,9.85E-06,1
0.0010193,0.00069731,1.13E-06,5.97E-08,0
0.0010193,0.00103,0.00025486,9.75E-07,0
0.0010193,0.014677,2.29E-05,0.0014951,0
0.0010193,0.0041218,4.53E-06,0.0017835,0
0.0010193,0.00011828,6.37E-05,0.00096059,0
0.0010193,0.0023674,0.00067994,8.74E-05,0
0.0010193,0.0034222,6.37E-05,0.00039863,1
0.0010193,0.016887,0.0020941,0.006032,1
0.0010193,0.057959,0.012132,0.013554,1
0.0010193,0.0022702,0.016444,0.0012595,1
0.0010193,0.0059504,0.0027193,0.00085575,2
0.0010193,0.0054044,9.17E-05,0.0060849,2
0.0010193,0.00021002,0.0031812,0.0013468,2
0.0010535,0.0017153,4.08E-05,6.48E-06,0
0.0010535,0.00015446,2.83E-05,0.00033279,0
0.0010535,0.00054247,0.00019144,0.001453,0
0.0010535,0.0069478,0.00010221,0.00088417,0
0.0010535,0.0024703,0.00034683,0.00068125,0
0.0010535,0.014179,0.010766,0.0084649,1
0.0010535,6.03E-05,0.0017226,0.001592,1
0.0010535,0.016353,0.00070788,0.0064626,1
0.0010536,0.00016765,0.00038766,0.00019738,2
0.0010884,0.021164,1.02E-05,0.0028669,0
0.0010884,0.0018914,1.13E-06,2.36E-05,0
0.0010884,0.0020758,8.18E-05,6.10E-05,0
0.0010884,0.022699,0.00043061,0.019852,1
0.0010884,0.00021023,0.00065238,0.00015231,1
0.0010884,0.0066064,0.016445,0.013402,1
0.0010884,6.03E-05,0.0030624,0.00044519,2
0.0010884,0.0035428,0.018848,0.00048418,2
0.0011237,0.0076547,0.012249,0.0002405,1
0.0011238,0.0038598,7.08E-06,0.00015034,0
0.0011238,0.0043229,7.08E-06,1.16E-05,0
0.0011238,0.00019544,6.37E-05,1.94E-05,0
0.0011238,0.00025769,4.53E-06,0.0004303,0
0.0011238,0.0043232,1.39E-05,4.23E-06,0
0.0011238,0.00096515,0.004214,0.00020598,2
0.0011238,0.024282,0.0066275,0.0088979,2
0.0011597,0.0021232,1.81E-05,0.0020624,0
0.0011597,4.53E-05,9.17E-05,6.14E-05,0
0.0011597,0.0072088,9.17E-05,0.0083895,0
0.0011597,0.003302,3.42E-05,4.27E-05,0
0.0011597,0.0039905,2.86E-07,0.00011657,0
0.0011597,0.0066062,2.54E-06,0.0076212,0
0.0011597,0.00010704,2.85E-07,0.00058462,0
0.0011597,0.017428,0.0036798,0.00042026,1
0.0011597,0.0057941,0.0029453,0.0070571,1
0.0011962,0.0025221,0.00016307,0.00017608,0
0.0011962,2.41E-06,4.53E-06,0.00016046,0
0.0011962,0.0081145,3.43E-05,0.00076793,0
0.0011962,0.0053294,7.25E-05,6.88E-05,0
0.0011962,0.0030119,0.010114,0.003515,1
0.0011962,0.0057925,4.78E-05,0.0066559,2
0.0011962,0.25795,0.00049947,0.013139,2
0.0011962,0.0036068,0.00020641,0.0022652,2
0.0011962,0.017981,0.0016787,0.0026933,2
0.0011963,0.00012922,0.0012706,0.00013944,2
0.0012333,0.002522,9.17E-05,0.00018638,0
0.0012333,0.0041209,3.43E-05,0.0045777,0
0.0012333,0.0020289,1.02E-05,0.00053519,0
0.0012333,0.029367,0.012486,0.0078749,1
0.0012333,0.01622,0.004424,0.014403,1
0.0012333,0.0010635,0.0073389,4.43E-05,1
0.0012333,0.030803,1.13E-06,0.023513,1
0.0012333,0.0052532,0.0043535,0.00036565,2
0.001271,0.0010637,4.53E-06,0.0023153,0
0.001271,0.023963,1.13E-06,0.0028217,0
0.001271,0.00054262,4.53E-06,3.77E-05,0
0.001271,0.014552,7.08E-06,0.00010236,0
0.001271,0.0012753,0.00030844,0.00093595,0
0.001271,0.00075244,5.55E-05,0.001773,0
0.001271,0.00012972,0.00011326,0.00034158,1
0.001271,6.72E-06,0.013954,9.49E-05,1
0.0013092,0.0083035,1.13E-06,0.0015009,0
0.0013092,0.011264,3.43E-05,0.009401,0
0.0013092,0.022074,0.0082797,0.0045541,1
0.0013092,0.0015077,0.0036153,1.48E-05,1
0.0013092,0.033969,0.00047596,0.0044668,1
0.0013092,0.0077464,0.0032416,0.010867,2
0.0013092,0.012505,1.39E-05,0.003482,2
0.0013092,0.0020751,0.00032736,0.0002559,2
0.001348,0.013934,7.25E-05,0.00089424,0
0.001348,0.0099847,0.00013702,0.010114,0
0.001348,0.0026279,1.02E-05,0.001121,0
0.001348,0.004055,0.0048589,0.0022116,1
0.001348,0.0060309,0.012966,7.32E-05,1
0.001348,0.026937,0.0080862,0.0088444,1
0.001348,0.016886,0.00038764,0.01382,1
0.001348,0.0016731,9.17E-05,0.00025738,1
0.001348,0.028312,0.009072,0.0081677,2
0.0013873,0.0011669,2.86E-07,0.00043787,0
0.0013873,0.00081055,0.0011598,9.47E-05,1
0.0013873,0.0011329,0.00017691,0.0025148,1
0.0013873,0.11013,0.0060354,0.0075149,2
0.0013874,0.016752,2.83E-05,0.0011306,0
0.0013874,0.0066915,0.00062542,0.00050751,0
0.0013874,5.25E-05,0.00030834,0.0012824,0
0.0013874,0.012974,0.00032734,0.010177,1
0.0013874,0.026253,0.013211,0.0085624,2
0.0013874,0.018823,0.00040883,0.01166,2
0.0013874,0.013091,0.010877,0.0044971,2
0.0014273,0.0087806,5.55E-05,0.0018144,0
0.0014273,0.00078166,5.55E-05,0.00020654,0
0.0014273,0.019975,0.00017698,0.0063393,0
0.0014273,0.00087087,0.0062018,0.0015299,1
0.0014273,0.033209,0.013088,0.0017973,1
0.0014273,0.021166,0.00381,0.022678,1
0.0014273,0.023326,0.0015926,0.017768,1
0.0014273,0.088311,0.016309,0.032613,2
0.0014678,0.00034732,2.84E-07,0.00016698,0
0.0014678,0.01321,2.83E-07,4.08E-06,0
0.0014678,0.034739,0.00012484,0.0060699,0
0.0014678,0.00011844,3.43E-05,0.00033254,0
0.0014678,0.48633,0.033505,0.021698,2
0.0014678,0.0014283,0.00095245,0.00020013,2
0.0014678,0.058955,0.0068906,5.22E-05,2
0.0015088,0.018539,7.25E-05,0.00095705,0
0.0015088,0.00072452,2.84E-07,0.0018973,0
0.0015088,8.69E-05,4.53E-06,0.00021525,0
0.0015088,0.040768,2.29E-05,0.037662,1
0.0015088,0.0032432,5.55E-05,0.0035138,2
0.0015088,0.00087086,0.0022427,0.0006588,2
0.0015088,0.042458,0.0017226,0.020751,2
0.0015504,0.0058708,2.18E-13,0.0033569,0
0.0015504,0.0021713,5.55E-05,0.0014123,0
0.0015504,0.0018911,2.29E-05,0.0026273,0
0.0015504,1.31E-05,1.39E-05,3.97E-05,0
0.0015504,0.0018467,2.82E-07,0.00020083,0
0.0015504,0.021467,0.00016307,0.0078476,1
0.0015504,0.012389,0.012967,5.25E-05,1
0.0015504,0.017023,0.00013706,0.010941,1
0.0015504,4.53E-05,0.00043067,2.16E-06,2
0.0015505,0.027273,0.023812,0.0078275,1
0.0015505,0.0042546,0.014718,6.16E-05,1
0.0015926,0.01622,1.39E-05,0.001263,0
0.0015926,2.68E-05,0.0001631,0.00061442,0
0.0015926,0.0002413,0.00016307,0.00019365,1
0.0015926,0.00075282,0.0042142,9.50E-05,2
0.0015926,0.018681,0.0049334,0.02401,2
0.0016354,2.17E-05,2.55E-06,0.00024713,0
0.0016354,0.0015072,4.78E-05,0.0010754,0
0.0016354,0.0001675,0.00019141,1.27E-05,1
0.0016354,0.012392,0.00025475,0.002421,1
0.0016354,0.06541,0.0074306,0.00043817,2
0.0016787,1.07E-06,0.0001022,1.36E-05,0
0.0016787,0.0015078,3.43E-05,0.0022185,0
0.0016787,1.08E-06,4.08E-05,0.00069909,0
0.0016787,0.0093761,2.56E-06,0.00027809,1
0.0016787,0.0004729,0.002143,0.00018909,1
0.0016787,0.00069711,0.0022427,0.0014824,1
0.0016787,0.059462,0.0089708,0.00036345,1
0.0017226,0.017841,1.13E-06,0.0071172,0
0.0017226,0.010403,5.55E-05,0.00019558,0
0.0017226,0.00061784,0.0013091,3.80E-07,1
0.0017226,0.0015478,0.021257,0.020641,1
0.0017226,0.0014284,0.0017226,0.00012604,1
0.0017226,0.00081067,0.0023964,0.00028637,1
0.0017226,0.001507,0.022836,0.0049652,2
0.001767,0.0031265,3.43E-05,0.00016806,0
0.001767,0.0037952,2.55E-06,0.0018365,0
0.001767,0.0086845,4.53E-06,0.0048303,0
0.001767,0.00038707,2.55E-06,0.00037847,0
0.001767,0.00025771,1.13E-06,6.74E-05,0
0.001767,0.02042,0.0017228,0.00018338,1
0.001767,6.75E-06,0.0016785,0.0012369,1
0.001767,0.0096765,0.0025018,0.00092962,2
0.001767,0.018258,0.001812,0.0047164,2
0.001767,0.0083972,0.0030624,0.0010618,2
0.001767,0.023169,0.0010192,0.0010384,2
0.0017671,0.0018917,0.00016305,0.0001709,1
0.001812,0.0023676,0.00040893,0.001792,0
0.001812,0.00090133,3.43E-05,2.06E-05,0
0.001812,0.0086856,0.0089705,0.011125,2
0.0018121,0.00056714,1.77E-14,0.0019698,0
0.0018121,0.00075276,1.13E-06,1.46E-05,0
0.0018121,0.0012762,1.81E-05,0.0030639,0
0.0018121,0.017705,0.00054821,0.018452,1
0.0018121,0.029012,0.011668,0.0083015,1
0.0018121,0.0016308,0.0048589,0.00077029,1
0.0018121,0.003484,0.0008257,0.0039372,1
0.0018576,0.0015481,0.00020641,0.0028208,0
0.0018576,0.0031843,0.0099008,0.0086851,1
0.0018576,0.023803,0.00062542,0.0021171,1
0.0018576,0.00096494,0.010546,9.69E-06,1
0.0018576,0.046387,0.0050083,0.044468,2
0.0018576,0.019831,1.02E-05,0.017391,2
0.0019038,0.00090206,4.08E-05,0.0018385,0
0.0019038,0.00011825,2.55E-06,6.97E-05,0
0.0019038,0.00099738,6.37E-05,0.00092947,0
0.0019038,0.0019368,4.53E-06,0.0013276,0
0.0019038,0.010297,0.00030834,0.00398,0
0.0019038,0.00032827,0.0016354,0.00095859,1
0.0019038,0.0032423,0.013455,0.011828,2
0.0019038,0.087087,0.001812,0.019974,2
0.0019038,0.0089759,0.013954,0.0057718,2
0.0019453,0.0053466,0.00027215,9.13E-05,1
0.0019505,0.0017153,4.53E-06,3.18E-06,0
0.0019505,0.00016764,2.54E-06,0.00027115,0
0.0019505,0.00019553,0.000476,0.00028551,0
0.0019505,0.023961,6.37E-05,0.00042835,0
0.0019505,0.00021017,0.00016309,0.00031326,0
0.0019505,0.00038707,3.43E-05,0.001408,0
0.0019505,0.0015483,0.00027211,5.13E-05,0
0.0019505,0.0085873,0.0018122,0.00026897,1
0.0019505,0.0033023,0.0025552,0.0030371,1
0.0019505,0.010402,0.0015504,0.0059846,1
0.0019505,0.0037955,1.81E-05,0.0053367,1
0.0019505,0.0028989,0.0045667,0.0028854,1
0.0019505,0.0075647,1.13E-06,0.00041819,1
0.0019505,0.10204,0.0053922,0.032508,1
0.0019505,0.044619,0.0011238,0.0035521,1
0.0019505,0.00090118,0.00013709,0.00036815,1
0.0019505,0.018257,0.00095257,0.0070011,2
0.0019505,0.014056,0.016445,0.017937,2
0.0019505,0.02301,0.0050082,0.00040977,2
0.0019978,0.00054271,1.11E-13,7.61E-05,0
0.0019978,0.0048849,4.08E-05,0.00065969,0
0.0019978,1.31E-05,0.00022203,0.00016762,0
0.0019978,0.032837,0.0034257,0.001396,1
0.0019978,0.068899,0.0071579,0.016049,1
0.0019978,0.025591,0.027034,0.010355,1
0.0019978,0.0043913,0.010114,0.01381,1
0.0019978,0.0016301,0.00091978,0.0017201,2
0.0020456,9.67E-05,1.13E-06,0.00040409,0
0.0020456,0.002899,0.00027208,0.001004,0
0.0020456,0.0094739,0.0024488,0.0080574,1
0.0020457,0.00029169,2.35E-12,0.00023078,0
0.0020686,0.018084,0.0059336,0.0010264,1
0.002094,0.0046003,0.0027749,2.57E-05,1
0.0020941,0.00069719,6.37E-05,0.00069397,1
0.0020941,0.0052528,0.0086712,0.0082454,1
0.0020941,0.0016313,0.00032723,4.16E-05,1
0.0020941,0.12687,0.0028882,0.069513,2
0.0020941,0.00015441,0.0024488,0.00087601,2
0.002143,8.67E-05,3.42E-05,0.00033593,0
0.002143,0.001802,4.53E-06,1.96E-05,0
0.002143,0.025594,0.0013091,0.0040845,1
0.002143,0.0031848,0.00052354,0.00024646,1
0.002143,0.00015426,0.0058713,0.00092836,1
0.002143,0.0028991,0.0036796,0.0051814,1
0.0021926,0.011484,7.07E-06,0.00055733,0
0.0021926,0.00047267,7.25E-05,4.34E-05,0
0.0021926,0.00025736,0.0014274,0.0016521,2
0.0022427,0.00036674,4.54E-06,1.64E-08,0
0.0022427,0.0072962,0.00036688,0.00022038,1
0.0022427,2.70E-05,0.00019151,0.00050991,1
0.0022934,0.0018468,4.53E-06,0.003027,0
0.0022934,0.0036065,0.0093786,0.0040788,1
0.0022934,0.010297,0.004424,0.00058833,1
0.0022934,0.016352,0.028452,0.0074305,1
0.0023446,0.010088,4.53E-06,0.0017492,0
0.0023446,0.021164,1.11E-13,0.0037181,0
0.0023446,0.00078142,1.81E-05,0.00031806,0
0.0023446,0.039322,0.0010191,0.019084,1
0.0023446,0.0043908,0.00079541,0.0034586,1
0.0023446,0.0014675,0.013088,0.0001211,1
0.0023446,0.016352,0.0099011,0.0095589,1
0.0023446,8.68E-05,0.0030624,0.0012512,1
0.0023446,0.033591,0.00012484,6.57E-06,2
0.0023447,9.64E-05,0.0081834,0.00014339,1
0.0023964,0.00051885,2.84E-07,0.00099942,0
0.0023964,0.025097,7.08E-06,0.0012478,0
0.0023964,0.0077466,4.78E-05,0.0061171,0
0.0023964,0.02162,0.00011327,0.0061762,1
0.0023964,0.011264,0.013332,0.0013594,1
0.0023964,0.0019828,0.030834,0.0042444,1
0.0023964,0.0005191,2.83E-05,0.0025384,2
0.0023965,0.0070342,0.033117,0.005442,2
0.0024488,0.0024704,8.18E-05,0.00096582,0
0.0024488,0.0051804,0.0062022,0.0013122,1
0.0024488,0.0037959,0.0053141,0.00085086,1
0.0024488,0.01622,0.0051602,6.81E-05,1
0.0024488,0.01798,0.022039,0.030522,1
0.0024488,0.0092735,0.0019504,0.0066145,2
0.0025018,0.00011809,7.09E-06,0.0025599,0
0.0025018,0.010614,0.0010884,0.0027475,1
0.0025018,0.067818,0.00025478,0.0048881,1
0.0025018,0.016221,1.13E-06,0.010504,2
0.0025018,0.003989,0.011667,0.0040459,2
0.0025018,0.0050305,0.0039424,0.0035197,2
0.0025553,0.0063571,8.18E-05,0.00044774,0
0.0025553,0.0094724,9.18E-05,0.0042669,0
0.0025553,0.0018023,4.08E-05,0.00054005,0
0.0025553,0.0019828,1.81E-05,0.0028477,0
0.0025553,0.029542,3.00E-12,0.0023668,0
0.0025553,0.00022574,0.00017703,0.00037248,0
0.0025553,0.0034832,0.0028882,0.0029593,1
0.0025553,0.022543,0.0030039,0.0029064,1
0.0025553,0.014551,0.0010193,0.0014224,1
0.0025553,0.0022681,0.0038756,0.00011759,2
0.0025553,0.12688,0.0012711,0.009697,2
0.0025553,0.00011807,0.00028999,0.0029246,2
0.0025553,0.022699,0.0018577,0.00016939,2
0.0026093,8.71E-05,7.10E-06,0.0025895,0
0.0026094,6.68E-06,2.83E-05,0.0013797,0
0.0026094,0.017982,0.030275,0.00033231,1
0.0026094,0.00078192,0.00019136,0.00023875,1
0.0026094,0.00078182,7.25E-05,0.0011566,2
0.0026094,0.00047287,0.0011597,0.0013762,2
0.0026094,0.013328,7.25E-05,0.014474,2
0.0026094,0.005792,0.0066279,0.00082287,2
0.002664,0.0054806,7.08E-06,0.0012104,0
0.002664,0.0082096,1.96E-12,0.0028888,0
0.002664,0.0091736,3.43E-05,0.0052364,0
0.002664,0.0024705,2.55E-06,0.0001576,0
0.002664,0.0022694,9.18E-05,0.0020552,0
0.002664,0.056463,0.0023443,0.0019013,1
0.002664,0.00034736,0.00028993,0.00058086,2
0.002664,0.015182,0.0020455,0.0033185,2
0.0027192,0.029367,0.00011325,0.0085179,0
0.0027192,0.0020286,0.00017695,0.0029405,0
0.0027192,0.0057914,4.08E-05,0.00068441,0
0.0027192,0.0013514,2.84E-07,0.0013761,0
0.0027192,5.26E-05,2.55E-06,0.00012111,0
0.0027192,0.00054257,2.83E-05,0.00088099,0
0.0027192,0.003607,0.0089709,0.009325,1
0.0027192,0.039319,0.024473,3.59E-06,1
0.0027192,0.020418,0.00034685,0.016221,1
0.0027192,0.0022198,0.0017226,0.0041535,1
0.0027192,0.20475,0.048294,0.028681,2
0.002775,6.87E-05,7.09E-06,2.87E-05,1
0.002775,0.020865,0.00095241,0.01187,1
0.002775,0.006275,0.0018577,0.0057214,1
0.002775,0.025758,0.00010221,2.00E-05,1
0.002775,0.02972,0.0033637,0.00029425,1
0.002775,0.005481,0.0089708,7.85E-06,1
0.002775,0.058957,0.031208,0.011466,2
0.002775,0.0012031,0.0018577,0.0012721,2
0.002775,0.038094,0.0016355,9.99E-05,2
0.0028313,0.00051898,0.00049943,0.00066437,0
0.0028313,0.021467,0.00012487,0.016011,0
0.0028313,1.09E-06,0.0062862,0.0054329,1
0.0028882,4.53E-05,1.13E-06,1.40E-06,0
0.0028882,0.0013514,0.00012484,0.00096109,0
0.0028883,0.0020756,2.83E-05,0.0044834,0
0.0029457,0.010829,7.08E-06,0.0037862,0
0.0029457,0.0034221,2.82E-07,0.00013649,0
0.0029457,0.022854,7.25E-05,0.0025697,0
0.0029457,0.0097793,4.52E-06,0.012508,0
0.0029457,0.018119,2.55E-06,0.0021096,0
0.0029457,0.0028988,0.0043536,0.0013956,1
0.0029457,0.0027344,0.00017695,0.0048632,2
0.0029457,0.057461,0.0010192,0.0096682,2
0.0030038,0.0030689,2.55E-06,0.0027797,0
0.0030038,0.0013519,0.0012712,3.11E-05,1
0.0030038,0.0017154,0.015239,0.0026134,1
0.0030038,3.24E-05,0.00049946,0.001839,1
0.0030624,9.69E-05,0.00014974,0.0020208,0
0.0030624,0.0045293,0.0047118,0.00018673,1
0.0030624,0.055489,0.0057899,0.019993,1
0.0030624,0.0082082,0.0016787,0.010689,1
0.0030624,0.01544,2.54E-06,0.00049454,2
0.0030624,0.012972,0.0018578,0.0055667,2
0.0030624,0.12105,0.0086706,0.00049573,2
0.0031215,0.020717,0.014333,0.0055471,1
0.0031215,0.0022685,0.00030835,0.0014002,1
0.0031216,0.00012985,0.00027205,0.00022294,1
0.0031216,0.00072469,0.0027193,0.0043522,1
0.0031216,0.014929,0.0094817,0.0077592,2
0.0031813,0.0083977,7.08E-06,0.0010936,0
0.0031813,0.00066992,0.00016311,0.0016998,0
0.0031813,0.00034734,0.00036695,0.00074581,1
0.0031813,0.01072,0.0022935,2.94E-05,2
0.0032416,0.001508,9.18E-05,0.00079663,0
0.0032416,0.0069471,0.00013706,0.0026003,0
0.0032416,0.00042891,0.00019141,6.48E-05,2
0.0032416,0.00013015,0.0017222,0.00038312,2
0.0033025,0.0037318,4.53E-06,0.0016667,0
0.0033025,0.024287,0.0082795,6.61E-06,2
0.0033025,0.014554,0.002888,0.0042268,2
0.0033025,0.0055579,0.011439,0.0026348,2
0.0033639,4.52E-05,3.43E-05,9.54E-05,0
0.0033639,0.0018021,4.53E-06,0.0039826,0
0.0033639,0.0096758,0.0013873,9.77E-05,1
0.0033639,0.0033625,0.00034682,0.0010332,1
0.0033639,0.0041892,0.0051604,0.00035411,1
0.0033639,0.019109,0.0058711,0.0064745,1
0.0034037,0.0001873,0.00050716,0.00025027,1
0.0034259,0.0012028,2.82E-07,0.0030781,0
0.0034259,0.010403,1.81E-05,0.013184,0
0.0034259,0.0082108,1.02E-05,0.0038345,1
0.0034259,0.002029,0.0049332,0.00077317,1
0.0034259,0.025428,0.0013481,0.0027403,2
0.0034885,0.0062741,2.84E-07,0.0014608,0
0.0034885,0.019686,0.00011324,0.016976,0
0.0034885,0.0017151,0.0005482,0.0015826,0
0.0034885,0.015568,2.29E-05,0.004477,0
0.0034885,0.00054292,4.08E-05,0.0021856,1
0.0034885,0.010087,0.0003083,0.0039488,1
0.0034885,0.017565,1.39E-05,0.01902,2
0.0035516,0.0010978,7.25E-05,0.0025037,0
0.0035516,0.0031267,0.00012485,0.002153,0
0.0035516,0.040145,0.03273,0.012685,1
0.0035516,1.72E-05,0.00062542,0.0024327,2
0.0036153,0.0051779,2.83E-05,0.0010309,0
0.0036153,0.0010637,1.13E-06,0.00072235,0
0.0036153,0.0024199,0.00019133,0.00028486,1
0.0036154,0.065143,0.0019979,0.0076509,2
0.0036796,0.0017159,2.54E-06,0.001301,0
0.0036796,0.0030124,0.0080863,0.00018305,1
0.0036796,0.048641,0.031585,0.0012933,2
0.0037444,0.00019541,0.045756,0.036614,2
0.0038098,0.0097782,0.0026094,0.0091541,2
0.0038099,0.011934,1.39E-05,0.0091154,0
0.0038099,0.00047258,0.00011322,2.53E-05,1
0.0038099,0.063306,0.021725,0.013239,1
0.0038758,0.0053295,2.54E-06,0.0083543,0
0.0038758,0.012621,2.83E-05,0.00069143,0
0.0038758,0.060222,0.0111,0.030091,1
0.0038758,0.23532,0.014978,0.13612,2
0.0038758,0.017294,0.0043534,0.0089009,2
0.0039423,0.00056688,1.13E-06,0.0016391,0
0.0039423,0.00084117,4.79E-05,0.0045107,0
0.0039424,0.0075661,7.07E-06,0.0052372,0
0.0039424,0.0020285,8.18E-05,5.63E-05,0
0.0039424,0.00093331,4.78E-05,0.0014446,0
0.0039424,0.0074759,0.00036698,0.0083156,2
0.0040094,0.0526,9.18E-05,1.11E-05,0
0.0040094,0.0022205,4.54E-06,0.0045423,0
0.0040094,0.016618,0.02464,0.0014229,2
0.0040095,0.0011673,0.00028997,0.0018454,2
0.0040771,0.013331,6.75E-12,0.012363,0
0.0040771,0.028837,7.08E-06,0.0056736,0
0.0040771,0.023963,0.00020639,2.31E-05,0
0.0040771,0.030804,0.00049942,0.018612,1
0.0040771,0.00064355,0.00059911,0.0002002,1
0.0040771,0.0052523,0.0011964,0.0029343,1
0.0040771,0.0092725,0.024473,0.004727,1
0.0041454,0.01544,0.00020637,0.01634,0
0.0041454,0.0058709,1.02E-05,0.0018316,0
0.0041454,0.017021,0.0052369,0.0058942,2
0.0042142,0.0080221,2.55E-06,0.0031806,0
0.0042142,0.020417,0.0081825,0.010857,1
0.0042142,0.0072087,0.0060352,0.01389,1
0.0042142,0.045056,0.0020941,0.010356,1
0.0042142,0.0089761,0.0018121,0.0079633,1
0.0042142,4.53E-05,0.014848,5.95E-05,1
0.0042835,0.023643,6.37E-05,0.0015702,0
0.0042835,0.016353,0.0044239,0.0011125,2
0.0042836,0.010089,0.0022426,0.0003883,2
0.0043535,0.0014283,4.53E-06,1.24E-06,0
0.0043535,0.0011328,4.54E-06,0.0014435,0
0.0043535,0.007656,0.00016311,0.0014872,1
0.0043535,0.0047409,0.0022933,0.0027273,2
0.0043535,0.0034223,0.0013092,0.00047318,2
0.0044239,0.0069497,0.028451,0.001016,1
0.004424,0.0037329,2.54E-06,1.75E-06,0
0.004424,0.037294,0.00036689,0.00062765,0
0.004424,0.03008,0.00011325,0.0066294,0
0.004424,0.01443,0.017413,0.0074607,1
0.004424,0.003483,0.00082557,0.0065148,1
0.004495,0.054038,0.012967,0.00034187,2
0.004495,0.00099717,0.0011238,0.0051855,2
0.0044951,0.0075656,0.00062549,0.0047184,0
0.0045667,0.0050296,0.010877,7.01E-05,1
0.0045667,0.0014675,0.045529,0.0031653,1
0.0045667,0.011375,0.010766,0.0011753,1
0.0045667,0.050484,0.00027213,9.14E-05,1
0.0046389,0.00090158,0.00070781,0.0017425,1
0.0046389,0.0071221,0.007339,0.00054098,1
0.0046389,0.0052532,0.00025484,0.0082408,1
0.0047116,3.25E-05,0.016857,0.0045185,1
0.0047116,0.012622,0.00079536,0.0012602,1
0.0047116,0.024933,0.0040095,0.0047468,2
0.0047849,0.015054,0.0080868,0.010018,1
0.0047849,0.0081182,0.019434,7.85E-05,2
0.004785,0.0014284,9.17E-05,0.0022605,2
0.0048589,0.00010725,1.02E-05,0.00012066,0
0.0048589,0.024284,0.00095247,0.028836,1
0.0048589,0.023802,4.08E-05,0.0077894,2
0.0048589,0.002076,2.84E-07,0.0013769,2
0.0048589,0.0052529,0.0023447,0.010821,2
0.0049333,0.0007813,1.96E-12,0.0021619,0
0.0049333,0.13665,0.00043055,0.00011285,1
0.0049333,4.53E-05,8.18E-05,0.0014773,1
0.0049333,0.0027884,0.051866,0.0067843,1
0.0049333,0.0020292,0.0031811,0.0010278,1
0.0049333,0.016754,0.0016785,0.010015,2
0.0049333,0.0095738,0.0010192,0.0064073,2
0.0049333,0.0084927,8.18E-05,0.0018372,2
0.0049333,0.0084939,0.00059921,0.0024737,2
0.0050084,0.0025217,0.0025553,0.00098725,1
0.0050084,0.0017152,0.0015927,0.0042627,1
0.0050839,0.0074759,0.00045297,0.00020254,2
0.005084,0.00084076,2.55E-06,0.00046207,0
0.005084,0.020565,0.0010194,0.0004994,1
0.005084,0.00067008,0.00047595,0.00033289,1
0.005084,0.015696,0.018267,0.0018881,1
0.005084,0.0048127,0.0034885,0.002342,1
0.005084,0.020418,0.001767,0.0084959,2
0.005084,0.061243,0.0038099,0.0663,2
0.0051601,0.12614,4.79E-05,0.06417,2
0.0051601,6.71E-06,0.00085645,0.0017178,2
0.0051601,0.078741,0.029539,0.0015858,2
0.0051601,0.020418,0.0039423,0.0011924,2
0.0052368,0.0075649,0.00054816,0.0014853,0
0.0052368,0.034546,0.00020642,6.51E-05,1
0.0052368,0.084656,0.0033026,0.070328,2
0.0052368,0.11996,0.0013874,6.99E-06,2
0.0052369,0.051653,7.09E-06,0.0059477,2
0.0053141,0.010614,0.00034682,0.00010532,0
0.0053141,0.014303,1.13E-06,0.0043773,0
0.0053141,0.043533,0.0015926,0.026287,1
0.0053141,0.0046001,0.021724,0.0015795,1
0.0053141,0.042672,0.0010193,0.0079931,1
0.0053141,0.002955,0.00079534,7.85E-05,1
0.0053142,0.16016,0.029357,0.044864,2
0.005392,0.0054806,1.13E-06,0.00033455,0
0.005392,0.02042,0.0067151,0.00031914,1
0.005392,0.0026268,0.023484,0.016477,1
0.0054704,0.049098,0.0047851,0.0056948,1
0.0054704,0.034163,0.0015503,0.017464,2
0.0054704,0.054761,0.0033639,0.0011609,2
0.0055494,0.050256,2.83E-05,0.02963,2
0.0055494,0.0027885,0.00067982,0.00733,2
0.0055494,0.00386,0.03649,0.0027077,2
0.0056289,0.00069637,0.0097961,0.0052635,1
0.005629,0.003422,0.00030838,0.0025913,0
0.005629,0.005406,3.42E-05,0.0010672,0
0.005629,0.0069474,0.0026639,0.0055739,1
0.005629,0.0024713,2.56E-06,0.0028124,1
0.005629,0.0041887,0.0068025,1.37E-07,1
0.005629,0.0037319,1.13E-06,0.00054167,1
0.005629,0.0058714,0.00017694,0.0046598,2
0.005629,0.069719,0.0046387,0.015481,2
0.0057091,0.00099739,7.08E-06,0.0014148,0
0.0057091,0.027791,0.00019139,0.0031432,0
0.0057091,0.0012399,0.00025475,0.00082587,0
0.0057091,0.074159,0.0019038,0.0054026,2
0.0057091,0.047959,0.014461,0.045879,2
0.0057898,0.0039909,0.00030844,0.0045156,1
0.0057898,0.028663,0.0010882,0.028924,1
0.0057898,0.010192,0.0079911,0.0027992,1
0.0057898,0.0066073,1.39E-05,0.0019321,2
0.0057898,0.06227,0.051624,0.006286,2
0.005871,0.0034839,0.0016353,0.0047107,2
0.0058711,1.31E-05,7.07E-06,0.0038497,0
0.0058711,0.088313,0.00034682,0.0065659,0
0.0058711,0.00011821,7.25E-05,0.0032444,2
0.0058711,0.016355,0.048997,0.010735,2
0.0059529,0.011708,1.39E-05,0.010776,0
0.0059529,0.010297,0.00082559,0.010021,1
0.0059529,0.0071217,0.0081826,0.00077681,1
0.0059529,0.012162,0.0009198,7.85E-05,1
0.0059529,9.67E-06,0.0019504,2.88E-05,2
0.0060352,0.0026788,1.02E-05,1.15E-05,1
0.0060353,0.00019552,1.14E-06,7.55E-05,0
0.0060353,0.016485,0.002143,0.023471,1
0.0060353,0.0036698,0.0067146,0.0019389,2
0.0060353,0.00036706,1.81E-05,0.00016152,2
0.0061182,0.0014677,1.13E-06,0.002706,0
0.0061182,0.0041214,2.55E-06,0.001541,0
0.0061182,0.0001675,0.012368,0.00038616,1
0.0061182,0.039319,0.00091985,0.018469,1
0.0061182,0.11395,0.00032738,0.0060527,2
0.0061182,0.03135,0.0013093,0.00056208,2
0.0061182,0.006274,0.12036,0.036897,2
0.0061183,0.0018014,0.000272,0.0080163,1
0.0061183,0.041397,0.0001498,0.029889,2
0.0062018,2.67E-07,7.25E-05,0.004239,0
0.0062018,0.002733,0.00012479,0.0041422,0
0.0062018,0.01812,0.0015089,0.00069996,1
0.0062018,0.0033025,0.0077083,0.00044074,1
0.0062018,0.017428,0.0023445,0.004421,2
0.0062018,0.0017151,0.00098565,0.0054436,2
0.0062018,0.0148,0.00010217,0.014094,2
0.0062858,0.012046,0.0014677,0.00053361,2
0.0062859,0.0039254,0.00019146,0.0020139,2
0.0062859,0.043101,4.79E-05,0.010363,2
0.0063705,0.0018468,2.55E-06,0.0010589,0
0.0063705,0.0061111,0.00028995,0.00043259,1
0.0063705,0.0097793,0.0031811,0.012206,1
0.0063705,0.0015077,0.014848,0.00089239,2
0.0064557,0.005179,1.81E-05,0.0058235,0
0.0064557,0.029188,4.53E-06,0.022494,0
0.0064557,9.64E-06,0.05284,0.029698,2
0.0064557,0.00014181,0.032923,0.01634,2
0.0065415,0.0081153,2.55E-06,0.0071583,0
0.0065415,0.0023179,2.83E-05,1.14E-05,0
0.0065415,0.0080223,0.0076151,0.001123,1
0.0065416,0.0045311,0.0028311,0.003844,1
0.0066279,0.0025219,0.00022198,6.33E-06,0
0.0066279,0.0054048,0.00016308,0.0033695,1
0.0066279,0.0015485,0.0093783,2.60E-05,2
0.0066279,0.0012036,0.0099012,0.00057885,2
0.0066279,0.013813,0.0013093,0.0016422,2
0.0067148,0.021771,0.0044239,0.0084791,1
0.0067148,0.029722,4.53E-06,0.02858,1
0.0067148,0.020417,0.012606,0.012705,2
0.0068023,0.051657,0.024807,0.015614,1
0.0068023,0.009574,4.78E-05,0.005894,1
0.0068023,0.03973,0.0010193,0.039303,2
0.0068903,0.10978,1.02E-05,0.0021945,0
0.0068903,8.69E-05,0.0013874,0.00036445,2
0.0068904,0.65648,0.040455,0.188,2
0.006979,0.014804,0.00040878,0.0017065,1
0.006979,0.018399,0.002094,0.0052883,1
0.006979,0.0036062,0.00025478,0.0021118,2
0.006979,0.0019369,0.0085723,0.00020501,2
0.0070681,0.0025746,2.54E-06,0.0021295,0
0.0070681,0.0056351,9.17E-05,0.0063606,0
0.0070682,0.00038728,0.006035,0.00077616,2
0.0070682,0.0018019,0.01914,0.00040236,2
0.0071579,0.0039241,0.00047596,0.0077204,1
0.0071579,0.042884,0.0033638,0.014178,1
0.0071579,0.0011678,0.007991,0.011255,1
0.0071579,0.022697,0.0037445,0.00777,2
0.0071579,0.0001182,0.00016309,0.002196,2
0.0072482,0.00059217,0.0048588,0.0022754,2
0.0073391,0.0050307,2.29E-05,0.0058222,0
0.0073391,0.0054794,2.86E-07,0.0048403,0
0.0073391,0.00059213,0.00076558,0.0074649,1
0.0073391,0.005179,0.0028882,0.0013293,1
0.0073391,0.036498,0.00016306,0.003645,2
0.0073391,0.024608,1.39E-05,0.031831,2
0.0073391,0.026427,0.0073391,0.0047219,2
0.0074306,0.0027337,0.00013707,0.0055426,0
0.0074306,0.041609,1.13E-06,0.0045604,0
0.0074306,0.10604,1.81E-05,0.046665,0
0.0074306,0.0071219,7.07E-06,0.0014132,0
0.0074306,0.038706,0.00067975,0.031027,1
0.0074306,0.007747,0.007991,0.0079977,1
0.0074306,0.044619,0.0016354,0.0081925,1
0.0074306,0.021925,0.0011962,0.0079803,2
0.0074306,0.0073862,0.00082564,0.0097735,2
0.0075226,0.032646,0.0021926,0.027799,1
0.0076152,0.0047417,0.00085653,3.87E-05,1
0.0077083,0.0036065,0.0038099,0.00022812,1
0.007802,2.69E-05,0.012486,0.0064501,1
0.007802,0.0015077,0.010437,6.34E-05,1
0.007802,0.0004072,0.0050844,0.0011262,2
0.0078021,0.0067769,0.0032415,0.00023778,1
0.0078021,0.0037949,8.18E-05,0.00078119,1
0.0078021,0.00011819,0.0019978,0.0034276,1
0.0078963,0.016752,0.00047597,0.00022068,0
0.0078963,0.035907,0.0020458,0.0049871,1
0.0078963,0.0072978,0.00088795,0.005886,2
0.0078963,0.097464,0.00049939,0.014424,2
0.0079174,0.0039823,0.0045109,0.00077192,1
0.0079912,0.0092738,4.79E-05,0.00021353,0
0.0079912,0.0061116,0.00076558,0.014185,1
0.0079912,0.0002102,0.0050839,4.49E-06,1
0.0079912,0.004884,0.0056293,0.00041052,1
0.0079912,0.00054288,0.03772,0.017827,2
0.0079912,0.022233,0.0045665,0.0098514,2
0.0080866,0.0012396,1.02E-05,0.00061576,0
0.0080866,0.021164,0.0076152,0.0079444,1
0.0080866,0.017982,6.37E-05,0.0010167,1
0.0081826,0.0028994,4.78E-05,0.0033292,0
0.0082791,0.056961,8.18E-05,0.0081297,2
0.0083762,0.044619,0.00011325,0.028952,0
0.0083763,0.0023678,0.055314,0.0011368,2
0.0084739,0.00084062,0.00023813,0.00078362,0
0.0084739,0.018395,0.00062527,0.0046984,2
0.0085722,0.0041229,0.0013478,0.0028622,1
0.0085722,0.0031846,0.0086709,0.00033617,1
0.0085722,0.011154,0.00052351,0.0053819,1
0.0085722,0.055004,0.017696,0.0091925,1
0.0085722,0.0020755,0.066052,0.0039806,1
0.0085722,0.013812,0.010329,0.019812,2
0.0085722,0.024608,0.035481,8.38E-05,2
0.008671,0.053797,0.0031215,0.011823,1
0.008671,0.063049,0.005392,0.016007,2
0.008671,8.68E-05,0.0004306,0.0086138,2
0.0087704,0.068349,0.001124,0.013943,1
0.0087704,0.0020759,0.0019506,0.00073049,2
0.0087704,0.0051784,9.17E-05,0.00039657,2
0.0087704,0.015184,0.0012709,0.00059366,2
0.0088703,0.0055575,0.02204,0.014958,1
0.0088703,0.0032435,0.0028313,0.0059907,1
0.0088703,0.00022563,0.0053917,0.00090196,1
0.0088703,0.058454,0.0092759,0.044723,2
0.0089708,0.016086,0.0049329,0.0009582,1
0.0089708,0.0023182,0.0007656,0.0083245,2
0.0091735,0.0048852,0.00019141,0.0089531,2
0.0091735,0.04572,4.78E-05,0.023037,2
0.0091736,0.084353,0.12147,0.091233,1
0.0091736,0.0021715,0.0031814,0.0043402,2
0.0092757,0.014178,0.0085723,5.41E-06,1
0.0092758,0.0023193,0.00010215,0.00089421,0
0.0092758,0.079614,0.0070681,0.019862,1
0.0092758,0.022852,0.012725,0.018692,2
0.0093785,0.058709,0.00073636,0.020978,1
0.0093785,0.008781,0.021257,0.0015856,1
0.0093785,0.00087089,0.002143,0.005699,1
0.0094818,0.090475,0.00013707,0.010183,0
0.0094818,5.24E-05,1.13E-06,0.0041181,1
0.0094818,0.0068625,1.39E-05,0.0062647,1
0.0094819,0.028313,0.00065228,0.028428,1
0.0094819,0.013448,0.00079536,0.01754,1
0.0094819,0.089852,0.0010192,0.018445,2
0.0094819,0.0012764,0.0013481,0.00062036,2
0.0094819,0.00027454,0.0068902,0.0014669,2
0.0095858,0.020419,1.39E-05,0.00029587,0
0.0095858,0.050253,0.0034259,0.001481,1
0.0095858,0.00034737,4.78E-05,0.0017675,2
0.0096902,0.0013136,0.023159,0.00099164,1
0.0096903,0.032648,8.18E-05,0.0082995,0
0.0096903,1.08E-06,0.035082,0.021699,1
0.0096903,0.00019552,0.0020939,0.0079552,2
0.0096903,0.0013897,6.37E-05,0.0099137,2
0.0096903,0.00093301,0.00016309,3.24E-05,2
0.0097953,0.0041877,0.0017226,0.00011954,1
0.0097953,0.00222,0.017554,0.0057438,2
0.0099009,0.17499,2.29E-05,0.034648,2
0.0099009,0.00054301,0.007248,0.00018506,2
0.0099009,0.023324,0.0034261,0.002,2
0.0099009,0.093934,0.042405,0.00093729,2
0.0099009,0.035905,0.0010193,0.025074,2
0.010007,0.04661,0.0093784,0.0049781,1
0.010007,7.74E-05,0.010329,0.0015185,2
0.010007,0.0074735,0.016174,0.005658,2
0.010114,0.037893,0.0008256,0.029871,2
0.010221,0.00072576,0.00088762,0.0020482,2
0.010221,0.0017154,0.021568,0.0013401,2
0.010221,0.02177,0.00057341,0.0038643,2
0.010221,0.014677,0.0091736,0.014275,2
0.010329,0.0096765,0.00038763,0.0081089,1
0.010329,0.0039224,0.016037,0.001578,1
0.010329,0.054278,0.0001914,0.04309,2
0.010329,0.1291,0.037927,0.134,2
0.010437,0.031167,4.53E-06,0.01772,0
0.010437,0.078736,0.0016355,0.065403,2
0.010546,0.016221,0.00079531,0.0026916,2
0.010766,0.017704,0.0018576,0.0021343,1
0.010766,0.04594,0.00098558,0.041796,2
0.010877,0.086779,0.0068903,0.003955,1
0.010877,0.073041,0.0015924,0.015915,1
0.010877,0.060992,0.0020454,0.00080684,1
0.010877,0.022234,0.0025554,0.028053,2
0.010877,0.026259,0.00036696,0.020786,2
0.010988,6.86E-05,0.0044949,0.0014494,1
0.010988,0.013328,8.18E-05,0.00087772,1
0.010988,5.26E-05,9.17E-05,0.0083047,2
0.010988,0.077005,0.00043066,0.00062324,2
0.011064,0.021309,0.0038616,0.0065008,1
0.0111,0.00034723,0.00085642,0.0015893,1
0.0111,0.00045069,0.0032415,0.0075746,2
0.0111,0.01309,0.022357,0.033187,2
0.011212,0.026767,0.00014974,0.0016818,0
0.011325,0.0054031,0.00049957,0.0072292,1
0.011325,0.022541,5.55E-05,0.0048527,1
0.011325,0.079317,0.022357,0.036093,2
0.011325,0.014057,0.0013093,0.014491,2
0.011553,0.035127,9.17E-05,0.0072077,0
0.011553,0.0070329,0.0097949,0.018781,2
0.011668,0.00059209,0.016719,0.0064266,1
0.011668,0.019684,0.00045305,0.0090768,1
0.011668,0.027105,0.0047116,0.015053,2
0.011783,0.0016304,0.032346,0.014432,1
0.011783,0.026934,0.0028314,0.0049417,1
0.011783,0.019397,0.00025486,0.0059775,1
0.011783,0.0031842,1.02E-05,0.0076313,2
0.011783,0.1074,0.075386,0.021384,2
0.011899,0.0061138,0.0048583,0.007771,2
0.011899,0.033781,0.00022194,0.028533,2
0.012015,0.068359,6.37E-05,0.014057,1
0.012132,0.0022686,1.02E-05,0.00070504,0
0.012132,0.00030975,0.0015088,9.48E-05,1
0.012249,0.0005669,0.0076154,0.004137,1
0.01225,0.00014163,1.02E-05,0.007304,1
0.012368,0.009173,0.00052348,0.017366,1
0.012368,0.054036,0.0029458,0.0071008,2
0.012368,0.081671,0.019584,0.0054409,2
0.012486,0.013933,0.00012488,0.0097566,0
0.012486,0.057704,4.78E-05,0.0013726,0
0.012486,5.26E-05,0.00085638,0.0036184,1
0.012486,0.00069689,0.017837,0.00033531,1
0.012486,0.021924,0.0019506,0.0016586,1
0.012486,0.0032432,0.0011597,0.0007031,1
0.012605,0.0072088,0.023811,0.0013963,1
0.012605,0.36629,0.03897,0.22309,2
0.012725,0.00084075,0.0078962,1.46E-05,1
0.012845,0.055492,2.29E-05,0.010192,2
0.012845,0.050023,0.0045667,0.036333,2
0.012846,0.038299,0.0023447,0.0044244,1
0.012966,0.080202,7.07E-06,0.0057897,0
0.012966,0.04203,7.25E-05,0.040342,0
0.012966,0.01072,0.0055498,0.0018867,1
0.012966,0.00029207,4.54E-06,0.0034054,1
0.012966,0.0037961,0.00030836,0.0086781,1
0.012966,0.00064339,2.84E-07,0.00014985,2
0.013088,0.0013516,0.012726,0.0081139,1
0.01321,0.0091733,0.020947,0.03242,1
0.01321,0.031717,0.0097955,0.00028387,1
0.013332,0.00084059,0.00045301,0.0011134,1
0.013332,0.083758,0.0031812,0.0048018,1
0.013579,0.0035437,0.0073387,1.09E-05,1
0.013579,0.02831,0.0021927,0.022407,1
0.013579,0.13818,0.0040771,0.00011652,2
0.013704,0.028137,0.00020641,0.0067265,0
0.013704,0.0068616,8.18E-05,0.0052945,1
0.013704,0.42015,0.00043064,0.021011,2
0.013829,0.0019821,0.028631,0.014826,1
0.013829,0.096493,0.0050083,0.012181,2
0.013829,0.040558,0.0070684,0.016201,2
0.013954,0.0088778,0.0028883,0.0015774,2
0.013954,0.029541,0.0040768,0.017669,2
0.01408,0.013568,0.0060354,0.00094133,2
0.014334,0.0038602,0.012967,0.029549,2
0.014334,0.012507,0.016309,0.0296,2
0.014461,0.0012398,0.016444,0.00090659,1
0.014461,0.02609,0.002449,0.0024363,1
0.014461,6.87E-05,0.013456,0.00075849,2
0.01459,0.28491,0.037515,0.063888,2
0.01459,0.01925,0.00047591,0.015732,2
0.014718,2.40E-06,0.018993,8.72E-05,1
0.014718,0.059968,0.0031813,0.010841,1
0.014718,0.0059519,0.0020458,0.00061097,1
0.014978,0.00067036,1.02E-05,0.0051955,1
0.014978,0.00049532,4.54E-06,3.29E-05,2
0.015108,0.021316,0.00047599,0.0014937,1
0.015108,0.058458,0.00079539,0.012212,1
0.015239,0.0018017,0.0024486,0.0006908,1
0.015371,0.01798,0.00040884,0.00022673,1
0.015371,0.0012765,4.54E-06,0.0097701,2
0.015371,0.11889,0.045301,0.038112,2
0.015503,0.025756,0.00023817,3.49E-05,1
0.015503,0.026089,0.023812,0.0098523,1
0.015503,0.0048844,0.0036795,0.0034086,2
0.015503,0.00081076,0.0066279,0.00090957,2
0.015503,0.00051873,2.83E-05,0.0028986,2
0.015604,0.0096032,0.016438,0.00038824,1
0.015636,0.0034838,0.00579,0.021386,2
0.015636,0.027619,0.00012487,0.00024693,2
0.015636,0.07586,0.0075226,0.013649,2
0.015769,0.085262,9.17E-05,0.00070968,0
0.015769,0.0063576,3.43E-05,0.00017046,2
0.015903,0.0071217,0.0017226,0.0042868,2
0.016038,0.0049572,0.0057897,2.31E-06,1
0.016038,0.0020285,0.058101,0.011742,1
0.016038,0.074161,0.0052367,0.003939,2
0.016173,0.050953,0.00014978,0.0074603,0
0.016173,1.71E-05,0.021413,0.00091797,1
0.016309,0.061497,0.00045306,0.00024772,1
0.016309,0.052838,0.039815,0.0057925,2
0.016309,0.0056352,0.011783,0.0079994,2
0.016445,0.074722,2.55E-06,3.29E-07,0
0.016445,0.007122,0.0030625,6.61E-05,1
0.016445,2.78E-07,0.010329,0.021929,2
0.016581,0.0077456,0.0014678,0.018837,1
0.016581,0.070264,0.0027192,0.060052,2
0.016582,0.030977,1.02E-05,0.0073281,2
0.016719,0.014057,0.016445,0.022358,1
0.016857,0.029543,0.0046389,0.0057795,2
0.016995,0.017566,9.17E-05,0.028625,0
0.016995,0.0083983,1.14E-06,0.010597,2
0.017134,0.094253,0.0012333,0.0072971,1
0.017134,0.026259,0.0028883,0.0032951,2
0.017274,0.053077,0.0016354,0.0069424,2
0.017414,0.0030119,0.0010535,0.0086912,1
0.017414,0.01274,2.29E-05,0.0068065,1
0.017555,0.035123,0.0054703,0.017939,1
0.017555,0.012391,0.028094,0.0086833,1
0.017555,0.033591,0.0022428,0.03962,1
0.017555,0.0024189,0.0067147,0.00068947,2
0.017555,0.0051042,0.00049947,0.02007,2
0.017555,0.12872,0.011439,0.0021178,2
0.017696,0.003243,0.0064558,0.010536,1
0.017696,0.02162,0.0068901,0.00045219,2
0.017696,0.0065225,0.013456,0.023378,2
0.017838,0.017565,8.18E-05,0.015718,0
0.017838,0.36129,0.0064558,0.00071595,2
0.017838,0.0015076,0.00067981,0.00037582,2
0.01798,0.0026265,0.00020636,0.0084479,1
0.01798,0.011932,0.00091999,8.15E-05,1
0.018123,0.033971,0.0053921,0.00025977,2
0.018267,0.018965,2.83E-05,0.0091677,1
0.018267,0.013812,0.016038,0.0028945,2
0.018555,0.0059508,0.0065416,0.00047501,1
0.018556,0.0024701,0.00052353,0.01581,2
0.018701,0.0051766,0.0075232,0.00077847,1
0.018847,0.012739,0.00017694,0.0083367,0
0.018847,0.0054055,0.036086,0.0093239,1
0.018847,0.0299,0.0088702,0.014542,2
0.018993,0.0028427,0.0054701,0.0013469,1
0.019287,0.00014165,0.00057342,0.00043133,2
0.019435,0.01182,0.00082565,0.01265,2
0.019435,0.010721,0.012249,0.025609,2
0.019584,0.00072508,0.0015925,0.00021715,1
0.019584,0.0002256,0.0046387,0.024017,2
0.019733,0.0020294,0.0026095,0.0079711,1
0.019733,0.00015425,0.010438,0.0077985,1
0.019733,0.0012396,0.0056291,0.0040025,1
0.019733,0.21041,0.011553,0.02026,2
0.019733,0.0010651,0.0025548,0.0023345,2
0.019883,0.0074772,0.021411,0.00080749,1
0.019883,0.033586,2.56E-06,0.0040231,1
0.020033,0.0016742,0.00025468,0.00011381,1
0.020184,0.013812,0.00059909,0.026456,2
0.020336,0.01798,0.0016354,0.0016051,1
0.020488,0.00018115,0.0047116,0.0042663,1
0.020488,0.045718,0.0087705,0.0075098,1
0.020488,1.31E-05,0.010547,0.00020695,2
0.020488,0.039115,0.0081829,0.0062771,2
0.02064,0.0031838,0.00043072,0.0036882,0
0.020794,0.033024,0.018846,0.0063046,1
0.020947,0.0054046,0.00085649,0.019555,2
0.021102,0.020122,0.0011962,3.60E-07,1
0.021102,0.0060318,0.0018578,0.00016509,2
0.021257,0.064097,0.029175,0.09389,2
0.021412,0.047957,1.81E-05,0.0045972,1
0.021412,0.03135,0.022676,0.0034671,2
0.021412,0.030987,0.00036699,0.0026383,2
0.021725,0.0043238,0.00014975,0.00014987,2
0.021882,0.22098,0.0011963,0.097612,2
0.021882,0.22785,0.094918,0.031517,2
0.021882,0.021621,0.00027203,0.014692,2
0.022039,3.86E-05,0.005237,0.0059449,2
0.022039,0.029902,0.023159,0.057483,2
0.022198,0.031716,0.0090716,0.012241,2
0.022198,0.099081,0.0088705,0.026096,2
0.022357,0.0065234,0.015239,0.015485,2
0.022516,4.28E-06,0.00016307,0.0029511,1
0.022516,0.026765,0.0032416,2.12E-06,2
0.022836,0.028137,0.0019506,0.00076649,2
0.022836,0.03359,0.0037444,0.0037792,2
0.023321,0.00022583,0.001124,0.0083134,2
0.023321,0.0036692,0.00043065,0.00097072,2
0.023322,0.047504,0.0014679,0.0094943,2
0.023484,0.00072476,4.08E-05,0.003662,2
0.023484,0.025426,0.0013092,0.0063824,2
0.023648,0.065411,0.0022427,0.0096793,1
0.023648,0.006522,0.0026639,8.37E-05,1
0.023648,0.032833,0.0028312,0.00010324,2
0.023976,0.0013896,2.83E-05,0.0058858,1
0.023976,0.0033628,0.0018122,0.0062451,1
0.023976,0.00084046,0.010114,0.010594,2
0.023976,0.0011326,0.0027191,0.0078424,2
0.02464,0.026092,0.0012333,0.024105,1
0.02464,0.0050312,0.0067147,0.00013237,2
0.02464,0.018678,0.0095863,0.0089315,2
0.024807,0.039111,0.0053143,0.022603,1
0.024975,0.00038732,0.0048586,0.0078921,1
0.024975,0.064618,0.028812,0.00078929,1
0.025143,0.012275,0.0002381,0.0069999,1
0.025143,0.0044606,0.0061182,0.010751,1
0.025143,0.059465,0.011439,0.057643,2
0.025312,0.048187,0.0092757,0.0037784,2
0.025482,0.014055,0.0090717,0.011946,1
0.025652,7.75E-05,0.0036796,0.00088383,2
0.025823,0.0024709,0.00073653,0.027618,2
0.025994,0.00049542,0.0013091,0.00094654,1
0.026339,0.10105,2.55E-06,0.00036318,0
0.026339,0.0040546,0.00059916,0.022146,2
0.026512,0.069719,0.040241,0.00016574,1
0.026512,0.009676,1.13E-06,0.00077888,2
0.026512,0.0039249,0.0056292,0.0032736,2
0.026512,0.006691,0.0082792,0.008169,2
0.026685,0.00022551,0.010329,0.02112,2
0.026917,0.0060574,0.0048837,0.015228,1
0.027034,0.04182,1.81E-05,0.036175,2
0.027209,0.0018459,0.025143,0.037657,2
0.027385,0.04933,0.0012333,0.01372,0
0.027385,0.0050306,0.00034683,5.88E-05,2
0.027385,0.068357,0.016582,0.076236,2
0.027561,0.003989,0.011899,0.0022906,1
0.027561,0.0048127,0.00088792,0.0053638,2
0.027738,0.05721,0.005871,0.0119,2
0.028094,0.0052529,0.00073638,0.0028473,1
0.028094,3.87E-05,0.0041451,0.0074371,2
0.028452,0.052844,0.0020938,0.0014323,1
0.028452,0.014929,0.002094,0.0096859,2
0.028452,0.094258,0.0027191,0.015667,2
0.028452,0.43572,8.19E-05,0.023221,2
0.028632,3.25E-05,0.0013093,0.00066799,1
0.028632,0.018539,0.00054809,0.0065096,2
0.029174,0.11047,0.015769,0.057961,2
0.029356,0.0028987,0.00012484,0.024614,2
0.029539,0.03911,0.0051604,0.036776,1
0.029722,0.00024122,0.018267,0.021557,2
0.029906,0.03571,0.006628,0.031361,1
0.03009,0.01357,0.00040881,0.039116,1
0.03009,0.0091732,0.00012487,0.013208,2
0.030647,0.0050303,0.014718,0.0027529,2
0.030833,0.074437,0.0092762,0.0028769,2
0.03102,0.020714,0.00067975,0.0015279,1
0.03102,0.059211,0.0026093,0.0062585,1
0.03102,0.0029551,0.0073391,0.0020629,2
0.031208,0.005179,0.0049334,0.021337,1
0.031208,0.033022,0.0062859,0.012183,2
0.031208,6.04E-05,0.0021925,0.0061007,2
0.031396,0.00025763,0.0042141,0.0086047,2
0.031585,0.015826,0.021102,0.002407,1
0.031965,0.024285,0.0043535,2.28E-05,2
0.032155,0.13703,8.18E-05,0.016703,0
0.032155,0.0085881,0.015371,0.047811,2
0.032346,0.079907,0.00043063,0.015587,0
0.032346,0.0012029,0.011213,0.04369,2
0.032538,0.02208,0.00020646,0.017776,1
0.032538,0.0017152,0.00049948,0.028059,2
0.032923,0.0080228,0.00017699,9.53E-05,2
0.032923,6.87E-05,0.00016307,0.0091315,2
0.033505,0.06357,0.00025482,0.00018757,1
0.0337,0.021466,0.00032728,0.012909,2
0.033896,0.056469,0.00052354,0.0086569,1
0.033896,0.075008,0.018123,0.010571,1
0.034486,0.18957,0.015904,0.20173,2
0.034684,0.016224,0.029355,0.014391,2
0.034882,0.017703,0.0001022,0.030521,2
0.035081,0.033781,0.00381,0.0078951,2
0.035281,0.011709,0.0029457,0.018535,1
0.035682,0.0097786,0.029539,0.0095258,2
0.035682,0.040977,0.00040882,0.0021518,2
0.035883,0.033024,0.024306,7.72E-06,1
0.035883,0.022387,0.039392,0.0013824,1
0.036288,0.00014194,0.0019039,0.0024936,1
0.036491,0.011155,0.010437,0.013827,2
0.036491,0.001508,0.0028315,0.036067,2
0.037308,0.0028433,0.0023447,0.0031156,2
0.037514,0.015828,0.0041454,0.0060425,1
0.037514,0.016751,0.00010225,0.0045936,2
0.037928,0.045719,0.031585,0.010133,1
0.038343,0.11395,0.026166,0.051938,1
0.038761,0.029016,0.040671,0.0058736,2
0.039604,0.031534,0.00034685,0.012808,2
0.040028,0.034162,0.00028996,0.0083337,1
0.040242,0.012275,0.0023447,0.045165,2
0.040455,0.0098804,0.0022933,0.0054431,2
0.040455,0.029012,0.010007,0.0028567,2
0.04067,0.021016,0.0062015,0.025399,1
0.04067,0.015181,0.00038767,0.00050047,2
0.040885,0.0069491,0.0048591,1.40E-05,1
0.040885,0.00016759,0.00095251,0.0024611,2
0.0411,0.00054303,0.0054702,0.021783,1
0.0411,0.01812,0.048528,0.073103,2
0.04175,0.0036685,0.0045665,0.0063171,2
0.04175,0.20616,0.06281,0.0021547,2
0.042186,0.00049553,0.00020641,0.041404,2
0.042405,0.046831,0.01914,0.096144,2
0.043065,0.0051063,0.001468,0.0018965,1
0.043286,0.024286,0.093936,0.021232,1
0.043507,0.00163,0.0010194,0.01629,1
0.043953,0.054277,0.0032416,0.025519,2
0.044176,0.035123,0.00095252,0.010463,1
0.044624,0.00096545,0.02464,0.0072771,1
0.04485,0.027106,0.0037445,0.035776,2
0.045528,0.00061734,0.0028884,0.0052518,2
0.045528,0.0073852,0.0040773,5.32E-09,2
0.045756,0.00015429,0.0039425,0.046614,1
0.045756,0.017296,0.0081832,0.04445,2
0.045984,0.0049573,0.0037444,0.0011492,1
0.046212,0.029188,0.012015,0.076198,2
0.046671,0.042032,0.20121,0.16622,2
0.047363,0.0077452,0.026512,0.0020439,1
0.04806,0.055246,0.005084,0.0038885,1
0.04806,6.86E-05,6.37E-05,0.0038328,2
0.048763,0.00049536,0.006456,0.00028843,1
0.048998,0.0071221,2.82E-07,0.0087069,2
0.049234,0.00061779,0.0055492,0.040392,2
0.04947,0.0046696,0.036899,0.0047521,1
0.049945,0.091415,0.0011238,0.00045356,0
0.050901,0.0085889,0.0001498,0.014912,2
0.051382,0.044401,0.005953,0.013853,2
0.051866,0.0013513,0.036898,0.022737,1
0.05284,0.0023682,0.089745,0.0023152,2
0.053576,0.1932,0.010221,0.0089374,2
0.054318,0.097456,0.00045309,0.14494,2
0.054566,0.025098,9.17E-05,7.09E-08,1
0.054815,0.0018467,0.025652,0.0033465,2
0.055314,0.0064391,0.0013092,0.0072437,1
0.055565,0.0025739,0.0044241,0.011246,2
0.05708,0.064618,0.0093786,0.018876,2
0.05708,0.014179,0.00052353,0.025881,2
0.057335,0.0021706,0.011899,0.00033994,2
0.058102,0.017982,0.0010194,0.00083071,1
0.059651,0.054279,0.010656,0.071446,1
0.061748,0.00015434,4.53E-06,0.04212,1
0.062013,0.00059253,0.0029455,0.037872,2
0.062278,0.053558,0.0091734,0.00022859,1
0.062279,6.66E-06,0.040884,9.94E-08,2
0.062544,0.0074754,0.0009856,0.026371,1
0.062544,0.0045983,0.0038102,0.011092,2
0.062811,0.45998,0.0030037,0.032102,2
0.062811,0.0019828,0.00036699,0.064432,2
0.063078,0.02027,1.81E-05,0.020481,2
0.063345,0.076432,0.011439,0.026312,2
0.063345,0.0023682,0.023159,0.02347,2
0.064421,2.18E-05,0.045077,0.0050399,2
0.064421,0.080495,0.014206,0.11716,2
0.065234,0.017981,0.0037443,0.014317,2
0.065506,0.053321,0.17671,0.022414,1
0.065779,0.12212,0.00082566,0.014857,2
0.065779,0.04246,0.10193,0.050851,2
0.065779,0.042458,0.32355,0.14398,2
0.067703,0.0014286,0.0039423,0.0078104,2
0.067981,0.15604,0.0026639,0.15056,2
0.069937,0.016621,0.00067993,0.046889,2
0.069937,0.0034842,0.014589,0.027083,2
0.070501,0.010087,0.00017698,0.0066268,2
0.071921,0.12285,0.0092755,0.023361,2
0.072492,0.0026266,0.011783,0.0014463,2
0.073067,0.0076555,0.069375,0.0012011,2
0.073355,0.01455,0.0010192,0.011999,1
0.073932,0.036891,0.010221,0.0035706,2
0.073932,0.046384,0.12408,0.042554,2
0.073932,0.0043241,0.00057325,0.023499,2
0.074222,0.0047411,0.003426,0.00021423,2
0.074803,0.027619,0.030647,0.0040513,2
0.074803,0.00069734,0.0062016,0.081132,2
0.075679,3.25E-05,0.0079912,0.048366,1
0.076265,0.053559,0.040455,0.024953,2
0.076854,0.0018459,0.00010225,0.037164,1
0.077742,0.00025779,0.010656,0.011899,2
0.080435,0.016221,0.039392,0.040106,2
0.080737,0.014056,0.0012333,0.041896,2
0.080737,0.0069481,0.00013705,0.013434,2
0.08104,0.023802,0.036287,0.0091737,2
0.08104,0.010298,0.00011329,0.0308,2
0.082562,0.057458,0.068537,0.018688,1
0.083482,0.015959,0.096565,0.059392,2
0.084098,0.042036,0.016037,0.040315,2
0.084407,0.24394,0.035481,0.23348,2
0.085026,0.45788,0.011553,0.51389,2
0.085337,0.026092,0.058102,4.40E-06,2
0.086585,0.070262,0.030646,0.015754,2
0.088158,0.037293,0.0047116,0.12408,1
0.088158,0.0024706,0.00032727,0.0023096,1
0.088158,0.011042,4.51E-06,0.044179,2
0.088474,0.0030682,0.005237,0.092839,2
0.089108,0.0024704,0.00016307,0.012329,2
0.089108,0.0010634,0.00014974,0.00093596,2
0.089426,0.071367,0.029175,0.094795,2
0.091025,0.010937,0.0043534,0.0070524,2
0.091346,0.00099728,0.00010222,0.055031,1
0.09199,0.0055578,0.0074305,0.016792,2
0.094264,0.026597,0.027562,0.12722,1
0.094918,0.0041879,0.0048588,0.015739,2
0.096565,0.048414,0.013579,0.05261,1
0.096565,0.13436,0.0094818,0.21334,2
0.097227,0.23282,0.042187,0.15879,2
0.098559,0.016889,0.0020938,0.060833,1
0.099228,0.0069459,0.028992,0.0054165,2
0.0999,0.0361,0.027209,0.020436,2
0.10024,0.033968,0.0077086,0.12219,2
0.10535,0.043102,0.00088796,0.1084,2
0.10639,0.00042866,0.00019143,0.071267,2
0.10849,0.014553,0.014206,0.055806,1
0.10954,0.02177,8.19E-05,4.03E-05,1
0.11166,0.35633,0.00017696,0.0048258,2
0.11202,0.017566,0.0083763,0.0038421,2
0.11345,0.0048131,0.0027749,0.018914,2
0.11381,0.019978,0.038136,0.085622,2
0.11489,0.17026,0.0053921,0.034611,2
0.11561,0.0045994,0.016308,0.0007527,2
0.11597,0.13895,0.0097952,0.028302,2
0.11816,0.013691,0.011899,0.01444,2
0.11889,0.098761,0.035282,0.05931,2
0.11926,0.86458,0.0070682,0.21967,2
0.1211,0.13895,0.11561,0.041961,2
0.12748,0.012974,0.00057331,0.0094728,1
0.13015,0.00061764,0.00095249,0.022812,2
0.13247,0.0034221,0.014848,0.011372,2
0.13597,0.06647,0.000599,0.069853,2
0.13676,0.0097786,0.021257,0.034107,2
0.13676,0.12835,0.0013092,0.12033,2
0.13953,0.0013513,0.0008256,0.024007,1
0.13993,0.016486,0.0053921,0.052468,2
0.13993,0.04462,0.0048588,0.14116,2
0.14596,0.0054052,0.0013093,0.00011914,1
0.14759,0.17804,2.55E-06,0.039156,2
0.1513,3.87E-05,0.00011329,0.032185,2
0.15171,0.003484,0.013704,0.01876,2
0.15841,0.4371,0.00082566,0.0038057,2
0.16225,0.012388,0.063883,0.078724,2
0.16613,0.0077455,0.0013093,0.14464,2
0.16918,0.023171,0.029356,0.089838,2
0.1705,0.32491,0.0048589,0.032796,2
0.1727,0.10537,0.010438,0.012684,1
0.17715,0.0024703,0.0021431,0.0042573,2
0.17715,0.012622,0.011213,0.17938,2
0.1803,0.0069474,0.0030624,0.15779,1
0.18393,0.20241,0.073355,0.00027285,2
0.20216,0.00030994,0.022357,0.0020742,1
0.20843,0.246,0.0033638,0.13109,2
0.20892,0.13972,0.00095255,0.017566,2
0.21038,0.010508,0.014207,0.0097235,2
0.22528,0.0005192,0.00079542,0.051177,2
0.23138,0.024283,0.062812,0.026595,2
0.24278,0.022231,0.069376,0.069521,1
0.25715,0.1448,0.0091735,0.051733,2
0.25877,0.17716,0.0010194,0.26099,1
0.27862,0.075858,0.037515,0.050571,2
0.29515,0.0018916,2.82E-07,0.02512,2
0.31335,0.26377,0.015108,0.08334,2
0.31633,0.0024702,0.0059529,0.097923,2
0.32235,0.15769,0.0095856,0.2786,1
0.34446,0.074158,0.0057899,0.020608,2
0.35453,0.014929,0.013579,0.042372,2
0.39024,8.68E-05,0.066875,0.08807,2
0.41112,0.040561,0.021882,0.04908,1
0.45236,0.087693,0.017273,0.0071281,2
