0.00073334,0.0035346,7.09E-05,0
0.00069838,0.0034833,8.41E-05,0
0.00074677,0.0035151,9.27E-05,0
0.00079992,0.0035071,0.00010585,0
0.00079707,0.0035071,0.00010708,0
0.00061931,0.0036597,0.00011407,0
0.00060007,0.0038107,0.00011856,0
0.00067157,0.0038325,0.00012217,0
0.00074536,0.0039403,0.00012795,0
0.00075984,0.0038278,0.00012497,0
0.00077509,0.0038091,0.00012064,0
0.0007791,0.0035475,0.00012223,0
0.00082823,0.0035217,0.00012489,0
0.00087671,0.0038489,0.00013051,0
0.00085359,0.0041114,0.00013548,0
0.00089447,0.0043378,0.00013966,0
0.00089939,0.0044291,0.0001451,0
0.00086063,0.0036458,0.00015431,0
0.0010068,0.0043964,0.00016354,0
0.00095258,0.0042718,0.00015274,0
0.0010264,0.0043271,0.00014856,0
0.0010713,0.0040774,0.00015108,0
0.0010733,0.0041571,0.00015108,0
0.0010263,0.0042185,0.00015568,0
0.00095899,0.0042135,0.00015404,0
0.00095998,0.004449,0.00016031,0
0.00096383,0.0042167,0.00017178,0
0.00096503,0.004275,0.00018557,0
0.00083805,0.0043251,0.00021532,0
0.00076224,0.0044746,0.00023693,0
0.00075126,0.0049451,0.00027814,0
0.00071355,0.0053618,0.0003052,0
0.00069784,0.0053594,0.00032884,0
0.00063993,0.0055184,0.0003388,0
0.000587,0.0054935,0.00036704,0
0.0005735,0.0056334,0.00037851,0
0.0005735,0.0055122,0.00040402,0
0.00059365,0.0055884,0.00042564,0
0.00052893,0.0053176,0.00045078,0
0.0002662,0.0038729,0.00047757,0
0.00026185,0.0041805,0.00049524,0
0.00027017,0.0041843,0.0005109,0
0.00024584,0.0043923,0.00051724,0
0.00022856,0.0043555,0.00052705,0
0.00021952,0.0048572,0.00054937,0
0.00025723,0.0048728,0.00055276,0
0.00034487,0.0051988,0.00055145,0
0.00046294,0.0051717,0.00055145,0
0.00046167,0.0049727,0.00055145,0
0.00051715,0.0049382,0.00056384,0
0.00057725,0.0048965,0.00056384,0
0.00057411,0.004437,0.00057026,0
0.0005904,0.0040586,0.0005575,0
0.00060828,0.0043761,0.00055989,0
0.00062476,0.0043057,0.00055989,0
0.00073572,0.0039971,0.0005751,0
0.00083176,0.0041135,0.00057511,0
0.000793,0.0043656,0.0005725,0
0.00077089,0.0045415,0.00055636,0
0.00076823,0.004144,0.00053678,0
0.00083113,0.0040829,0.00050572,0
0.00083548,0.0041492,0.00050104,0
0.000781,0.0042798,0.00048627,0
0.00075931,0.0042731,0.00049215,0
0.00083179,0.0043045,0.00048594,0
0.00084749,0.0036812,0.00046918,0
0.00083193,0.003826,0.000473,0
0.00074319,0.0038923,0.00048655,0
0.00066517,0.0045928,0.0004908,0
0.00068693,0.0045848,0.00050756,0
0.00074292,0.0053273,0.00051439,0
0.00083295,0.0053142,0.00050753,0
0.00083459,0.0060252,0.0004736,0
0.0011594,0.0068503,0.00046265,0
0.0012972,0.0067474,0.00046025,0
0.0012747,0.0068236,0.0004585,0
0.0012559,0.0068787,0.00044058,0
0.0011969,0.0063625,0.00044483,0
0.0012519,0.0060425,0.00043546,0
0.001276,0.0056877,0.00044692,0
0.0013554,0.005743,0.00045585,0
0.0013102,0.0061611,0.0004869,0
0.0014955,0.0061795,0.00047884,0
0.0016767,0.0065739,0.00048641,0
0.0017779,0.0074084,0.00046868,0
0.001704,0.0073156,0.00046867,0
0.0017941,0.0081076,0.0004912,0
0.0018929,0.0089085,0.00049545,0
0.0018936,0.0084181,0.00052533,0
0.002497,0.0077574,0.00052533,0
0.0026592,0.008323,0.0005066,0
0.0027035,0.0087505,0.00046986,0
0.0027094,0.0099894,0.00046986,0
0.002904,0.011111,0.00050053,0
0.0025974,0.010523,0.00052673,0
0.0025916,0.010473,0.00051463,0
0.0028451,0.010316,0.00051823,0
0.0027527,0.010371,0.00052975,0
0.0027294,0.010726,0.00052167,0
0.0026835,0.011385,0.00053365,0
0.0026814,0.011423,0.00052065,0
0.0026146,0.011821,0.00054043,0
0.0025991,0.01183,0.00054044,0
0.0024426,0.011505,0.00057622,0
0.0022338,0.011019,0.00060898,0
0.0021398,0.010058,0.00066702,0
0.002144,0.010485,0.00069455,0
0.0020843,0.0096867,0.00068878,0
0.0020792,0.0087799,0.00069106,0
0.0021582,0.0086874,0.00068161,0
0.0015429,0.0086233,0.00074783,0
0.0013691,0.0090443,0.00078859,0
0.0015073,0.0078808,0.00082185,0
0.0019357,0.0067819,0.0008423,0
0.0022936,0.0052179,0.00085239,0
0.0024428,0.0057255,0.00085772,0
0.002571,0.0073441,0.00087221,0
0.0023584,0.0096496,0.00089094,0
0.0023879,0.0099724,0.0008506,0
0.0028643,0.0096672,0.00086095,0
0.0044565,0.0090062,0.00086095,0
0.0054799,0.0089905,0.0008984,0
0.0057579,0.0086896,0.00088928,0
0.005783,0.0083231,0.00089221,0
0.0057917,0.010076,0.00085642,0
0.0059673,0.014065,0.00082889,0
0.0061072,0.015748,0.00077174,0
0.0065822,0.015378,0.00075511,0
0.0072919,0.015562,0.00075511,0
0.0082392,0.015883,0.00078055,0
0.0084913,0.015839,0.0007601,0
0.0084997,0.01589,0.00068089,0
0.008521,0.018734,0.00062566,0
0.0082448,0.020754,0.00057187,0
0.0077492,0.02126,0.00053919,0
0.0074931,0.021164,0.00049657,0
0.0075329,0.021246,0.00047107,0
0.0072583,0.019478,0.00044947,0
0.0072195,0.01728,0.00041504,0
0.007215,0.01684,0.00041504,0
0.0067402,0.017162,0.00039284,0
0.0051596,0.017174,0.00037159,0
0.0042659,0.017182,0.00032722,0
0.0043339,0.017021,0.00029198,0
0.0043102,0.017073,0.00025302,0
0.0042697,0.015586,0.0002481,0
0.0041639,0.012648,0.0002386,0
0.0045291,0.011252,0.00023959,0
0.0047936,0.011185,0.00021183,0
0.0047085,0.011244,0.00017741,0
0.0039212,0.010981,0.00012732,0
0.0037219,0.012024,0.00011651,0
0.0038993,0.013961,0.00010758,0
0.0043593,0.010462,0.00012401,0
0.0056588,0.0085343,0.00012377,0
0.0067727,0.0077058,0.00011915,0
0.0066784,0.0081743,0.00011281,0
0.0064731,0.010802,0.00011281,0
0.0065817,0.012788,0.00011829,0
0.007738,0.012893,0.00011719,0
0.009651,0.013606,0.0001132,0
0.010342,0.013336,0.00011574,0
0.010474,0.014851,0.00010584,0
0.010422,0.016092,0.00010731,0
0.01044,0.016092,0.00010414,0
0.011365,0.016048,0.00010324,0
0.011553,0.016461,9.34E-05,0
0.012177,0.015614,8.70E-05,0
0.01171,0.015248,0.00011649,0
0.011648,0.017441,0.0001308,0
0.011195,0.017321,0.00025544,0
0.010972,0.018009,0.00025685,0
0.010848,0.017097,0.00024825,0
0.011103,0.016728,0.00025173,0
0.011246,0.017673,0.00025512,0
0.010121,0.01795,0.00027506,0
0.0090576,0.017981,0.00027157,0
0.0089597,0.017351,0.00026576,0
0.0089658,0.013948,0.00025592,0
0.0088519,0.011957,0.00025861,0
0.0076983,0.012129,0.00026004,0
0.0057924,0.012555,0.00030316,0
0.005093,0.014387,0.00030847,0
0.0049393,0.013263,0.00037018,0
0.0050405,0.012148,0.00036839,0
0.0049314,0.012787,0.00037791,0
0.0040107,0.013032,0.00038328,0
0.0038546,0.012669,0.00038672,0
0.0031593,0.012623,0.00038724,0
0.0032284,0.012849,0.00035279,0
0.0026877,0.011281,0.00033965,0
0.0025375,0.011324,0.00021482,0
0.002595,0.010516,0.00021367,0
0.0025871,0.012264,0.00021216,0
0.0025573,0.01331,0.00020849,0
0.0019233,0.012545,0.00019199,0
0.0017787,0.012268,0.0001743,0
0.0018462,0.012952,0.00018326,0
0.0017495,0.01309,0.00018067,0
0.0017751,0.013122,0.00020261,0
0.0019387,0.01318,0.00019782,0
0.0021003,0.013742,0.00020002,0
0.0023143,0.012851,0.00015896,0
0.002313,0.011121,0.00014892,0
0.0023587,0.011171,8.55E-05,0
0.0021697,0.011036,9.36E-05,0
0.0021412,0.010827,8.56E-05,0
0.0022307,0.010675,8.24E-05,0
0.002356,0.011025,7.87E-05,0
0.002356,0.011331,7.72E-05,0
0.0023241,0.011114,7.74E-05,0
0.0024277,0.010623,8.89E-05,0
0.0026599,0.010457,9.89E-05,0
0.0025737,0.011082,0.00010362,0
0.0025832,0.0096434,0.00010377,0
0.0021615,0.0082357,0.00010685,0
0.0021898,0.0081463,0.00010113,0
0.0022389,0.0086313,9.87E-05,0
0.0021089,0.0079041,9.74E-05,0
0.0021003,0.0077669,9.88E-05,0
0.0020503,0.0079749,7.69E-05,0
0.0018861,0.0079093,7.35E-05,0
0.0018083,0.0072244,6.98E-05,0
0.0016423,0.0070572,6.94E-05,0
0.0016423,0.0069178,6.90E-05,0
0.0016101,0.0064561,6.94E-05,0
0.0016026,0.0064774,6.07E-05,0
0.0013822,0.0060607,6.24E-05,0
0.001281,0.0062063,6.88E-05,0
0.0011234,0.0056141,7.06E-05,0
0.0011301,0.0050823,7.09E-05,0
0.0010506,0.0052193,7.12E-05,0
0.00080508,0.0052795,5.86E-05,0
0.00053481,0.0053693,4.83E-05,0
0.00052257,0.0050136,4.67E-05,0
0.00051487,0.0045776,4.66E-05,0
0.00052677,0.003612,4.25E-05,0
0.00050515,0.0032728,4.62E-05,0
0.00040384,0.0027604,4.74E-05,0
0.00035075,0.0027536,3.92E-05,0
0.00039322,0.0028251,4.36E-05,0
0.00041538,0.0025859,4.45E-05,0
0.00041306,0.0028244,4.24E-05,0
0.00037424,0.0026792,4.26E-05,0
0.00034397,0.0025955,4.26E-05,0
0.00062755,0.0028054,4.32E-05,0
0.00061362,0.0027849,4.78E-05,0
0.00062138,0.002768,4.55E-05,0
0.00063804,0.0030633,4.40E-05,0
0.0007085,0.002784,3.40E-05,0
0.00078517,0.0027066,3.40E-05,0
0.00085369,0.0026879,3.36E-05,0
0.00084911,0.0025418,3.48E-05,0
0.00086702,0.0023557,3.47E-05,0
0.0008422,0.002277,3.40E-05,0
0.00083416,0.0020158,3.05E-05,0
0.0008336,0.0020109,3.20E-05,0
0.00081964,0.0018224,3.21E-05,0
0.00082123,0.00171,2.85E-05,0
0.00084269,0.0016053,2.91E-05,0
0.00081557,0.0020831,2.91E-05,0
0.00079944,0.0020518,2.32E-05,0
0.00079332,0.00187,2.22E-05,0
0.00084705,0.0017879,1.83E-05,0
0.00086155,0.001661,1.93E-05,0
0.00090037,0.001661,1.87E-05,0
0.00063434,0.001463,1.76E-05,0
0.00063973,0.0014917,1.32E-05,0
0.00062659,0.0014697,1.38E-05,0
0.00073475,0.0011709,1.32E-05,0
0.00066811,0.0014192,1.56E-05,0
0.00060153,0.0014347,1.70E-05,0
0.00052764,0.0014367,1.82E-05,0
0.0006075,0.0014343,1.65E-05,0
0.00059743,0.0014971,1.77E-05,0
0.00063978,0.0014863,1.88E-05,0
0.00064471,0.0014822,3.51E-05,0
0.00064891,0.0022169,5.25E-05,0
0.00063329,0.0021494,6.74E-05,0
0.00065332,0.0021786,6.84E-05,0
0.0006494,0.0023846,6.91E-05,0
0.00065171,0.0020598,7.19E-05,0
0.00062426,0.0021001,8.33E-05,0
0.00060801,0.0021378,8.32E-05,0
0.00058682,0.0019798,8.71E-05,0
0.00056044,0.0019812,8.59E-05,0
0.00050164,0.0026263,8.49E-05,0
0.00048659,0.0027663,8.52E-05,0
0.00052729,0.0033142,8.69E-05,0
0.00055275,0.003778,8.95E-05,0
0.00042793,0.0038094,8.95E-05,0
0.00054502,0.004019,8.72E-05,0
0.00054859,0.0044992,8.40E-05,0
0.00057406,0.0045089,8.32E-05,0
0.00078464,0.0047184,8.64E-05,0
0.00085169,0.0046353,0.00010209,0
0.0008191,0.0046899,0.00011593,0
0.0008177,0.0049046,0.00011996,0
0.0008874,0.0042179,0.00010728,0
0.0010623,0.0041502,0.00010914,0
0.0012562,0.0041217,0.00011114,0
0.001349,0.0038932,0.000122,0
0.0013514,0.003747,0.00011921,0
0.0013573,0.003798,0.00011076,0
0.0013572,0.0037921,0.00011288,0
0.0013595,0.0038837,0.00010954,0
0.0013397,0.0042246,0.00010956,0
0.0013281,0.0036514,0.0001126,0
0.0013187,0.0035425,0.00011958,0
0.0013833,0.0030004,0.00011732,0
0.0013692,0.0026947,0.00011587,0
0.0013565,0.0028606,0.00011568,0
0.0012405,0.0026731,0.00012066,0
0.0012615,0.0023205,0.00012238,0
0.0012666,0.0023997,0.00013068,0
0.0010054,0.0023735,0.00013486,0
0.00095491,0.0030931,0.00011973,0
0.0010081,0.0032665,0.00011087,0
0.0011015,0.0030648,0.00012283,0
0.0014866,0.0044067,0.00016106,0
0.0014201,0.0049572,0.00017705,0
0.0013679,0.0054068,0.00019923,0
0.0012573,0.0054554,0.0001877,0
0.0013952,0.0056696,0.0001879,0
0.0014097,0.0057308,0.0001853,0
0.0014596,0.0064806,0.00018467,0
0.0014433,0.0066153,0.000189,0
0.0014498,0.0069844,0.00018913,0
0.0014814,0.0069065,0.00018913,0
0.0015607,0.0072829,0.00018276,0
0.0014658,0.0077095,0.0001827,0
0.0014527,0.0075528,0.00018337,0
0.0014492,0.0073441,0.00018411,0
0.0014931,0.0074101,0.00018079,0
0.0014718,0.0072014,0.00018915,0
0.0014467,0.0071037,0.00018047,0
0.0014967,0.0069318,0.00017319,0
0.0016095,0.0067611,0.00017184,0
0.0015449,0.0065882,0.00016576,0
0.0016158,0.0065809,0.00013608,0
0.0011778,0.0053382,9.20E-05,0
0.0011237,0.0050795,6.15E-05,0
0.0010316,0.0049987,3.86E-05,0
0.0012411,0.0071391,4.30E-05,0
0.0011033,0.0069237,4.34E-05,0
0.001294,0.0071684,4.75E-05,0
0.0018798,0.006788,4.66E-05,0
0.0019832,0.006654,4.52E-05,0
0.0019881,0.0061204,4.55E-05,0
0.0020263,0.0074125,4.55E-05,0
0.0019766,0.0071012,5.61E-05,0
0.0026315,0.0067048,5.67E-05,0
0.0028494,0.0067359,5.75E-05,0
0.0028601,0.0068683,5.98E-05,0
0.003101,0.0080831,8.35E-05,0
0.0030894,0.01167,8.07E-05,0
0.0031264,0.011684,8.19E-05,0
0.0041739,0.012701,8.22E-05,0
0.0042895,0.012692,8.25E-05,0
0.0043136,0.013098,8.49E-05,0
0.004358,0.013388,8.24E-05,0
0.0046271,0.013262,8.21E-05,0
0.0048778,0.012993,9.41E-05,0
0.005531,0.013609,9.17E-05,0
0.005567,0.011623,9.25E-05,0
0.0056032,0.011674,9.18E-05,0
0.0053937,0.011227,9.08E-05,0
0.004799,0.010824,9.20E-05,0
0.0046777,0.01124,9.14E-05,0
0.004652,0.011075,0.00010115,0
0.004589,0.0099552,9.81E-05,0
0.0045639,0.01019,9.26E-05,0
0.0039026,0.010338,9.19E-05,0
0.0037486,0.010298,9.12E-05,0
0.003758,0.01073,8.83E-05,0
0.0035021,0.0092329,6.33E-05,0
0.0034996,0.0056774,5.62E-05,0
0.0035238,0.0058529,5.53E-05,0
0.0024728,0.0055225,6.18E-05,0
0.0022209,0.0062692,6.12E-05,0
0.0025007,0.0058811,6.00E-05,0
0.0026413,0.007442,6.54E-05,0
0.0024921,0.0080156,7.28E-05,0
0.0021901,0.0082331,5.88E-05,0
0.0018161,0.0090316,6.56E-05,0
0.001595,0.010408,6.16E-05,0
0.0016466,0.011527,6.73E-05,0
0.0022444,0.011842,6.76E-05,0
0.0027916,0.013989,7.75E-05,0
0.0027992,0.013573,7.94E-05,0
0.0031032,0.020471,7.34E-05,0
0.0036345,0.02806,8.01E-05,0
0.0038013,0.030913,8.13E-05,0
0.0059363,0.031983,0.00011155,0
0.0094187,0.038567,0.00015049,0
0.0099732,0.039986,0.00019368,0
0.010027,0.042214,0.00019448,0
0.010528,0.04624,0.00019886,0
0.010471,0.048934,0.00019917,0
0.011029,0.04831,0.00019227,0
0.012061,0.048658,0.00020228,0
0.012021,0.048601,0.00020517,0
0.011664,0.047071,0.00020637,0
0.011706,0.046652,0.00019909,0
0.011797,0.046479,0.00020606,0
0.011465,0.045444,0.00019932,0
0.012051,0.044268,0.00019962,0
0.011991,0.043179,0.00021076,0
0.011392,0.043117,0.00022171,0
0.01093,0.041481,0.00025761,0
0.010949,0.041438,0.00027563,0
0.010694,0.034656,0.00027215,0
0.010139,0.027006,0.00027261,0
0.0099687,0.023944,0.00026553,0
0.0079082,0.02341,0.00023845,0
0.0043802,0.017024,0.00019784,0
0.0038468,0.015637,0.00017882,0
0.0037695,0.013418,0.00017803,0
0.003317,0.0093603,0.00017344,0
0.0033593,0.0064724,0.00017658,0
0.002885,0.0071595,0.00019467,0
0.0019486,0.0056659,0.00018863,0
0.0020055,0.0067842,0.00020906,0
0.0027258,0.006818,0.00020243,0
0.003351,0.0071006,0.0002622,0
0.0034029,0.009302,0.00027934,0
0.003469,0.0086805,0.00031374,0
0.0028903,0.0090506,0.00031792,0
0.003207,0.012686,0.00031988,0
0.003227,0.014003,0.00031354,0
0.0034682,0.013794,0.00028101,0
0.0046475,0.017974,0.00025911,0
0.0050366,0.018197,0.00027539,0
0.0054864,0.018087,0.00027308,0
0.0073997,0.023583,0.0003304,0
0.0077661,0.029555,0.00033732,0
0.0081901,0.029587,0.00034164,0
0.010209,0.031051,0.00032893,0
0.011503,0.035366,0.00032857,0
0.011454,0.035371,0.00032876,0
0.011966,0.039149,0.00032504,0
0.013109,0.043817,0.00031013,0
0.013073,0.044026,0.00030895,0
0.014468,0.043421,0.00033081,0
0.01664,0.046241,0.00037964,0
0.016054,0.049696,0.00032297,0
0.016229,0.048149,0.00029906,0
0.017214,0.061515,0.00026465,0
0.017558,0.061773,0.00028754,0
0.017798,0.060233,0.00027445,0
0.018814,0.061993,0.00026637,0
0.018938,0.061942,0.00025604,0
0.017732,0.05778,0.00026177,0
0.017291,0.058702,0.0002449,0
0.01685,0.058701,0.00024802,0
0.015447,0.053702,0.00019547,0
0.015053,0.047849,0.00018597,0
0.014634,0.048294,0.00018306,0
0.012948,0.046828,0.00018658,0
0.011643,0.042431,0.00018871,0
0.011916,0.044637,0.00020278,0
0.011448,0.041128,0.00020968,0
0.010149,0.036587,0.00039625,0
0.010341,0.037109,0.00040602,0
0.0087483,0.037122,0.00036182,0
0.0064788,0.033934,0.00031961,0
0.0062703,0.030938,0.000366,0
0.0059584,0.030266,0.0003655,0
0.0048867,0.016796,0.00039991,0
0.0045409,0.017511,0.00036976,0
0.0039812,0.016109,0.00037838,0
0.0029479,0.012883,0.00037953,0
0.0026792,0.013578,0.0003799,0
0.0035966,0.015258,0.00037617,0
0.0037984,0.014124,0.00038232,0
0.0039007,0.014572,0.0003885,0
0.0036206,0.01526,0.0003961,0
0.0039495,0.01449,0.00045902,0
0.0039431,0.013817,0.00046554,0
0.0036164,0.013888,0.00045038,0
0.0038686,0.015568,0.00045513,0
0.0036999,0.013879,0.00044896,0
0.0036495,0.013632,0.00045311,0
0.0036572,0.012773,0.00026338,0
0.0035762,0.011961,0.00025288,0
0.0035616,0.012711,0.00025247,0
0.0029769,0.012712,0.0002454,0
0.0029853,0.011794,0.00020157,0
0.0030341,0.011755,0.00020207,0
0.0031433,0.012806,0.00017039,0
0.0032019,0.011135,0.00017318,0
0.0037283,0.010632,0.00016456,0
0.0039305,0.010567,0.00018969,0
0.003771,0.009931,0.00018837,0
0.0028941,0.0085071,0.00018734,0
0.0029076,0.0098809,0.00019619,0
0.0032867,0.011435,0.00020271,0
0.0032206,0.012822,0.00020691,0
0.0029326,0.013136,0.00014845,0
0.0031848,0.013398,0.00014016,0
0.0031916,0.012742,0.00014234,0
0.0032793,0.012475,0.00013949,0
0.0035217,0.012464,0.00013448,0
0.0035552,0.01253,0.00012583,0
0.003624,0.012503,0.00012581,0
0.0035735,0.012874,0.00016391,0
0.0036332,0.01243,0.00019774,0
0.0037613,0.012466,0.00020214,0
0.004103,0.015508,0.00020214,0
0.004096,0.017301,0.00020155,0
0.0039869,0.018454,0.00020107,0
0.0044884,0.018985,0.00019833,0
0.0040082,0.018791,0.00019412,0
0.0042949,0.018748,0.0001723,0
0.004421,0.018441,0.00016896,0
0.0044481,0.018325,0.0001674,0
0.0043199,0.016882,0.00015557,0
0.0038288,0.014883,0.00013484,0
0.0037198,0.012246,0.00011916,0
0.0037819,0.011825,0.00011426,0
0.0036791,0.011976,0.00011506,0
0.0038002,0.012116,0.00011428,0
0.0035917,0.010776,0.00011031,0
0.0032512,0.010293,0.00010723,0
0.0032635,0.010289,0.00010485,0
0.0031946,0.010535,0.00010487,0
0.0031522,0.010104,6.64E-05,0
0.0031906,0.010681,3.09E-05,0
0.0032925,0.0109,3.49E-05,0
0.0029446,0.007878,2.94E-05,0
0.0028914,0.0074763,2.95E-05,0
0.0031081,0.0059609,2.83E-05,0
0.0028849,0.0070306,4.14E-05,0
0.0028803,0.0069467,3.99E-05,0
0.0025936,0.008053,3.52E-05,0
0.0025521,0.0080822,3.54E-05,0
0.0025008,0.0081529,3.77E-05,0
0.0025838,0.0080836,3.45E-05,0
0.0025951,0.0081344,5.24E-05,0
0.0027428,0.0089959,5.13E-05,0
0.002768,0.0092326,5.40E-05,0
0.0026905,0.0088219,5.40E-05,0
0.0025923,0.0091944,5.16E-05,0
0.0024904,0.0098095,5.21E-05,0
0.0025429,0.0098657,5.42E-05,0
0.0024974,0.010642,7.23E-05,0
0.0026588,0.010622,7.22E-05,0
0.0025813,0.011553,7.52E-05,0
0.0023734,0.010208,7.75E-05,0
0.0021703,0.010549,0.0001091,0
0.0022238,0.010561,0.0001091,0
0.0024215,0.0094813,0.00012332,0
0.0023096,0.0088277,0.00012905,0
0.0019598,0.0072522,0.00011732,0
0.0019046,0.0081958,0.0001173,0
0.0017442,0.0075414,0.00012075,0
0.0017386,0.0076317,0.00012231,0
0.00192,0.0078403,0.00012043,0
0.0017505,0.007841,0.00012195,0
0.0019699,0.0089666,0.00011546,0
0.0018188,0.010671,0.00011952,0
0.0016589,0.010455,0.00012069,0
0.0019749,0.012103,0.00011961,0
0.0021488,0.011643,0.00013972,0
0.0022351,0.011013,0.00014417,0
0.0024343,0.01193,0.00014217,0
0.0025777,0.012953,0.00012445,0
0.0024461,0.012786,0.0001246,0
0.0030112,0.012164,0.0001246,0
0.0031695,0.013184,0.00013038,0
0.0031122,0.012741,9.17E-05,0
0.0033718,0.016243,9.95E-05,0
0.0033111,0.016051,8.58E-05,0
0.0032969,0.017265,9.70E-05,0
0.0039515,0.018854,9.92E-05,0
0.0039382,0.018125,0.00010386,0
0.004355,0.017872,0.00010186,0
0.0046526,0.018086,9.97E-05,0
0.00449,0.017891,9.91E-05,0
0.0045259,0.017989,0.00010129,0
0.0043482,0.016924,9.07E-05,0
0.0045625,0.014286,8.84E-05,0
0.004578,0.014374,8.46E-05,0
0.0043977,0.012723,8.52E-05,0
0.004276,0.012763,6.51E-05,0
0.00422,0.012728,6.04E-05,0
0.0040526,0.012079,6.39E-05,0
0.003926,0.010275,6.64E-05,0
0.0038922,0.010625,7.20E-05,0
0.0033455,0.010442,6.84E-05,0
0.0032255,0.0093839,6.12E-05,0
0.0037954,0.0093689,6.34E-05,0
0.0039047,0.0058458,5.53E-05,0
0.0037806,0.0058661,5.76E-05,0
0.0037511,0.0046008,3.96E-05,0
0.0031686,0.0030773,3.64E-05,0
0.0031927,0.0030034,3.29E-05,0
0.0028745,0.0028122,4.38E-05,0
0.0025875,0.0026096,4.56E-05,0
0.0025818,0.0026601,4.89E-05,0
0.0025438,0.0026052,4.69E-05,0
0.0027223,0.002501,5.70E-05,0
0.0026592,0.0027449,5.90E-05,0
0.00281,0.0027301,7.68E-05,0
0.0026157,0.0027612,9.42E-05,0
0.0025111,0.0029094,9.99E-05,0
0.0026486,0.0029019,0.00013698,0
0.00308,0.0027575,0.00015135,0
0.0033838,0.0033736,0.00022766,0
0.0034303,0.0030881,0.0002442,0
0.0034225,0.0030139,0.00024334,0
0.0034144,0.0029714,0.00024924,0
0.0028815,0.0029097,0.00025988,0
0.0024421,0.0029467,0.00027079,0
0.002433,0.0028306,0.00027365,0
0.0023973,0.0028507,0.00028181,0
0.0023086,0.0026858,0.00028813,0
0.0023114,0.0026912,0.00038356,0
0.0022068,0.0031517,0.00047684,0
0.0022254,0.0034399,0.00054238,0
0.0023078,0.0033038,0.00059853,0
0.002376,0.0033226,0.00061693,0
0.0021539,0.0033553,0.00061055,0
0.0020812,0.0030462,0.0006097,0
0.0020868,0.0032162,0.0005926,0
0.0023247,0.0031864,0.00058316,0
0.0023272,0.0029373,0.00057916,0
0.002201,0.0029921,0.00054419,0
0.0017652,0.0028235,0.000533,0
0.0014381,0.0024855,0.00045667,0
0.0015064,0.0030442,0.0005095,0
0.0019457,0.0031238,0.0005557,0
0.0028898,0.003381,0.00059834,0
0.003517,0.0043936,0.00058612,0
0.0035164,0.0052493,0.00057534,0
0.0038614,0.005261,0.00056962,0
0.0045981,0.005241,0.00056759,0
0.004795,0.0052553,0.00056168,0
0.0047657,0.0051389,0.0004688,0
0.0047814,0.0046727,0.00037103,0
0.0047159,0.0042542,0.0003133,0
0.0046365,0.0040462,0.00026606,0
0.0045831,0.0039957,0.00026209,0
0.0045763,0.004105,0.00025769,0
0.0044529,0.004265,0.00025495,0
0.0043356,0.0040075,0.00025434,0
0.0040809,0.0040545,0.00025384,0
0.004061,0.004053,0.00025497,0
0.004008,0.0039761,0.00026361,0
0.0039384,0.0039368,0.0002636,0
0.0039185,0.0035848,0.00027026,0
0.0037987,0.0029121,0.00020204,0
0.0033496,0.0027962,0.00017185,0
0.0023934,0.0025729,0.00012257,0
0.0017227,0.0015915,0.00012194,0
0.0017314,0.0007143,0.00012224,0
0.0014029,0.00066539,0.00012373,0
0.00074007,0.00066224,0.00011786,0
0.00061868,0.00068202,0.00011695,0
0.00077201,0.00066678,0.00011323,0
0.00078984,0.0006589,0.00010564,0
0.00070523,0.00066883,9.67E-05,0
0.00067269,0.00071781,8.50E-05,0
0.00066391,0.00076195,6.95E-05,0
0.00067952,0.00061221,7.29E-05,0
0.00067352,0.00045348,7.37E-05,0
0.00059399,0.00047655,7.80E-05,0
0.00059238,0.00042853,6.99E-05,0
0.00058378,0.0004354,6.99E-05,0
0.00057121,0.00043044,5.89E-05,0
0.00058008,0.00044833,5.89E-05,0
0.00056102,0.0004411,4.94E-05,0
0.00056177,0.00042995,4.31E-05,0
0.00055937,0.00043399,2.69E-05,0
0.00054006,0.00048525,2.70E-05,0
0.00054012,0.0003995,2.58E-05,0
0.00053518,0.00037257,2.56E-05,0
0.00052605,0.00037395,2.42E-05,0
0.00045446,0.00037067,2.80E-05,0
0.00039722,0.00033812,2.91E-05,0
0.00024389,0.00032293,2.95E-05,0
0.00017725,0.00032039,2.96E-05,0
0.00016076,0.00031877,3.15E-05,0
0.00019882,0.00026962,3.06E-05,0
0.00019439,0.00021393,3.18E-05,0
0.00017685,0.00023126,2.83E-05,0
0.00018157,0.00024596,2.77E-05,0
0.00018453,0.00021991,2.31E-05,0
0.00020077,0.00024616,2.34E-05,0
0.00020816,0.00023904,2.06E-05,0
0.00022691,0.00027598,2.06E-05,0
0.00034769,0.00034757,1.38E-05,0
0.00037324,0.00044182,1.39E-05,0
0.00038333,0.00045311,1.33E-05,0
0.0004033,0.00055037,1.37E-05,0
0.00040256,0.00052705,1.33E-05,0
0.00042019,0.00052099,1.31E-05,0
0.00042126,0.0005226,1.30E-05,0
0.00041497,0.00053081,1.35E-05,0
0.0004373,0.00059625,1.09E-05,0
0.00045705,0.00060178,1.18E-05,0
0.00050043,0.00061701,1.96E-05,0
0.00049782,0.00067342,2.46E-05,0
0.0004918,0.00076068,2.79E-05,0
0.00045757,0.0010035,3.24E-05,0
0.00046302,0.0010771,3.75E-05,0
0.0004669,0.0010551,4.29E-05,0
0.00059237,0.0010977,5.21E-05,0
0.00081412,0.0011092,6.82E-05,0
0.00088903,0.0010854,8.39E-05,0
0.00088062,0.0011588,9.08E-05,0
0.0094287,0.013807,0.0075396,1
0.0093144,0.013595,0.0078589,1
0.0094358,0.013106,0.0082328,1
0.013797,0.012038,0.0081832,1
0.01359,0.012343,0.0079884,1
0.013629,0.011939,0.0078056,1
0.011912,0.01118,0.0071327,1
0.011989,0.010332,0.0075469,1
0.011213,0.011572,0.00749,1
0.011845,0.01152,0.0070017,1
0.013961,0.010264,0.010512,1
0.015432,0.0098869,0.01094,1
0.015171,0.010722,0.012099,1
0.015282,0.0096664,0.01451,1
0.01457,0.0090103,0.014037,1
0.013696,0.012186,0.014084,1
0.013696,0.016028,0.013409,1
0.012187,0.022223,0.013371,1
0.012565,0.028271,0.012625,1
0.013392,0.035681,0.012611,1
0.01398,0.039924,0.012662,1
0.015069,0.041525,0.0127,1
0.015756,0.042356,0.012231,1
0.01562,0.042677,0.010887,1
0.011099,0.042688,0.011047,1
0.011189,0.04238,0.010543,1
0.011036,0.042323,0.010786,1
0.010937,0.042295,0.01021,1
0.011055,0.042356,0.0099336,1
0.011162,0.041212,0.0098909,1
0.010575,0.041569,0.0099117,1
0.0083732,0.041823,0.006252,1
0.0063347,0.042169,0.0057998,1
0.0062601,0.040875,0.0044831,1
0.0061025,0.04108,0.0020052,1
0.0061736,0.041505,0.0020067,1
0.0062365,0.039078,0.0019075,1
0.0062626,0.036279,0.0019791,1
0.0061331,0.030876,0.0022861,1
0.005601,0.023623,0.0026975,1
0.0046377,0.017521,0.0030578,1
0.0033812,0.013972,0.0032533,1
0.0022621,0.012998,0.0032605,1
0.0015685,0.012985,0.0032668,1
0.0013698,0.013065,0.0034049,1
0.0015344,0.013288,0.0037637,1
0.0017789,0.013336,0.0044225,1
0.0019688,0.013335,0.0052315,1
0.0020492,0.013443,0.0059332,1
0.0019494,0.013586,0.0064314,1
0.0018307,0.013668,0.006711,1
0.002125,0.013783,0.0068004,1
0.0032406,0.01426,0.0068318,1
0.0053453,0.015271,0.0068723,1
0.008165,0.016373,0.0069982,1
0.011278,0.016997,0.0072827,1
0.014115,0.016962,0.0076467,1
0.016465,0.01633,0.0078542,1
0.018235,0.015275,0.007795,1
0.019299,0.014099,0.0074974,1
0.01979,0.012906,0.0070859,1
0.020004,0.011832,0.0067516,1
0.020128,0.010808,0.0065709,1
0.020271,0.0097182,0.0065447,1
0.020475,0.0089257,0.0065352,1
0.020802,0.008999,0.0063727,1
0.021226,0.0099795,0.0058803,1
0.021696,0.01116,0.0049565,1
0.022251,0.011825,0.0038269,1
0.022893,0.011726,0.002864,1
0.023566,0.011772,0.0023153,1
0.02406,0.012553,0.0024027,1
0.023973,0.014017,0.0032493,1
0.022914,0.016003,0.0046354,1
0.02082,0.017776,0.0063876,1
0.017991,0.018968,0.0081936,1
0.014879,0.019872,0.0096633,1
0.012201,0.020219,0.010579,1
0.010388,0.020115,0.010963,1
0.0094679,0.020444,0.011044,1
0.0091101,0.021215,0.011043,1
0.0089764,0.021728,0.011048,1
0.0088277,0.02194,0.011013,1
0.0086968,0.021881,0.010982,1
0.0086905,0.021827,0.011122,1
0.0087461,0.021897,0.011622,1
0.0085652,0.021642,0.012474,1
0.0079959,0.020721,0.013472,1
0.0072062,0.019544,0.014481,1
0.0064923,0.018879,0.015483,1
0.0060358,0.018854,0.016545,1
0.0060228,0.01864,0.017504,1
0.0065704,0.017585,0.018057,1
0.0077952,0.015761,0.017973,1
0.0098108,0.01354,0.017306,1
0.012447,0.01109,0.016123,1
0.015153,0.0086261,0.014766,1
0.017198,0.0066497,0.013554,1
0.018165,0.0058304,0.012743,1
0.018036,0.0058144,0.012428,1
0.017261,0.0057485,0.012492,1
0.016559,0.0060552,0.012702,1
0.016204,0.0080013,0.0129,1
0.016175,0.011961,0.01301,1
0.016274,0.0155,0.012981,1
0.016253,0.016525,0.012831,1
0.016028,0.016495,0.012453,1
0.015865,0.018503,0.011871,1
0.016105,0.02388,0.011433,1
0.016829,0.031593,0.011234,1
0.017928,0.039852,0.010974,1
0.019372,0.047533,0.010335,1
0.020947,0.052583,0.0093954,1
0.022288,0.054136,0.0084241,1
0.022687,0.054031,0.0077147,1
0.021809,0.054245,0.0075353,1
0.019751,0.055619,0.0077195,1
0.0173,0.057218,0.0076866,1
0.015413,0.057968,0.0073738,1
0.014523,0.058036,0.0069267,1
0.014618,0.058127,0.0065332,1
0.015421,0.058347,0.006335,1
0.016451,0.057566,0.0064092,1
0.017324,0.054768,0.00663,1
0.017812,0.050121,0.006938,1
0.017897,0.046383,0.0072604,1
0.017794,0.045546,0.007388,1
0.017774,0.045872,0.0072756,1
0.017856,0.043999,0.0070295,1
0.017773,0.038713,0.006664,1
0.017213,0.031168,0.0063614,1
0.015929,0.022914,0.0064368,1
0.013953,0.015478,0.0069294,1
0.01168,0.011347,0.0076829,1
0.009656,0.011588,0.0084489,1
0.0085628,0.014058,0.0090138,1
0.008422,0.015616,0.0091678,1
0.0088529,0.015545,0.0090423,1
0.0092922,0.015236,0.0092168,1
0.0093505,0.015333,0.0097938,1
0.0090724,0.015698,0.010798,1
0.0085054,0.015965,0.012299,1
0.0076113,0.015853,0.01396,1
0.006603,0.015693,0.015228,1
0.0057631,0.015779,0.016089,1
0.0052852,0.016028,0.016728,1
0.0051909,0.016179,0.017039,1
0.0053263,0.015993,0.017182,1
0.0055023,0.015643,0.017454,1
0.0055534,0.015335,0.01793,1
0.0054358,0.014973,0.018504,1
0.0052304,0.014713,0.018873,1
0.0051299,0.014873,0.018794,1
0.0051512,0.015201,0.018289,1
0.0051262,0.015488,0.017587,1
0.0048268,0.014878,0.016859,1
0.0041073,0.012884,0.016156,1
0.0030668,0.010589,0.015563,1
0.0020465,0.0086647,0.015448,1
0.0014268,0.007866,0.015982,1
0.0014824,0.0090573,0.016988,1
0.0020784,0.012202,0.017895,1
0.003082,0.017257,0.018061,1
0.0044589,0.023531,0.0173,1
0.0061105,0.029393,0.015958,1
0.0081327,0.034123,0.014708,1
0.010556,0.037389,0.01438,1
0.013103,0.03911,0.015695,1
0.015247,0.039757,0.018417,1
0.016569,0.039836,0.021469,1
0.017152,0.039761,0.023968,1
0.017308,0.039843,0.025305,1
0.017336,0.040024,0.025805,1
0.017331,0.040169,0.026377,1
0.017307,0.040148,0.027725,1
0.017262,0.039429,0.029891,1
0.0172,0.03837,0.032382,1
0.017136,0.037939,0.034681,1
0.017111,0.038688,0.036323,1
0.017113,0.040426,0.036945,1
0.017063,0.041515,0.036366,1
0.016842,0.040964,0.034895,1
0.016425,0.038856,0.033133,1
0.015645,0.034824,0.031588,1
0.014417,0.029532,0.030668,1
0.012835,0.02471,0.030498,1
0.010819,0.020517,0.030543,1
0.0083474,0.01705,0.029882,1
0.0057038,0.015216,0.027986,1
0.0034306,0.014778,0.025031,1
0.0019794,0.014842,0.021732,1
0.0013244,0.014873,0.018714,1
0.0011756,0.014783,0.016567,1
0.0011938,0.014723,0.015265,1
0.0012275,0.014777,0.014317,1
0.0012571,0.01472,0.013339,1
0.0013013,0.014287,0.012121,1
0.0014444,0.014327,0.010842,1
0.00183,0.015251,0.0097682,1
0.0026003,0.016089,0.0090969,1
0.0039032,0.016856,0.0087023,1
0.0056828,0.01881,0.0083869,1
0.0075094,0.02241,0.0080795,1
0.0088067,0.027273,0.0079177,1
0.0094881,0.032885,0.007964,1
0.0097049,0.038343,0.0082566,1
0.0096965,0.04347,0.0088158,1
0.009654,0.048204,0.0095599,1
0.0097939,0.051793,0.010325,1
0.010427,0.053464,0.010982,1
0.011722,0.053787,0.011304,1
0.013417,0.053648,0.011353,1
0.015215,0.053701,0.011354,1
0.016864,0.054268,0.011349,1
0.018185,0.054918,0.01126,1
0.019275,0.055145,0.010887,1
0.020219,0.055066,0.010107,1
0.021034,0.05528,0.0090756,1
0.021668,0.055485,0.0082012,1
0.02209,0.05508,0.007856,1
0.022383,0.05413,0.0067489,1
0.021086,0.051736,0.007594,1
0.019291,0.049962,0.0077802,1
0.017836,0.046284,0.0081292,1
0.017227,0.040002,0.0089875,1
0.01647,0.033682,0.0088085,1
0.016266,0.027869,0.00862,1
0.01627,0.021546,0.0096929,1
0.0165,0.019777,0.0089224,1
0.017357,0.016076,0.0080891,1
0.017175,0.014428,0.0077887,1
0.017575,0.015534,0.0076255,1
0.019314,0.018031,0.0080006,1
0.017442,0.019207,0.0081818,1
0.015772,0.018672,0.0081846,1
0.014822,0.0193,0.0099507,1
0.013747,0.019947,0.0099367,1
0.013329,0.019586,0.010145,1
0.012521,0.021031,0.010259,1
0.012642,0.020989,0.0099646,1
0.011993,0.020628,0.0095381,1
0.011963,0.0235,0.010756,1
0.011968,0.026056,0.010929,1
0.012236,0.024739,0.010407,1
0.012103,0.024381,0.010035,1
0.01127,0.02455,0.0093695,1
0.012263,0.030097,0.0096618,1
0.012099,0.029986,0.0098662,1
0.012007,0.030264,0.0081672,1
0.012279,0.029171,0.0082685,1
0.011434,0.029359,0.008353,1
0.011206,0.029444,0.0089841,1
0.0097779,0.028046,0.0087666,1
0.0068727,0.026315,0.0089872,1
0.012831,0.02516,0.0088119,1
0.014501,0.02607,0.0099648,1
0.014089,0.031455,0.0082105,1
0.015572,0.039619,0.025522,1
0.015028,0.043491,0.028838,1
0.019618,0.042155,0.0295,1
0.018744,0.04249,0.032689,1
0.018586,0.043067,0.032951,1
0.018013,0.039804,0.03435,1
0.020457,0.037752,0.032657,1
0.020234,0.03739,0.033744,1
0.020845,0.038809,0.03377,1
0.020921,0.038622,0.033619,1
0.020576,0.032398,0.033652,1
0.021419,0.032208,0.034589,1
0.022065,0.031872,0.03769,1
0.021861,0.03283,0.037657,1
0.02173,0.032812,0.038002,1
0.021586,0.032662,0.037057,1
0.021432,0.032461,0.037196,1
0.021355,0.031657,0.036641,1
0.016399,0.032235,0.036708,1
0.014814,0.031314,0.035601,1
0.015245,0.024661,0.035966,1
0.014807,0.016289,0.021618,1
0.016199,0.020308,0.018109,1
0.013876,0.026052,0.017298,1
0.013968,0.031237,0.016307,1
0.014612,0.034918,0.015614,1
0.017373,0.038715,0.013007,1
0.01806,0.041867,0.012926,1
0.020589,0.044324,0.011864,1
0.021214,0.04309,0.011933,1
0.021901,0.043525,0.011976,1
0.021585,0.043732,0.011675,1
0.021002,0.044151,0.01187,1
0.020932,0.045579,0.0088792,1
0.021823,0.04462,0.0088897,1
0.024441,0.044465,0.0087954,1
0.024394,0.045317,0.010097,1
0.024313,0.04568,0.010177,1
0.023936,0.045779,0.011029,1
0.023578,0.046839,0.010954,1
0.023897,0.047219,0.011821,1
0.023635,0.048995,0.012184,1
0.023237,0.052114,0.0094063,1
0.023021,0.044229,0.010004,1
0.020856,0.038234,0.011221,1
0.021738,0.032457,0.0089397,1
0.021876,0.02885,0.010364,1
0.0224,0.029123,0.010638,1
0.019264,0.025628,0.010689,1
0.017222,0.022907,0.010852,1
0.015701,0.024142,0.011333,1
0.014873,0.023791,0.011442,1
0.014396,0.023586,0.012892,1
0.01486,0.023318,0.012867,1
0.01672,0.027698,0.012837,1
0.015666,0.025716,0.012757,1
0.013431,0.026059,0.012418,1
0.01544,0.025236,0.011508,1
0.015451,0.026471,0.011758,1
0.015545,0.026385,0.010964,1
0.017047,0.025046,0.011269,1
0.017039,0.024697,0.010423,1
0.016873,0.02284,0.0096304,1
0.016194,0.020364,0.010641,1
0.017173,0.020474,0.011015,1
0.018461,0.020627,0.010395,1
0.017545,0.020786,0.010848,1
0.016822,0.021451,0.0093804,1
0.013119,0.017116,0.0090993,1
0.013545,0.019036,0.0092984,1
0.01304,0.019019,0.0094456,1
0.013881,0.016652,0.0090614,1
0.014091,0.016615,0.0091178,1
0.014093,0.016893,0.007775,1
0.013553,0.01611,0.0071912,1
0.011282,0.012167,0.0072359,1
0.011348,0.011519,0.0077925,1
0.013828,0.012834,0.0077962,1
0.013449,0.013469,0.0073792,1
0.013535,0.012227,0.006985,1
0.013737,0.013842,0.006816,1
0.012779,0.013898,0.0067153,1
0.012904,0.014151,0.0070562,1
0.013294,0.015103,0.0073943,1
0.021171,0.019543,0.0061922,1
0.019697,0.019561,0.005449,1
0.018415,0.019226,0.0056724,1
0.021269,0.018999,0.0065033,1
0.02155,0.018915,0.0065059,1
0.021553,0.020746,0.0069264,1
0.021237,0.020145,0.0066583,1
0.021201,0.020411,0.0066356,1
0.020588,0.021125,0.006436,1
0.020852,0.02121,0.0063797,1
0.021258,0.022567,0.0064538,1
0.022287,0.022887,0.009136,1
0.022367,0.020928,0.0095571,1
0.02476,0.023818,0.0094273,1
0.026328,0.024008,0.0094436,1
0.024808,0.023916,0.0094541,1
0.024771,0.023743,0.01052,1
0.024414,0.023928,0.011048,1
0.023848,0.029723,0.011577,1
0.023294,0.02945,0.011391,1
0.023525,0.028518,0.011496,1
0.015633,0.025592,0.011925,1
0.015313,0.0254,0.011691,1
0.015154,0.027606,0.011352,1
0.013203,0.034357,0.011197,1
0.013987,0.039713,0.014224,1
0.01402,0.039956,0.019734,1
0.013988,0.039275,0.019734,1
0.014139,0.038931,0.019445,1
0.013985,0.038461,0.021457,1
0.013683,0.038971,0.021785,1
0.013327,0.038759,0.023906,1
0.013443,0.041264,0.020348,1
0.014783,0.043935,0.021572,1
0.012822,0.042974,0.02275,1
0.010553,0.042485,0.022743,1
0.010629,0.042073,0.024887,1
0.010729,0.042021,0.026368,1
0.011264,0.0447,0.026295,1
0.012136,0.046656,0.025939,1
0.012463,0.050726,0.027098,1
0.012956,0.051617,0.026916,1
0.013121,0.04943,0.026651,1
0.012957,0.049772,0.027266,1
0.01349,0.048064,0.027418,1
0.013433,0.041798,0.026293,1
0.013464,0.035585,0.023377,1
0.016424,0.033505,0.021154,1
0.023038,0.037008,0.022516,1
0.024808,0.037649,0.026986,1
0.028445,0.039387,0.0259,1
0.056345,0.049191,0.028513,1
0.095581,0.052393,0.026315,1
0.097059,0.049545,0.028146,1
0.11002,0.052495,0.027034,1
0.15658,0.07327,0.027391,1
0.16139,0.071903,0.027389,1
0.16611,0.084155,0.027997,1
0.17898,0.087489,0.026169,1
0.20763,0.091159,0.027981,1
0.21757,0.08814,0.029899,1
0.22035,0.084027,0.044673,1
0.22589,0.083449,0.050167,1
0.22768,0.082447,0.050041,1
0.22747,0.085259,0.049885,1
0.22695,0.085834,0.05017,1
0.22971,0.089139,0.050166,1
0.22878,0.089844,0.050343,1
0.22626,0.089804,0.046701,1
0.22128,0.085366,0.045649,1
0.22016,0.085299,0.041144,1
0.21761,0.087605,0.040258,1
0.1901,0.081811,0.037099,1
0.15122,0.07719,0.037225,1
0.14863,0.080895,0.036018,1
0.13409,0.07661,0.035434,1
0.087157,0.055813,0.033888,1
0.080165,0.057726,0.035095,1
0.075438,0.046933,0.03226,1
0.062461,0.045785,0.033157,1
0.03322,0.038452,0.030978,1
0.024744,0.033418,0.029043,1
0.023641,0.038675,0.013325,1
0.017662,0.039224,0.0089201,1
0.016626,0.041392,0.0089249,1
0.024477,0.038588,0.0090199,1
0.024586,0.037515,0.0088683,1
0.021093,0.037627,0.0089092,1
0.022003,0.036343,0.0086189,1
0.021492,0.037047,0.009044,1
0.020064,0.037311,0.010347,1
0.020385,0.039143,0.010469,1
0.019302,0.034733,0.010475,1
0.019269,0.030517,0.011551,1
0.019148,0.030714,0.011296,1
0.019793,0.028098,0.010701,1
0.025645,0.030906,0.01064,1
0.025461,0.028926,0.010173,1
0.02545,0.027681,0.0091804,1
0.027538,0.027452,0.010341,1
0.027585,0.025943,0.0086705,1
0.027583,0.025255,0.010953,1
0.024621,0.025108,0.010985,1
0.024359,0.019915,0.010668,1
0.023746,0.021097,0.010409,1
0.023168,0.019604,0.011082,1
0.015316,0.019427,0.010526,1
0.016902,0.021153,0.013927,1
0.019647,0.021383,0.014893,1
0.020018,0.022377,0.016402,1
0.020951,0.022491,0.02344,1
0.02089,0.038369,0.022102,1
0.022184,0.040839,0.021971,1
0.02453,0.046265,0.021924,1
0.026102,0.052939,0.020877,1
0.027254,0.060584,0.02098,1
0.027355,0.066108,0.020996,1
0.022255,0.066772,0.021045,1
0.02307,0.069545,0.021123,1
0.023298,0.069593,0.023179,1
0.021332,0.069494,0.026566,1
0.02128,0.069228,0.028057,1
0.021677,0.071021,0.025845,1
0.023777,0.071844,0.026327,1
0.022655,0.072721,0.032841,1
0.025047,0.077892,0.033049,1
0.025696,0.077521,0.033509,1
0.025728,0.079297,0.033506,1
0.024415,0.080686,0.029561,1
0.026341,0.080949,0.029441,1
0.024831,0.081098,0.027942,1
0.024064,0.082883,0.020597,1
0.02675,0.06672,0.020315,1
0.026866,0.062212,0.020345,1
0.029255,0.056843,0.020453,1
0.027218,0.049729,0.020654,1
0.025847,0.044353,0.020601,1
0.024887,0.038316,0.02051,1
0.024271,0.033545,0.023124,1
0.024125,0.032111,0.025964,1
0.025499,0.033769,0.023922,1
0.025443,0.034687,0.019406,1
0.027576,0.034287,0.017907,1
0.027495,0.038352,0.019008,1
0.026427,0.041292,0.01835,1
0.026141,0.040607,0.013321,1
0.026278,0.033567,0.012819,1
0.031611,0.036583,0.012592,1
0.033456,0.035208,0.012939,1
0.034274,0.035007,0.012679,1
0.032348,0.033319,0.01292,1
0.039753,0.032312,0.01299,1
0.052984,0.02971,0.013086,1
0.058288,0.030245,0.013123,1
0.078903,0.033964,0.013684,1
0.084163,0.034877,0.013851,1
0.090277,0.034879,0.014029,1
0.10058,0.039474,0.019665,1
0.11924,0.039732,0.021772,1
0.13005,0.039694,0.020674,1
0.13053,0.039955,0.018114,1
0.13543,0.039515,0.017915,1
0.13665,0.038455,0.018066,1
0.13442,0.038449,0.018733,1
0.136,0.035864,0.018096,1
0.13801,0.032432,0.018615,1
0.14384,0.032329,0.017327,1
0.14127,0.032381,0.017449,1
0.13497,0.029313,0.018241,1
0.13312,0.028918,0.01981,1
0.1319,0.026141,0.022829,1
0.12897,0.023536,0.026577,1
0.12168,0.023459,0.033236,1
0.10869,0.023468,0.041019,1
0.10195,0.02393,0.041167,1
0.078978,0.019955,0.040626,1
0.069146,0.018992,0.042966,1
0.066008,0.01917,0.045313,1
0.056294,0.017235,0.040644,1
0.0377,0.01906,0.038534,1
0.028411,0.019071,0.037064,1
0.027315,0.01753,0.036711,1
0.022523,0.015811,0.036967,1
0.022251,0.015216,0.037012,1
0.022274,0.015187,0.036971,1
0.021455,0.014326,0.036339,1
0.018843,0.014717,0.037078,1
0.014031,0.014564,0.036993,1
0.015596,0.014504,0.036483,1
0.015798,0.015226,0.034889,1
0.015798,0.015052,0.033555,1
0.015793,0.015687,0.030993,1
0.016328,0.015572,0.027368,1
0.016402,0.015507,0.021536,1
0.016661,0.017297,0.013472,1
0.015785,0.016285,0.013286,1
0.016452,0.018734,0.01326,1
0.016263,0.019257,0.011185,1
0.013691,0.019845,0.010157,1
0.01305,0.016675,0.0091896,1
0.013069,0.013983,0.0099167,1
0.012814,0.018112,0.0097999,1
0.01282,0.018388,0.0099898,1
0.011461,0.018807,0.01058,1
0.010292,0.018534,0.01051,1
0.010865,0.020856,0.010452,1
0.0097687,0.018654,0.010452,1
0.0097416,0.017931,0.0089803,1
0.0091145,0.018007,0.0093866,1
0.0075367,0.017757,0.010194,1
0.0078903,0.01757,0.010167,1
0.0083236,0.017612,0.0096034,1
0.0083443,0.016839,0.0094746,1
0.0083458,0.017768,0.0083363,1
0.0083723,0.019056,0.0074217,1
0.0078081,0.017294,0.0074217,1
0.0073157,0.017374,0.0074661,1
0.0070192,0.015649,0.0074803,1
0.0070096,0.015504,0.0076798,1
0.0067754,0.014725,0.00626,1
0.0067588,0.012819,0.0062614,1
0.0071748,0.01281,0.0055445,1
0.0058161,0.0086843,0.0061744,1
0.0060419,0.0084571,0.0087891,1
0.0059583,0.0079292,0.0098339,1
0.0059209,0.0084862,0.012755,1
0.0057922,0.007002,0.015794,1
0.0059091,0.0081346,0.016087,1
0.0077149,0.0081457,0.020475,1
0.0069795,0.0085889,0.025591,1
0.0086485,0.0086181,0.024543,1
0.0088802,0.0082283,0.029094,1
0.0085801,0.0092878,0.033869,1
0.0094769,0.010924,0.035451,1
0.0090159,0.012958,0.038003,1
0.0094447,0.011758,0.038446,1
0.0096693,0.012895,0.038593,1
0.0095999,0.028882,0.038923,1
0.0094841,0.029447,0.04083,1
0.0098709,0.03057,0.042158,1
0.010142,0.032246,0.044134,1
0.010736,0.034075,0.046668,1
0.010721,0.036204,0.049545,1
0.011371,0.038589,0.051946,1
0.011646,0.041183,0.05144,1
0.012098,0.044169,0.052275,1
0.013077,0.046385,0.051227,1
0.013367,0.048719,0.048962,1
0.014458,0.050455,0.053233,1
0.010908,0.056009,0.048906,1
0.01225,0.061643,0.039855,1
0.0089638,0.070361,0.045035,1
0.0076221,0.080704,0.036193,1
0.008472,0.092147,0.023278,1
0.0057733,0.10659,0.019059,1
0.0071067,0.12137,0.0067575,1
0.0038789,0.18111,0.005477,1
0.00079116,0.33744,0.0078572,1
0.091053,0.29789,0.042353,2
0.092031,0.29686,0.04694,2
0.089309,0.3123,0.045207,2
0.096579,0.31649,0.03949,2
0.094744,0.31198,0.034229,2
0.094655,0.29931,0.046138,2
0.078629,0.30334,0.04734,2
0.10531,0.30407,0.049241,2
0.10513,0.3088,0.04867,2
0.10509,0.30767,0.049854,2
0.099569,0.30467,0.050247,2
0.09784,0.30532,0.048336,2
0.093743,0.3083,0.04178,2
0.09276,0.31513,0.041606,2
0.088568,0.23482,0.042553,2
0.078468,0.15209,0.039811,2
0.076919,0.11833,0.039265,2
0.08313,0.084919,0.037428,2
0.078993,0.079245,0.037324,2
0.078426,0.074308,0.035086,2
0.078218,0.071745,0.034892,2
0.077627,0.073804,0.034483,2
0.083958,0.072194,0.031689,2
0.08332,0.054793,0.036515,2
0.069458,0.052917,0.042196,2
0.080108,0.057213,0.042113,2
0.091751,0.057764,0.039767,2
0.096886,0.045622,0.040802,2
0.067729,0.055637,0.039726,2
0.081092,0.052593,0.034997,2
0.082121,0.053871,0.036019,2
0.082274,0.072197,0.035459,2
0.078635,0.099612,0.034542,2
0.077831,0.1107,0.03394,2
0.078017,0.10966,0.034106,2
0.076943,0.10854,0.032947,2
0.070734,0.10711,0.033842,2
0.072061,0.11418,0.038234,2
0.066732,0.13354,0.038529,2
0.070249,0.13273,0.039304,2
0.085448,0.12859,0.039015,2
0.08557,0.13182,0.038902,2
0.084708,0.1428,0.038887,2
0.087979,0.17208,0.036622,2
0.087625,0.17562,0.031363,2
0.088129,0.17264,0.025617,2
0.077553,0.1704,0.025631,2
0.065535,0.17055,0.015696,2
0.06075,0.1683,0.013359,2
0.062204,0.15728,0.013427,2
0.050229,0.15527,0.01285,2
0.051082,0.1542,0.0095373,2
0.052292,0.13906,0.0098273,2
0.048996,0.11197,0.0098664,2
0.049775,0.096834,0.01001,2
0.049619,0.091146,0.0094482,2
0.048827,0.090676,0.009727,2
0.049278,0.090181,0.0085431,2
0.051304,0.083165,0.0044904,2
0.051164,0.064633,0.0045976,2
0.045569,0.064982,0.004618,2
0.030172,0.064972,0.0045954,2
0.033073,0.058449,0.0044086,2
0.036521,0.046351,0.0048569,2
0.026421,0.022017,0.0051728,2
0.026909,0.01839,0.0056914,2
0.029323,0.018506,0.0057719,2
0.029761,0.017831,0.0057639,2
0.030093,0.016735,0.005996,2
0.030609,0.021944,0.0060669,2
0.029491,0.021989,0.0051958,2
0.027524,0.023168,0.0052216,2
0.027279,0.025201,0.0049913,2
0.02598,0.025817,0.0049103,2
0.026151,0.026873,0.0052315,2
0.026329,0.026556,0.0051055,2
0.027587,0.027037,0.0051902,2
0.028869,0.032707,0.005657,2
0.029184,0.034451,0.005657,2
0.025882,0.034409,0.0053132,2
0.024382,0.034309,0.0049082,2
0.023326,0.033973,0.004113,2
0.023345,0.034125,0.0044459,2
0.021077,0.033912,0.004425,2
0.017893,0.032896,0.0040162,2
0.01659,0.027926,0.0033937,2
0.016252,0.027856,0.0029858,2
0.012762,0.028852,0.0028796,2
0.014351,0.028133,0.0032118,2
0.014198,0.028015,0.0029955,2
0.013943,0.024364,0.0030516,2
0.015503,0.023922,0.0031538,2
0.015953,0.022853,0.0046975,2
0.014571,0.021909,0.0047157,2
0.030585,0.018507,0.0047188,2
0.032358,0.028953,0.0044786,2
0.0314,0.029773,0.0044434,2
0.030048,0.030981,0.0049152,2
0.038802,0.028411,0.0041883,2
0.038728,0.027285,0.0041346,2
0.038329,0.029237,0.0041652,2
0.037718,0.028378,0.0052463,2
0.037829,0.029298,0.0054245,2
0.04248,0.029142,0.006306,2
0.045542,0.03071,0.0067835,2
0.045235,0.030779,0.0067587,2
0.046209,0.031067,0.0069327,2
0.051582,0.03472,0.0068202,2
0.05178,0.033583,0.0070532,2
0.049684,0.032899,0.0068202,2
0.050565,0.034353,0.0068036,2
0.049458,0.036146,0.006869,2
0.048011,0.037521,0.0067544,2
0.047497,0.037352,0.0052107,2
0.047289,0.037052,0.0052207,2
0.031419,0.038297,0.0050529,2
0.029999,0.025578,0.0048746,2
0.031201,0.024637,0.0049007,2
0.031197,0.023969,0.0042486,2
0.023285,0.020791,0.0044364,2
0.022352,0.020165,0.004463,2
0.022636,0.017571,0.0045658,2
0.022359,0.017941,0.0034362,2
0.022336,0.017008,0.0032668,2
0.017662,0.016894,0.0020387,2
0.013829,0.016515,0.0015601,2
0.013886,0.020014,0.0020137,2
0.014709,0.020093,0.0017711,2
0.0091382,0.016355,0.0019276,2
0.0092848,0.016442,0.0018086,2
0.0093671,0.016719,0.0018038,2
0.0085053,0.017788,0.0018887,2
0.0089026,0.014444,0.0017628,2
0.0084817,0.013144,0.0020411,2
0.0092237,0.013338,0.0021648,2
0.0092828,0.01264,0.0021247,2
0.0091533,0.013473,0.0023319,2
0.0093298,0.014022,0.0023305,2
0.0083708,0.019032,0.002304,2
0.0083874,0.017928,0.0025358,2
0.0066681,0.017991,0.0023939,2
0.0067867,0.018398,0.0024956,2
0.0064059,0.01842,0.0024034,2
0.0063423,0.01821,0.0024837,2
0.0062822,0.019455,0.0026896,2
0.0064912,0.037818,0.0027023,2
0.0084766,0.041123,0.0029458,2
0.012106,0.037924,0.0030517,2
0.01189,0.037548,0.0035702,2
0.013589,0.038539,0.0042175,2
0.015096,0.040851,0.0051808,2
0.018783,0.041672,0.0051217,2
0.020341,0.047785,0.0050373,2
0.019835,0.048898,0.0050531,2
0.024849,0.050561,0.00548,2
0.024054,0.057771,0.0053577,2
0.023788,0.058662,0.005539,2
0.02369,0.059665,0.0053491,2
0.025236,0.059459,0.005573,2
0.025209,0.054547,0.0056207,2
0.025199,0.054534,0.0054683,2
0.025021,0.057279,0.0055659,2
0.024911,0.056907,0.0055508,2
0.025124,0.057451,0.0058277,2
0.025148,0.061578,0.0058597,2
0.025111,0.060332,0.0057874,2
0.026154,0.046663,0.0058612,2
0.024179,0.044271,0.0056345,2
0.021716,0.043974,0.0050606,2
0.020163,0.044907,0.0045422,2
0.019014,0.045377,0.0037543,2
0.017158,0.042985,0.0028315,2
0.013658,0.042005,0.0034758,2
0.013781,0.03337,0.00348,2
0.015897,0.032244,0.0039163,2
0.014547,0.033127,0.0037206,2
0.015103,0.026003,0.0057782,2
0.018311,0.039496,0.010572,2
0.018378,0.03622,0.011823,2
0.032677,0.050552,0.011679,2
0.03265,0.050787,0.012931,2
0.033065,0.053729,0.014627,2
0.044181,0.052584,0.016186,2
0.044368,0.054525,0.016544,2
0.044223,0.057178,0.016557,2
0.053319,0.053401,0.017276,2
0.053999,0.054202,0.019196,2
0.056242,0.050761,0.019111,2
0.058113,0.04865,0.01913,2
0.05808,0.052796,0.019639,2
0.059023,0.059981,0.019663,2
0.058679,0.058906,0.019986,2
0.059072,0.058956,0.020225,2
0.059363,0.065519,0.019637,2
0.057472,0.0658,0.020785,2
0.067642,0.065617,0.020244,2
0.064725,0.062938,0.020084,2
0.066046,0.069735,0.017997,2
0.06283,0.05614,0.013124,2
0.063735,0.058726,0.012048,2
0.048074,0.044469,0.011998,2
0.047913,0.044265,0.010702,2
0.048679,0.041715,0.00911,2
0.038915,0.040566,0.0081992,2
0.038754,0.039503,0.0079467,2
0.039133,0.036235,0.0076482,2
0.031821,0.035668,0.0068425,2
0.031175,0.035115,0.004776,2
0.029176,0.038044,0.0050317,2
0.028737,0.049641,0.0051637,2
0.027556,0.048545,0.0046759,2
0.032881,0.040575,0.0046483,2
0.03265,0.043691,0.0043861,2
0.036347,0.046167,0.0043178,2
0.035879,0.039902,0.0042669,2
0.03596,0.041449,0.0031328,2
0.024081,0.041625,0.0032269,2
0.023617,0.044292,0.0030751,2
0.022788,0.038592,0.0033478,2
0.029176,0.037996,0.0042161,2
0.028711,0.035194,0.004405,2
0.027814,0.035648,0.0044282,2
0.037598,0.036965,0.0047428,2
0.039277,0.037349,0.0053395,2
0.040174,0.042149,0.0046253,2
0.040791,0.041999,0.005878,2
0.044313,0.042954,0.0070551,2
0.053682,0.043157,0.0071157,2
0.053768,0.043768,0.0071964,2
0.052613,0.039859,0.007601,2
0.051392,0.028617,0.0076225,2
0.051397,0.025474,0.007734,2
0.044962,0.028236,0.0079756,2
0.045998,0.027324,0.0084198,2
0.044055,0.031658,0.0082719,2
0.044653,0.032218,0.0083577,2
0.050814,0.032189,0.014184,2
0.057252,0.036844,0.014819,2
0.058898,0.035333,0.014772,2
0.066633,0.034034,0.015597,2
0.060907,0.033475,0.015512,2
0.064975,0.033362,0.016159,2
0.065215,0.040743,0.016422,2
0.057121,0.042306,0.016123,2
0.054322,0.042919,0.01586,2
0.052064,0.038753,0.015781,2
0.051383,0.037994,0.014754,2
0.047552,0.038803,0.013803,2
0.036878,0.040595,0.015007,2
0.037648,0.044232,0.015541,2
0.037399,0.046954,0.015069,2
0.037817,0.046753,0.01531,2
0.038129,0.049935,0.015279,2
0.041679,0.048462,0.019972,2
0.043961,0.047574,0.019411,2
0.043667,0.040707,0.019421,2
0.045314,0.041035,0.019352,2
0.039237,0.039347,0.013558,2
0.03359,0.03822,0.012864,2
0.031801,0.03792,0.013645,2
0.02344,0.038062,0.014741,2
0.025787,0.039889,0.016776,2
0.021367,0.041405,0.015896,2
0.023728,0.03474,0.016069,2
0.02201,0.032898,0.016069,2
0.022276,0.031706,0.015564,2
0.02193,0.031086,0.015905,2
0.021933,0.031114,0.015921,2
0.021879,0.031796,0.015706,2
0.022861,0.030945,0.014573,2
0.022008,0.028163,0.014129,2
0.023411,0.025941,0.013948,2
0.022753,0.027639,0.015301,2
0.029874,0.024467,0.017897,2
0.030972,0.023792,0.013059,2
0.040036,0.022976,0.013123,2
0.039101,0.023993,0.013062,2
0.045843,0.026659,0.013278,2
0.04648,0.03208,0.016564,2
0.065119,0.038472,0.020396,2
0.065672,0.03782,0.026433,2
0.070214,0.04088,0.024769,2
0.096048,0.039071,0.026484,2
0.096203,0.04063,0.026374,2
0.11323,0.041183,0.029347,2
0.13091,0.077063,0.033194,2
0.13071,0.086441,0.034513,2
0.15635,0.091439,0.037503,2
0.15965,0.091408,0.037902,2
0.15957,0.089367,0.038421,2
0.17326,0.11117,0.038264,2
0.17422,0.11095,0.040289,2
0.17445,0.12485,0.040343,2
0.17818,0.12328,0.038573,2
0.17078,0.1235,0.036564,2
0.16617,0.12327,0.03686,2
0.15389,0.12559,0.037251,2
0.15787,0.12667,0.037814,2
0.14879,0.1328,0.037691,2
0.14806,0.12932,0.034714,2
0.13147,0.12861,0.031681,2
0.13218,0.12962,0.025116,2
0.13087,0.12638,0.025308,2
0.1032,0.12653,0.02067,2
0.10685,0.12361,0.025577,2
0.087285,0.12389,0.022294,2
0.072229,0.086861,0.018463,2
0.075725,0.082152,0.028093,2
0.078097,0.083616,0.024884,2
0.075936,0.083616,0.02556,2
0.076021,0.08847,0.025745,2
0.070463,0.067145,0.026172,2
0.069463,0.068844,0.024064,2
0.070272,0.056027,0.024014,2
0.067078,0.056377,0.024201,2
0.067029,0.056331,0.023844,2
0.067548,0.056149,0.023623,2
0.067607,0.058198,0.023381,2
0.07857,0.058177,0.027468,2
0.080176,0.05161,0.02982,2
0.091984,0.050023,0.045405,2
0.10124,0.05238,0.052432,2
0.10415,0.079062,0.056268,2
0.12138,0.081153,0.092185,2
0.13409,0.090941,0.093322,2
0.14171,0.090723,0.088359,2
0.1846,0.089212,0.091725,2
0.18628,0.1147,0.096535,2
0.18291,0.11547,0.086039,2
0.15496,0.10871,0.086392,2
0.15383,0.11341,0.084972,2
0.15534,0.11106,0.087787,2
0.15529,0.10947,0.087449,2
0.15635,0.10817,0.090592,2
0.15572,0.10953,0.091467,2
0.15662,0.11188,0.093324,2
0.16089,0.11238,0.095824,2
0.16078,0.11204,0.095881,2
0.16136,0.11012,0.10019,2
0.16853,0.11965,0.098162,2
0.16914,0.11866,0.098256,2
0.1581,0.14395,0.093635,2
0.16983,0.13365,0.085775,2
0.16551,0.10622,0.082272,2
0.14476,0.10715,0.045926,2
0.13089,0.09853,0.04579,2
0.11986,0.10069,0.04658,2
0.077004,0.1048,0.043412,2
0.073102,0.081074,0.038567,2
0.074524,0.0757,0.038057,2
0.076286,0.075888,0.037564,2
0.076792,0.07419,0.037398,2
0.078652,0.072052,0.034875,2
0.069233,0.075944,0.035369,2
0.068454,0.078728,0.033804,2
0.066999,0.075532,0.033136,2
0.066793,0.07722,0.031332,2
0.062669,0.092552,0.034308,2
0.062324,0.0964,0.034073,2
0.062817,0.092963,0.03185,2
0.047307,0.083156,0.029099,2
0.047554,0.081178,0.0266,2
0.046747,0.057314,0.018545,2
0.052635,0.058273,0.019762,2
0.062316,0.05795,0.023605,2
0.084922,0.055267,0.025486,2
0.086603,0.064924,0.02457,2
0.086093,0.063815,0.025806,2
0.10472,0.059537,0.02861,2
0.1053,0.06622,0.029588,2
0.1083,0.072756,0.030414,2
0.10693,0.072369,0.03042,2
0.10786,0.075622,0.030733,2
0.10507,0.087715,0.032026,2
0.10755,0.085306,0.031846,2
0.10826,0.080698,0.03033,2
0.11093,0.08204,0.030796,2
0.11194,0.079166,0.032817,2
0.11206,0.068565,0.027985,2
0.11228,0.06474,0.027987,2
0.11152,0.065672,0.027665,2
0.10426,0.064785,0.028544,2
0.10196,0.071142,0.02854,2
0.10225,0.069421,0.02531,2
0.072558,0.067012,0.024093,2
0.062925,0.066888,0.019526,2
0.040171,0.066495,0.018068,2
0.03858,0.055548,0.017992,2
0.038537,0.054681,0.015937,2
0.019861,0.053969,0.012758,2
0.019083,0.047994,0.011796,2
0.014607,0.042118,0.011002,2
0.014616,0.04238,0.011054,2
0.013178,0.036182,0.010938,2
0.012668,0.023346,0.0090102,2
0.010024,0.022419,0.0086603,2
0.01343,0.023819,0.0092453,2
0.011021,0.025227,0.0086927,2
0.0087479,0.024284,0.0064333,2
0.008489,0.018976,0.0055848,2
0.0092431,0.019218,0.0056778,2
0.0091636,0.025235,0.0036962,2
0.0097109,0.026833,0.0028827,2
0.009844,0.020024,0.0035359,2
0.0099237,0.021212,0.003496,2
0.0098776,0.022068,0.0036941,2
0.0099379,0.022573,0.0044573,2
0.011033,0.022722,0.0038327,2
0.013202,0.024165,0.0046299,2
0.019377,0.026226,0.0046788,2
0.023618,0.026474,0.0046823,2
0.025599,0.024175,0.0048777,2
0.02958,0.026973,0.0050451,2
0.037614,0.026782,0.0065032,2
0.038188,0.02812,0.0068483,2
0.038231,0.030293,0.0064407,2
0.042442,0.032873,0.0064276,2
0.040932,0.035611,0.006006,2
0.04034,0.033576,0.0058699,2
0.041418,0.032833,0.0062448,2
0.044252,0.034926,0.006578,2
0.043412,0.037008,0.0082438,2
0.043915,0.030929,0.0085356,2
0.044862,0.028726,0.0085211,2
0.044643,0.035274,0.0077861,2
0.048183,0.036881,0.0082701,2
0.047791,0.036564,0.0081097,2
0.050168,0.036466,0.0073279,2
0.05388,0.037667,0.0072747,2
0.05168,0.03986,0.0079506,2
0.046662,0.037975,0.01065,2
0.042831,0.039127,0.010767,2
0.040761,0.057204,0.011175,2
0.049127,0.05503,0.010987,2
0.042539,0.060085,0.0094973,2
0.042024,0.066656,0.0093281,2
0.04306,0.065296,0.0093257,2
0.038879,0.067892,0.0093859,2
0.035997,0.06769,0.0093056,2
0.037134,0.06697,0.010089,2
0.036369,0.06779,0.0097495,2
0.033571,0.06601,0.0093255,2
0.033755,0.063721,0.0075635,2
0.032864,0.069749,0.0072764,2
0.031258,0.069517,0.0077084,2
0.03179,0.063535,0.007795,2
0.028492,0.06115,0.0074338,2
0.028822,0.061365,0.0074094,2
0.02815,0.064285,0.0079966,2
0.023389,0.066462,0.007959,2
0.032846,0.062797,0.0085754,2
0.031722,0.064254,0.0063796,2
0.034244,0.069316,0.0062765,2
0.039225,0.060218,0.0078082,2
0.034942,0.059397,0.0088355,2
0.035198,0.054998,0.0097084,2
0.040231,0.052504,0.012264,2
0.042162,0.065236,0.014868,2
0.069057,0.061734,0.016107,2
0.07254,0.06945,0.018871,2
0.080152,0.079876,0.018814,2
0.098446,0.084387,0.028381,2
0.1001,0.084001,0.028342,2
0.10627,0.083935,0.028404,2
0.13496,0.07879,0.03455,2
0.14144,0.07876,0.048783,2
0.1443,0.081646,0.052218,2
0.14365,0.082222,0.053847,2
0.14865,0.085877,0.055192,2
0.14697,0.08257,0.054603,2
0.15288,0.079184,0.054681,2
0.14344,0.11401,0.06337,2
0.15784,0.13475,0.063103,2
0.15491,0.14651,0.063295,2
0.1508,0.15295,0.061184,2
0.14552,0.15239,0.060933,2
0.14395,0.15404,0.061604,2
0.14059,0.16271,0.05953,2
0.14009,0.15004,0.058736,2
0.11408,0.15366,0.05755,2
0.11063,0.14249,0.055503,2
0.1021,0.13236,0.055372,2
0.083534,0.1274,0.045788,2
0.081861,0.12739,0.045823,2
0.075461,0.12837,0.046167,2
0.047256,0.12688,0.040073,2
0.04073,0.127,0.025422,2
0.039077,0.13258,0.021948,2
0.039276,0.13309,0.020223,2
0.037859,0.12926,0.019028,2
0.037724,0.14042,0.019718,2
0.03184,0.17792,0.020478,2
0.03412,0.14329,0.0098464,2
0.021306,0.12565,0.0098195,2
0.02132,0.10747,0.0097305,2
0.02052,0.092019,0.0097637,2
0.018576,0.095889,0.009009,2
0.020061,0.094894,0.010173,2
0.018899,0.08087,0.0093172,2
0.016266,0.090012,0.0077918,2
0.017369,0.085032,0.0079097,2
0.017562,0.093974,0.0076386,2
0.019197,0.094185,0.0072779,2
0.019233,0.10024,0.0072463,2
0.019784,0.10805,0.0072957,2
0.023116,0.11049,0.0068899,2
0.022658,0.11026,0.0068846,2
0.024598,0.12953,0.0075513,2
0.024618,0.12558,0.0074961,2
0.030273,0.12406,0.0081309,2
0.026642,0.13106,0.0081925,2
0.027974,0.12429,0.0075027,2
0.028231,0.094474,0.0066803,2
0.04115,0.096601,0.0079266,2
0.045449,0.10234,0.0088853,2
0.046098,0.10351,0.008888,2
0.047588,0.10891,0.0088137,2
0.057247,0.11997,0.0088399,2
0.055487,0.11875,0.0079447,2
0.055313,0.11926,0.0085903,2
0.05696,0.11336,0.0089602,2
0.064247,0.1202,0.0087613,2
0.069797,0.11534,0.0098927,2
0.073052,0.11638,0.0096566,2
0.073721,0.11246,0.010277,2
0.086764,0.12149,0.012564,2
0.11686,0.12506,0.012592,2
0.12383,0.13042,0.028368,2
0.12496,0.1115,0.027695,2
0.12594,0.12082,0.028412,2
0.16188,0.12251,0.031264,2
0.16175,0.12244,0.040427,2
0.16052,0.11806,0.047858,2
0.16598,0.11032,0.050864,2
0.17738,0.13334,0.053652,2
0.17244,0.12519,0.058957,2
0.17316,0.13075,0.061038,2
0.17384,0.13079,0.061687,2
0.17605,0.1157,0.063401,2
0.17819,0.11901,0.065073,2
0.17849,0.11841,0.066315,2
0.18714,0.1266,0.065815,2
0.18055,0.12442,0.065756,2
0.17685,0.11979,0.064044,2
0.17239,0.11824,0.064538,2
0.17165,0.12158,0.063924,2
0.15961,0.10666,0.061972,2
0.12719,0.10437,0.061944,2
0.1211,0.099165,0.046472,2
0.11793,0.10293,0.046394,2
0.11514,0.089826,0.045728,2
0.073625,0.094792,0.042219,2
0.074985,0.093789,0.033017,2
0.074926,0.094208,0.028129,2
0.070017,0.09417,0.025224,2
0.043353,0.070113,0.021232,2
0.043734,0.073213,0.015174,2
0.044938,0.067807,0.014333,2
0.043562,0.095062,0.014649,2
0.034558,0.1073,0.015039,2
0.033285,0.12498,0.011887,2
0.037648,0.13085,0.010236,2
0.032795,0.12595,0.018699,2
0.043267,0.12629,0.019991,2
0.050138,0.12899,0.020133,2
0.052356,0.18099,0.024829,2
0.052387,0.1796,0.025038,2
0.05139,0.17805,0.024687,2
0.051964,0.18477,0.025912,2
0.051938,0.18608,0.025948,2
0.053891,0.183,0.027195,2
0.058842,0.18233,0.028012,2
0.058558,0.18928,0.029599,2
0.057048,0.18848,0.029447,2
0.059518,0.18802,0.027593,2
0.059336,0.1894,0.027765,2
0.066505,0.19319,0.027649,2
0.065959,0.19405,0.027502,2
0.065617,0.20344,0.026729,2
0.067323,0.17131,0.025765,2
0.063802,0.1594,0.023654,2
0.062557,0.13997,0.023341,2
0.057569,0.13572,0.02333,2
0.055753,0.13176,0.014742,2
0.049152,0.128,0.01344,2
0.042965,0.13157,0.013225,2
0.039994,0.087588,0.0081305,2
0.040063,0.083795,0.0081374,2
0.039597,0.084791,0.0081042,2
0.038724,0.07339,0.0070583,2
0.042417,0.072895,0.0066717,2
0.043058,0.07409,0.0054535,2
0.0381,0.074152,0.0047039,2
0.039433,0.060977,0.0038863,2
0.039485,0.055394,0.0038824,2
0.037236,0.060927,0.0044905,2
0.038838,0.061981,0.0048448,2
0.033059,0.063461,0.0055353,2
0.04598,0.064078,0.0057982,2
0.043985,0.0566,0.0052935,2
0.041462,0.065499,0.0067297,2
0.045219,0.068472,0.0066798,2
0.045303,0.06673,0.0066531,2
0.045223,0.065315,0.0064797,2
0.044162,0.06567,0.0078687,2
0.037625,0.063933,0.0084711,2
0.035941,0.061203,0.009285,2
0.037003,0.053826,0.0091917,2
0.038799,0.056503,0.0089691,2
0.038909,0.05586,0.0090537,2
0.038709,0.05585,0.0088762,2
0.034159,0.0559,0.008989,2
0.031967,0.054241,0.009088,2
0.032121,0.056924,0.0091798,2
0.030937,0.057582,0.0088408,2
0.032619,0.059493,0.0088192,2
0.032322,0.055136,0.0075943,2
0.030391,0.052816,0.0072168,2
0.034368,0.049728,0.006817,2
0.020689,0.042847,0.0062734,2
0.024837,0.042454,0.0062621,2
0.029124,0.042322,0.0059626,2
0.025009,0.0535,0.0089337,2
0.031928,0.055397,0.0089542,2
0.031948,0.068275,0.0095839,2
0.032345,0.086689,0.0087617,2
0.058223,0.090822,0.0092989,2
0.07653,0.10524,0.012604,2
0.092327,0.11447,0.012755,2
0.092866,0.11289,0.012934,2
0.095307,0.12206,0.01364,2
0.095372,0.12222,0.013661,2
0.095355,0.12152,0.013545,2
0.099505,0.13766,0.014764,2
0.10484,0.14516,0.014571,2
0.10469,0.15082,0.014242,2
0.10314,0.15081,0.014692,2
0.10697,0.15731,0.01522,2
0.11582,0.15978,0.014968,2
0.11073,0.158,0.014595,2
0.11321,0.16215,0.014824,2
0.10888,0.15942,0.01475,2
0.10698,0.15029,0.014077,2
0.10707,0.1359,0.011359,2
0.10015,0.13445,0.011991,2
0.10145,0.12133,0.012412,2
0.10655,0.10208,0.013415,2
0.081807,0.097734,0.01241,2
0.062421,0.081327,0.0082662,2
0.045927,0.072345,0.0088295,2
0.043597,0.071795,0.0090506,2
0.041318,0.062671,0.0083397,2
0.042961,0.063104,0.008458,2
0.043765,0.063715,0.0084908,2
0.039296,0.047101,0.0081345,2
0.033808,0.036821,0.0086153,2
0.03766,0.036897,0.009843,2
0.037891,0.036745,0.0094474,2
0.034363,0.030421,0.0089428,2
0.02531,0.029839,0.0090787,2
0.025536,0.028783,0.0091454,2
0.026047,0.029594,0.0091607,2
0.026475,0.032997,0.0094058,2
0.023947,0.044046,0.009386,2
0.031147,0.04428,0.0097117,2
0.031079,0.043855,0.0090738,2
0.029769,0.045133,0.0080591,2
0.021811,0.044844,0.0064634,2
0.021009,0.050317,0.006786,2
0.021239,0.048842,0.0073658,2
0.021433,0.048329,0.0068622,2
0.021398,0.048534,0.0064832,2
0.021581,0.052976,0.0064066,2
0.019174,0.053383,0.0073953,2
0.018354,0.052927,0.0076872,2
0.018915,0.052747,0.0071375,2
0.019022,0.052088,0.0069055,2
0.015218,0.046995,0.00562,2
0.015686,0.047209,0.0058194,2
0.015513,0.045982,0.007704,2
0.016422,0.045369,0.0078395,2
0.015893,0.044753,0.0082672,2
0.013037,0.040364,0.0093283,2
0.01306,0.039238,0.0093633,2
0.013527,0.028366,0.01074,2
0.0062278,0.028178,0.012334,2
0.008179,0.031399,0.013111,2
0.0093238,0.035389,0.013589,2
0.010865,0.032696,0.013618,2
0.010552,0.029287,0.014763,2
0.011226,0.034164,0.017547,2
0.018054,0.043126,0.018711,2
0.018193,0.042257,0.020101,2
0.018579,0.037664,0.02017,2
0.018643,0.039454,0.019044,2
0.021383,0.039334,0.020785,2
0.02353,0.044687,0.020967,2
0.023541,0.047459,0.021412,2
0.02362,0.047142,0.021404,2
0.02362,0.045,0.02118,2
