0.0092783,0.030304,0.00021804,0.016901,0
1.4385,3.7815,1.7921,0.90409,1
0.0087176,0.0012615,0.0022058,0.0028613,0
0.09073,0.11268,0.0017696,0.01903,0
0.036468,0.089952,0.016552,0.024024,1
0.0047991,0.063792,0.017011,0.0090846,1
0.013234,0.094992,0.024318,0.036686,1
0.023194,0.063121,0.0021183,0.034181,0
1.9759,2.0844,0.32601,1.1663,2
6.8157,5.3601,2.5158,3.1166,2
7.9351,6.1902,1.9882,1.6787,2
0.034559,0.059019,0.0053461,0.028232,0
0.040607,0.10088,0.013268,0.084136,1
3.2802,2.3991,0.48323,0.37708,1
0.15574,0.60581,0.001356,0.31925,0
0.77252,3.5038,0.29866,0.61951,2
0.26793,0.65452,0.19464,0.11608,1
0.10178,0.46439,0.015148,0.21105,0
0.53063,4.479,2.1585,0.74764,1
1.3674,2.7784,0.5641,0.37845,1
1.0013,3.7264,1.349,1.0163,1
0.014584,0.13067,0.001583,0.049674,0
0.065806,0.11853,0.01954,0.09691,0
0.95508,3.6294,0.1567,0.4148,2
1.1351,1.524,0.44863,0.55162,1
0.020595,0.25514,0.043159,0.090803,1
0.13772,0.6482,0.07699,0.10968,2
0.018121,0.1023,0.098843,0.064366,1
1.055,2.3046,0.88901,0.70998,2
0.014411,0.024964,0.00011048,0.013461,0
0.019542,0.079152,0.025202,0.01739,1
0.17034,0.55203,0.0024029,0.18102,0
0.55624,5.0191,0.20407,0.52189,2
0.50445,5.259,0.20319,1.1314,2
1.0886,2.1553,0.54805,0.58021,1
0.80888,1.7682,0.32419,0.63144,1
1.2686,6.2394,0.54618,0.65113,2
0.034491,0.32297,0.016093,0.22679,1
0.01805,0.16859,0.0023872,0.031983,0
0.011396,0.014291,0.0049893,0.0023833,0
0.091081,0.10425,0.0081434,0.038678,0
1.2779,1.4068,0.11985,0.33958,2
0.27002,2.3163,0.25629,0.78236,2
1.8082,3.6081,0.47618,1.4366,2
0.016946,0.12461,0.0019369,0.061804,0
2.6079,4.8949,0.99928,1.0572,2
0.11081,0.50363,0.0093579,0.26683,0
0.13486,0.74945,0.00408,0.40746,0
0.026074,0.37111,0.0081198,0.11813,0
1.6837,5.5816,0.40002,0.45131,2
3.0933,6.2468,0.58829,0.69027,2
10.883,17.882,1.1219,0.51797,2
1.1631,5.7352,0.47415,0.23549,2
0.097596,0.036565,0.007769,0.06907,0
0.15947,0.74328,0.0024433,0.34122,0
0.02792,0.057602,0.021108,0.01576,1
14.995,17.742,1.5789,1.1507,2
0.32039,0.9319,0.15427,0.26369,2
0.63302,0.56304,0.096235,0.18944,1
0.082851,0.045483,0.0063336,0.05851,0
0.023763,0.052673,0.0095699,0.020524,1
0.017546,0.030894,0.003882,0.022283,0
0.29965,0.81275,0.090437,0.26545,1
0.049574,0.070852,0.0053706,0.025539,0
1.1208,8.5532,0.31699,0.84986,2
0.80858,2.2819,0.20131,0.48923,1
7.7868,4.9393,2.2654,1.9862,2
0.7911,3.1677,0.17252,0.56895,2
0.0049803,0.020593,0.012444,0.010302,1
3.0428,7.5969,0.57795,0.77434,2
0.638,0.80691,0.3144,0.16161,1
0.035675,0.050923,0.0066998,0.0068429,0
0.79742,0.20579,0.64308,0.26732,1
0.03106,0.02838,0.010068,0.0088035,0
0.34398,0.49456,0.061924,0.11202,2
3.8631,5.3658,2.1766,1.4615,2
3.449,1.2805,0.37543,0.53053,2
0.14512,0.51764,0.0029248,0.11676,0
7.1182,5.3726,1.1171,0.92007,2
0.013789,0.020513,0.00026898,0.0066201,0
2.5765,6.5727,1.439,0.91348,2
0.075299,0.51854,0.0018636,0.063122,0
0.42064,2.8629,0.24731,0.55941,2
0.03281,0.27498,0.0026553,0.15501,0
1.4128,1.41,0.15612,0.83246,1
0.79636,1.1746,0.18161,0.16192,1
5.0939,1.384,0.3943,0.99553,1
3.0183,4.1606,0.4909,1.2869,2
3.5119,17.363,1.7696,2.3047,2
1.1949,1.4543,0.8806,0.54516,2
4.5996,4.2952,3.0691,3.7951,1
0.054645,0.36435,0.0015857,0.15789,0
0.0332,0.036419,0.010985,0.02012,1
0.61792,1.0446,0.25141,0.10591,1
0.27995,0.38139,0.14985,0.11475,1
0.29877,1.9578,0.0097422,1.0386,0
0.36697,1.4277,0.15096,0.25257,2
0.037572,0.071102,0.03192,0.020454,0
0.0051332,0.044349,0.014836,0.015944,1
3.4757,1.2122,0.24254,0.80378,1
0.46652,2.299,2.0099,0.32691,1
0.32261,0.49232,0.031963,0.083546,2
0.23446,1.1994,0.1221,0.22326,2
0.90624,2.5211,1.0883,0.67829,1
0.43378,1.9573,0.0081006,1.6251,0
0.99554,1.6638,0.4794,0.39481,1
0.66353,1.1412,0.25482,0.063241,1
0.0073813,0.0033375,0.002687,0.0017187,0
4.9007,1.0339,0.65439,1.9942,1
0.92051,4.1917,1.1115,0.14921,1
0.021062,0.27052,0.0015518,0.097627,0
0.051961,0.045775,0.00574,0.020338,0
0.018415,0.058635,0.01164,0.032503,1
0.79642,2.0593,0.34052,0.25142,2
3.3347,7.2044,0.28721,0.74616,2
2.2287,14.963,1.5822,0.87659,2
0.034511,0.10996,0.021027,0.047265,2
2.9918,7.6975,0.22173,1.1523,2
1.5491,2.4278,0.48033,0.3817,1
0.31878,1.4527,0.60454,0.096845,1
0.10471,0.41852,0.01479,0.2205,0
0.80045,2.7636,0.52465,0.93917,2
0.99855,3.1676,0.17465,0.55358,2
0.020236,0.027699,0.026162,0.021121,1
0.41154,0.2213,0.18437,0.62094,0
0.056431,0.027731,0.0017784,0.031125,0
0.024964,0.025494,0.010144,0.017937,0
2.3903,12.554,0.99975,1.6128,2
0.0038761,0.0095109,0.0009854,0.00058146,0
0.023687,0.14858,0.001563,0.0094501,0
3.6981,3.1109,0.91125,0.73998,2
0.020873,0.17452,0.0025284,0.031763,0
10.265,2.3162,1.1924,1.8707,2
1.4758,0.72615,0.22485,0.21341,2
0.25791,0.37879,0.17219,0.11419,1
0.029301,0.031055,0.010946,0.020624,1
0.30016,1.4671,0.55725,0.6074,2
0.071703,0.095786,0.00143,0.029086,0
2.5347,5.1389,0.85684,0.53429,2
0.56713,5.4549,0.63138,1.6984,2
0.0039356,0.053884,0.0093521,0.032684,1
0.015125,0.019558,0.00030286,0.013968,0
0.33916,1.3047,0.0062739,0.76486,0
0.10865,0.32154,0.012251,0.20017,0
0.0076305,0.025544,0.0024743,0.011558,0
0.018174,0.029335,0.0020671,0.022421,0
0.91928,8.6881,0.29265,2.6062,2
0.054138,0.028866,0.011004,0.043285,0
0.023695,0.025952,0.0068687,0.010713,1
0.0075341,0.036707,0.0003455,0.02012,0
0.68621,1.747,0.78388,0.32124,1
0.6547,2.8431,0.17076,0.32512,2
0.044919,0.31128,0.0059911,0.082268,0
0.015838,0.11064,0.00086907,0.10569,0
3.0142,3.7496,3.0982,1.2724,2
0.13912,0.86601,0.41442,0.026414,1
2.064,9.7956,1.1087,2.5992,2
0.04623,0.36321,0.0011552,0.24326,0
0.57217,2.1995,0.18086,0.32573,2
0.83727,1.7737,0.37901,0.63274,1
0.015456,0.042072,0.0022483,0.03428,0
0.88523,0.40718,0.47285,0.31096,1
0.01243,0.022164,0.0012683,0.017636,0
1.1992,5.5069,0.22929,0.78159,2
2.4545,21.059,0.15872,2.4443,2
1.1604,1.453,0.52762,0.46823,1
0.033953,0.06635,0.02239,0.024021,1
4.1396,7.6497,0.28531,0.87309,2
0.11789,0.17672,0.0016081,0.063144,0
0.073363,0.12596,0.080762,0.088907,2
0.25749,2.616,0.54449,0.39084,1
1.8561,1.7464,0.33331,0.62422,2
1.2144,4.5903,1.3542,0.90276,2
3.2325,3.5862,0.13205,0.379,2
0.016402,0.10347,0.019124,0.049737,2
10.257,3.9416,1.3949,2.2349,2
0.021026,0.042482,0.0020872,0.025309,0
0.17112,0.13454,0.16598,0.1441,1
0.53713,3.0964,0.30733,0.591,2
1.1084,8.7084,0.32653,1.6722,2
2.2765,12.345,1.3095,1.636,2
3.2978,7.6803,0.2883,0.7531,2
0.39623,0.64721,0.26903,0.43901,2
1.2345,3.4649,0.54391,0.090798,2
2.9648,3.3803,0.45442,1.7391,2
0.028362,0.0581,0.0051786,0.024675,1
0.020389,0.059882,0.012365,0.035234,1
0.051089,0.21928,0.0016819,0.071678,0
0.57829,1.4806,0.20237,0.30145,2
0.0087488,0.033312,0.0022791,0.014621,0
0.45957,1.9168,0.79733,0.17708,1
0.035477,0.065198,0.024317,0.0082139,2
2.2985,3.4359,0.27515,1.5439,2
0.898,0.37584,0.71304,0.32737,1
0.0040913,0.0063366,0.0060394,0.0086043,1
1.6088,2.5754,0.44098,0.62897,2
0.38309,0.65956,0.39044,0.226,1
2.2096,2.92,2.6368,0.73819,1
0.026799,0.017888,0.0062655,0.0027533,0
0.0093971,0.0010237,0.0014638,0.0029843,0
5.6828,4.1467,0.62105,1.4437,2
0.42458,0.15969,0.3632,0.20234,1
0.88172,0.68799,0.35956,0.39534,1
0.0059769,0.020953,0.0003058,0.011171,0
0.0033919,0.00803,0.0020303,0.0014702,0
0.0061525,0.034488,0.0023466,0.016643,0
0.16232,0.92373,0.83463,0.18613,1
0.03281,0.30587,0.0018826,0.16598,0
0.0059542,0.0040574,0.00067097,0.0038951,0
0.049512,0.17852,0.0021228,0.10845,0
0.046077,0.072673,0.032071,0.025666,1
1.4743,1.8596,1.0371,0.47851,2
1.9377,2.9796,0.3643,1.0719,2
0.21801,0.20826,0.15797,0.1356,2
0.028291,0.21559,0.00080692,0.08881,0
5.058,8.1897,0.31699,1.1139,2
13.663,16.374,1.1826,1.3352,2
1.1099,0.99857,0.59558,0.22094,1
0.56461,5.2059,2.2873,0.8057,1
0.30288,0.87804,0.44339,0.15552,1
0.0066876,0.040714,0.0081342,0.025314,1
0.86074,0.50588,0.63528,0.44612,1
0.68541,1.9789,0.63719,0.27819,1
0.01666,0.25172,0.0010931,0.052724,0
0.032997,0.070012,0.0035739,0.055238,0
0.0076446,0.021195,0.00027479,0.0054619,0
0.41738,0.66637,0.082999,0.27199,1
1.1544,0.75089,0.42878,0.23428,1
0.010184,0.024737,0.002415,0.010863,0
3.2036,3.2193,2.8026,1.0176,1
0.434,2.5722,0.25272,0.34414,2
5.5857,12.192,0.90809,1.1093,2
0.0843,0.65662,0.0031903,0.19943,0
0.2658,1.3773,0.41972,0.41088,2
0.3105,1.9952,0.52536,0.25413,1
1.1773,1.33,0.21418,0.79614,1
0.42331,2.7484,0.49855,0.29652,1
0.4079,0.77756,0.34832,0.2746,1
0.51654,0.97758,0.12849,0.31905,2
1.0914,1.9755,0.47263,0.61986,1
1.3697,1.3391,0.28557,1.0909,2
5.0785,3.7281,0.71509,1.3517,2
5.109,7.5414,2.6699,2.0676,2
0.59312,2.2858,0.49978,0.32287,1
0.011863,0.08653,0.022877,0.03542,1
1.6036,1.4761,0.21486,0.42232,2
0.11518,0.52896,0.002854,0.13,0
0.38381,0.52329,0.23345,0.26698,1
1.5937,4.5869,0.32092,0.48265,2
1.5012,3.0645,1.486,0.39773,2
3.1482,5.2455,0.733,0.91333,2
0.018245,0.036756,0.0035139,0.011035,0
0.5118,0.71656,0.37186,0.18213,1
2.4437,2.6014,0.69413,0.71248,2
0.057745,0.017076,0.0062829,0.036358,0
0.0099663,0.01544,0.00068248,0.0065756,0
0.086254,0.23944,0.0036301,0.1313,0
2.1948,1.3944,0.21023,0.46353,2
0.017735,0.023112,0.0012007,0.0084559,0
1.0645,2.2013,0.56436,0.72843,2
0.031552,0.39971,0.0080178,0.10836,0
1.0446,4.0223,0.7041,0.27708,1
2.3541,8.264,0.2233,0.75543,2
0.055774,0.025912,0.004298,0.018464,0
3.2544,6.6557,0.61301,1.1305,2
2.1788,3.6531,0.93413,0.70251,2
1.1069,1.3722,0.55227,0.94394,1
0.019454,0.094833,0.08693,0.072404,1
0.015374,0.028146,0.003882,0.022252,0
0.33826,1.0107,0.66273,0.12225,1
0.49962,0.62031,0.28015,0.36305,1
1.7605,2.6128,0.12006,0.43116,2
1.0989,2.2327,0.58703,0.7239,2
1.1676,0.55746,0.26986,0.38811,1
0.60355,5.0745,0.25983,0.59154,2
0.0098275,0.02333,0.0015999,0.0028828,0
0.039576,0.33623,0.036306,0.19151,1
0.20453,0.18735,0.15822,0.14785,2
1.2775,7.2313,0.28743,0.51106,2
0.61681,1.1179,0.29687,0.2945,1
5.6236,1.3887,0.88628,3.0957,1
0.011846,0.079102,0.01594,0.029458,1
1.4722,1.4743,0.2238,0.34998,2
0.1152,0.37301,0.0024314,0.11844,0
0.69086,2.0929,0.1323,0.7396,2
1.6081,1.1026,0.29965,0.66897,2
0.79079,0.60128,0.26305,0.24758,1
2.0931,3.273,1.165,2.268,2
0.28803,1.9172,0.34172,0.61725,1
0.039653,0.37243,0.00081524,0.23227,0
1.2797,1.2886,0.29658,0.94115,2
0.021535,0.061218,0.0074805,0.017881,0
0.77394,0.77656,0.8321,0.70239,1
0.65531,1.0195,0.27028,0.142,1
2.2691,5.1372,0.87289,0.56846,2
0.0073983,0.0070767,0.00076156,0.0049538,0
0.30794,1.0042,0.87684,0.20626,1
0.034047,0.03529,0.003347,0.027332,0
0.44841,1.2395,0.0091539,0.93913,0
0.064877,0.31013,0.0025459,0.15416,0
0.015411,0.08286,0.030178,0.032243,1
0.64462,3.8666,0.22786,1.238,2
0.0081486,0.044203,0.0032385,0.022705,0
0.46578,1.7528,0.52856,0.43853,1
0.0016903,0.019836,0.00089471,0.0072191,0
3.8975,2.2753,0.39787,1.0884,2
1.2593,0.32621,0.62651,0.31535,1
0.014457,0.010832,0.00079306,0.008565,0
0.074229,0.32143,0.0017609,0.22251,0
0.0078796,0.029845,0.00025197,0.019031,0
1.0314,2.0182,0.44297,0.71467,1
0.018811,0.13478,0.0011213,0.049915,0
5.7425,4.5628,0.26284,1.4875,2
0.03751,0.11491,0.00062017,0.07901,0
0.0091564,0.025988,0.0012374,0.0043536,0
0.018339,0.092528,0.091885,0.043382,1
4.5167,3.3064,2.1039,1.91,2
1.1966,4.0422,1.3814,0.9507,1
5.4179,11.907,1.3764,2.3381,2
0.016648,0.046034,0.0014782,0.019391,0
0.1043,0.65189,0.0035617,0.28768,0
2.7585,4.3542,0.091073,0.32404,2
0.045837,0.02153,0.0095271,0.0091035,0
1.4423,13.336,1.2396,1.1705,2
0.058555,0.5318,0.0038582,0.12724,0
13.649,16.957,1.5532,0.98389,2
0.31253,0.88231,0.80456,0.25577,1
0.054028,0.016118,0.0063281,0.031467,0
1.4719,2.7013,0.4956,0.37317,1
1.4,1.2655,0.34816,0.66628,2
0.034633,0.052139,0.014827,0.019854,0
0.036272,0.019706,0.0078628,0.00962,0
0.2747,1.3949,0.0043097,0.69277,0
0.0080805,0.0017538,0.002053,0.0027874,0
2.8859,14.574,0.37683,1.9526,2
0.010176,0.052149,0.0027687,0.018744,0
7.3274,11.367,1.1888,0.50915,2
7.9289,8.9335,6.3796,2.2646,2
0.40709,2.6366,0.24977,0.8416,2
0.038906,0.079854,0.00086385,0.04118,0
0.38217,0.48776,0.16043,0.10899,1
0.045256,0.025217,0.0092781,0.02088,0
0.76501,0.6768,0.38308,0.086625,1
3.7201,1.6911,0.28109,1.2397,2
0.022056,0.080189,0.0024433,0.01631,0
0.97123,2.1969,0.65145,0.54545,2
2.2889,6.153,0.2269,1.585,2
0.70354,1.4137,0.20724,0.3855,2
0.048708,0.48338,0.0011159,0.047524,0
1.1586,2.1996,0.20241,0.60071,1
5.8163,3.0246,0.58104,1.5795,2
4.257,4.9297,0.70084,1.187,2
1.0173,1.6549,0.33016,0.52923,2
0.025963,0.088995,0.019214,0.023591,1
0.019089,0.029854,0.023656,0.012245,1
0.017995,0.021939,0.0011859,0.033106,0
0.0069538,0.009828,0.0045978,0.0047254,0
0.02991,0.032693,0.0027179,0.018693,0
2.7493,3.7028,1.0769,0.89038,2
0.0084203,0.00091646,0.0014638,0.0027158,0
0.42284,1.157,0.51807,0.45699,1
1.0538,1.7277,0.30609,0.53329,2
0.49652,1.1368,0.16551,0.49851,1
0.040038,0.021122,0.0057984,0.0068719,0
0.46986,1.3629,0.15707,0.19936,2
2.4606,3.2926,0.36037,1.405,2
0.016713,0.026429,0.00010193,0.01304,0
0.028823,0.32416,0.0017439,0.17475,0
0.074798,0.19942,0.2055,0.2353,0
0.18408,1.3265,0.0075197,0.6183,0
0.49285,0.98587,0.48032,0.36171,1
0.024151,0.19125,0.001458,0.067075,0
0.0048416,0.0055639,0.00079279,0.003131,0
0.74026,0.91873,0.76566,0.80524,1
0.035213,0.40607,0.037158,0.20788,1
0.64888,0.76975,0.11539,0.36199,2
0.39089,1.214,0.42004,0.47364,1
2.5982,5.8488,0.60266,1.1723,2
1.4434,3.0643,0.40593,0.48752,2
1.3423,2.5551,1.1009,0.75824,1
0.61392,2.5746,0.2286,0.73032,2
1.1278,1.2497,0.49986,0.9279,1
0.049826,0.11223,0.14761,0.0097498,1
2.0812,3.4922,3.1272,1.2454,2
1.1698,0.35937,0.58519,0.28205,1
0.14221,0.67168,0.021564,0.24548,0
0.11255,0.65838,0.077262,0.10306,2
1.8683,0.92835,0.26651,0.44413,1
0.72037,1.9389,0.8377,0.31396,1
0.85712,2.6344,0.18267,0.56203,2
2.686,3.5538,0.53273,1.1247,2
0.24609,0.57777,0.11417,0.15345,2
0.88975,1.8294,0.21118,0.69865,2
0.29531,0.30068,0.52036,0.31156,1
3.9753,4.3289,2.841,2.7151,1
0.058447,0.016445,0.0065319,0.022939,0
0.023441,0.23831,0.03858,0.090589,1
3.5061,9.0281,1.3441,5.3239,2
0.049594,0.6317,0.0024623,0.22384,0
0.64359,2.4168,0.59348,0.26152,2
0.014813,0.098402,0.017354,0.056064,2
1.3235,2.5193,1.301,0.75485,1
2.0898,3.4516,2.0223,1.4291,2
0.0046575,0.0064181,0.0012427,0.00099248,0
0.058467,0.017077,0.0056571,0.031079,0
0.29488,0.47165,0.23701,0.24957,1
0.71072,0.57131,0.37907,0.1061,1
3.1019,6.0902,0.61902,1.053,2
0.26406,0.89467,0.0039235,0.29614,0
1.0369,3.9619,0.4719,1.1388,2
0.24438,1.0006,0.0034906,0.38681,0
1.0042,1.5124,0.49535,0.51262,1
1.0489,1.2766,0.58035,0.95091,1
0.0075428,0.009836,0.0046743,0.0044498,0
0.049642,0.052096,0.0052346,0.024996,0
0.027623,0.052464,0.019219,0.018338,1
1.4031,1.5447,0.15452,0.84918,1
1.8533,3.0995,0.15081,0.42727,2
0.55491,0.87505,0.18526,0.23413,2
0.5491,1.2428,0.23301,0.69985,2
1.7866,2.5932,0.47551,1.4036,2
0.67269,1.3785,0.58168,0.51638,1
0.039121,0.020983,0.0057304,0.0062785,0
1.3197,2.3314,0.29781,1.3306,2
0.5825,0.85824,0.19208,0.18639,1
0.8641,2.4882,0.5778,0.75474,1
0.024154,0.022377,0.00080429,0.028273,0
0.62673,0.63738,0.15924,0.18648,1
0.047753,0.032491,0.010642,0.043425,0
0.018341,0.10853,0.032702,0.038766,1
0.013143,0.025595,0.0010389,0.017827,0
1.3718,7.5105,0.40569,0.61189,2
0.053736,0.21949,0.0011072,0.081362,0
0.022724,0.016714,0.028673,0.028546,0
0.60666,3.719,0.3955,0.80927,2
2.7429,4.6401,0.74128,1.8396,2
0.68024,1.2314,0.48134,0.77682,1
3.2914,2.5906,0.561,0.42441,1
0.0064639,0.038273,0.0013477,0.012843,0
0.72169,4.3914,0.22427,0.73727,2
2.1826,1.293,0.26415,1.0894,2
2.1766,1.0749,0.83213,0.66637,1
1.8989,1.5929,0.90446,0.81247,1
2.3912,10.495,1.585,2.7631,2
0.063071,0.066025,0.0053623,0.024262,0
0.01901,0.032643,0.0063507,0.0024969,0
0.015128,0.35978,0.0028824,0.064257,0
0.34461,0.43255,0.24193,0.18116,1
2.1098,16.046,0.77209,1.0466,2
2.0396,3.8277,1.4737,0.41301,2
2.6905,6.7252,0.10188,0.54671,2
1.2508,5.0639,0.2909,0.506,2
0.9536,1.9424,0.70294,0.58442,1
0.005674,0.0094306,0.0014098,0.0028217,0
0.13995,0.65838,0.0015145,0.37077,0
3.1832,1.3215,0.79932,1.0111,1
1.3936,1.3448,0.13559,0.93703,2
1.1646,3.1769,0.74843,0.5684,1
0.0042555,0.015642,0.012602,0.010891,1
0.0039044,0.0067598,0.00080138,0.0035633,0
2.971,14.09,0.51604,1.9708,2
1.1438,3.2,0.87992,0.39871,1
0.009318,0.018889,0.00029715,0.012713,0
1.9169,4.7215,1.509,1.062,2
0.004431,0.020093,0.00091736,0.0071644,0
0.95125,0.87653,0.22737,0.25542,1
0.0023076,0.010422,0.0070472,0.0076095,0
3.0356,8.2526,0.45451,0.71682,2
5.2593,48.296,1.6072,5.0716,2
1.0046,3.2589,0.23857,0.55059,2
0.0058778,0.035065,0.0014467,0.010645,0
0.010102,0.096115,0.00073618,0.039795,0
0.01995,0.075171,0.021946,0.047746,1
2.172,6.8753,0.13867,1.7885,2
0.35252,1.2545,0.68133,0.27187,1
4.9242,41.279,1.6418,4.848,2
0.64192,4.269,0.64757,0.54369,2
0.37833,0.57719,0.23645,0.26315,1
0.54437,0.26186,0.21701,0.16229,1
0.028681,0.041519,0.0059872,0.033471,0
0.036108,0.038947,0.008412,0.002489,0
0.087168,0.62653,0.3559,0.013237,1
0.0508,0.23743,0.0035621,0.094165,0
0.036612,0.040568,0.00082373,0.016876,0
4.62,4.2053,2.0802,1.9968,2
0.032226,0.033183,0.0041394,0.026162,1
0.037855,0.25529,0.035641,0.12719,1
0.74696,2.3857,0.35699,0.45129,2
0.0085846,0.073957,0.014672,0.025468,1
3.7162,5.5729,0.63393,0.71798,2
0.002149,0.0056695,0.00050399,0.0047465,0
0.023056,0.089517,0.021697,0.030496,1
0.15931,0.063768,0.41845,0.1161,1
0.047835,0.38163,0.0016845,0.25495,0
1.2662,1.7009,0.85294,0.43321,1
0.094989,0.46951,0.0016933,0.13971,0
0.54154,2.0751,0.23562,0.38019,1
1.255,3.9964,0.29047,0.44161,2
0.0073926,0.12325,0.0010563,0.042912,0
0.028497,0.065544,0.092437,0.021983,1
3.253,9.5969,1.1917,5.3336,2
0.0072369,0.10495,0.017131,0.037836,1
0.44256,1.2713,0.23685,0.67987,2
0.063147,0.034237,0.0058245,0.03094,0
0.021108,0.17153,0.0024378,0.028498,0
0.67136,1.5067,0.52395,0.164,1
0.6309,1.3968,0.30305,0.75515,2
0.0066621,0.054776,0.022188,0.02065,1
0.034817,0.10671,0.0007137,0.038999,0
0.0068263,0.0067535,0.00044189,0.0049531,0
0.065262,0.099615,0.010417,0.026861,0
0.010003,0.184,0.00057463,0.05665,0
0.013667,0.22835,0.0016398,0.092564,0
3.5131,9.2917,1.332,5.3366,2
0.8642,0.58627,0.68122,0.44769,1
0.036538,0.1312,0.0042925,0.058731,0
0.34617,2.1475,0.86185,0.6005,2
1.8318,3.9951,2.8328,1.4964,2
0.23077,0.28061,0.48116,0.26597,1
0.0079051,0.022775,0.02568,0.011386,1
0.025714,0.32719,0.0055046,0.057009,0
1.4775,0.81202,0.2219,0.12503,2
0.065846,0.46593,0.0042477,0.065493,0
0.4835,1.0943,0.23906,0.31491,2
1.2215,3.2949,0.45393,0.24494,2
0.14233,0.15691,0.018882,0.029914,0
0.23223,1.931,0.39717,0.77363,2
1.2734,1.0285,0.2883,1.1665,2
0.16305,0.62805,0.0021776,0.30206,0
0.025751,0.27638,0.001733,0.087231,0
1.7374,2.3451,0.94465,0.99656,2
0.043591,0.24076,0.0016677,0.16398,0
0.010496,0.01779,0.0016819,0.0044382,0
2.4355,8.0951,0.18485,1.5343,2
2.1227,1.0219,0.44265,0.60133,1
0.020272,0.022088,0.029814,0.014273,1
0.031249,0.059369,0.020989,0.019078,1
0.022472,0.10019,0.00080417,0.053919,0
0.02166,0.11514,0.001968,0.052948,0
0.70098,1.5063,0.28462,1.0181,2
0.026847,0.063957,0.056966,0.023408,1
0.0026218,0.0025732,0.0019509,0.0022336,0
0.012381,0.026407,0.00077035,0.01259,0
0.32621,0.71205,0.35836,0.10851,1
0.029947,0.090359,0.0041485,0.057731,0
0.51513,0.51738,0.32527,0.15429,2
0.040335,0.36976,0.0023188,0.10161,0
1.0508,11.674,0.98441,1.1522,2
0.056873,0.34007,0.0017443,0.081918,0
0.0037798,0.063085,0.017192,0.0092204,1
0.53191,0.90295,0.44424,0.22121,1
0.0033381,0.002293,0.00049548,0.00033306,0
0.42652,1.5127,0.11315,0.38843,2
0.52306,4.5906,0.52099,1.1116,2
0.68684,0.59633,0.31665,0.19346,1
0.40752,0.97843,0.12184,0.27616,2
0.019423,0.0089682,0.0046147,0.0048614,0
0.033866,0.27837,0.0010616,0.068847,0
0.10563,0.39969,0.025795,0.13038,0
7.7202,3.1233,0.98572,5.1362,1
0.02192,0.064149,0.026994,0.03065,1
1.3946,2.4116,0.54652,0.7323,2
0.63192,1.4925,0.58791,0.54085,1
2.2169,16.889,0.66065,1.1399,2
0.32462,1.3716,0.007794,0.75538,0
4.2515,12.982,3.7908,2.9095,2
0.032173,0.31266,0.016093,0.22745,1
0.0051332,0.007719,0.00030878,0.0056526,0
0.12083,0.62344,0.014873,0.22347,0
0.03371,0.093073,0.012376,0.07374,1
0.015281,0.048864,0.0016594,0.019631,0
0.089626,0.089162,0.0027292,0.03908,0
0.64039,7.8785,0.61923,2.4573,2
3.0673,4.3888,0.57591,1.4945,2
0.022019,0.04717,0.0031176,0.031578,0
7.1379,5.2277,1.5919,3.2363,2
4.2873,4.6818,1.4744,3.5547,2
0.025391,0.039553,0.00095429,0.013062,0
0.039758,0.068086,0.0049723,0.026596,0
0.46046,2.0675,0.011348,1.3571,0
1.5925,2.6162,0.45138,0.7536,2
2.4749,3.4376,1.648,1.0925,2
1.6775,4.4658,0.4652,1.1002,2
0.037549,0.037152,0.010918,0.024105,1
6.6019,5.8304,0.80524,1.24,2
2.7276,5.02,0.68596,2.212,2
0.89798,1.7262,0.21613,0.54137,2
0.79671,2.3696,0.27079,0.48476,2
0.38107,0.79945,0.4161,0.1531,1
0.12911,0.57818,0.001979,0.069373,0
5.1366,1.1912,0.90916,2.2906,1
0.094281,0.57775,0.0029022,0.16296,0
1.3506,2.3589,0.6416,0.49464,2
0.011289,0.016694,0.00062304,0.011051,0
6.5977,5.1482,0.23243,1.9418,2
1.5249,4.5972,1.1941,0.2671,1
0.54258,0.78431,0.087594,0.33314,1
1.3361,2.1725,1.1436,0.50191,1
0.0043631,0.0061603,0.0012342,0.000938,0
0.05283,0.016767,0.0062602,0.031423,0
0.062032,0.10453,0.0053718,0.042049,0
0.4224,2.0966,0.26248,0.38382,2
0.89828,3.7605,1.0127,0.14845,1
0.020377,0.14615,0.001209,0.042204,0
0.41087,1.5646,0.78156,0.13426,1
0.017614,0.016797,0.00036258,0.011191,0
0.4113,0.47903,0.34854,0.10304,1
0.0038591,0.071268,0.014454,0.018122,1
0.87209,0.75922,0.87494,0.70676,1
0.0054899,0.0086708,0.0015373,0.0052272,0
0.079136,0.32516,0.0014976,0.21391,0
1.277,1.4092,0.86634,0.4364,1
7.8409,4.5664,2.8689,4.5909,1
0.034862,0.2754,0.011988,0.17727,1
0.0052776,0.033856,0.017226,0.011379,1
0.010122,0.018232,0.0015913,0.0043556,0
0.0034061,0.002696,0.0025172,0.0017882,0
0.81872,4.0173,0.4636,2.1654,2
1.4587,9.111,0.28731,0.7561,2
0.017132,0.12049,0.028441,0.042675,1
0.024678,0.042082,0.001008,0.017385,1
0.046745,0.060256,0.0057449,0.015194,0
0.014604,0.0095729,0.0042779,0.0030898,0
0.69403,2.295,0.28514,0.38663,2
4.8618,34.434,1.4106,5.4665,2
0.56743,4.326,0.23391,1.0115,2
0.14641,0.72079,0.015147,0.26513,0
0.032331,0.077435,0.0048872,0.055101,1
0.052346,0.026718,0.023608,0.033023,1
0.016209,0.018516,0.011804,0.019246,1
0.63017,2.5712,1.0848,0.11743,1
4.1591,4.1795,1.8235,1.8568,2
0.055531,0.064049,0.028373,0.048785,0
1.0662,3.9232,0.16081,0.76197,2
1.634,3.2239,1.481,0.57592,1
0.24662,1.7652,0.84951,0.1108,1
0.02027,0.12816,0.027334,0.04754,1
0.62036,3.0901,0.83685,0.76385,1
0.0047651,0.013847,0.00029745,0.0065021,0
0.017866,0.16722,0.0013363,0.060426,0
0.0051332,0.0061953,0.0075344,0.0050333,1
2.5678,6.5952,1.3369,1.0596,2
0.025372,0.03123,0.00089477,0.0176,0
2.4119,8.6514,1.5724,0.68732,2
0.0076503,0.0089341,0.00058875,0.0071603,0
6.7499,5.1568,1.3625,0.80091,2
0.03918,0.064122,0.029596,0.033321,0
0.051377,0.20016,0.00063154,0.094123,0
0.50064,2.6499,0.43523,0.43065,2
0.0016393,0.0033562,0.00033406,0.0026938,0
0.14507,0.1583,0.019095,0.035766,0
0.74292,0.82376,0.92987,0.78994,1
7.4396,8.8761,6.1589,1.635,2
0.66111,2.0944,0.65596,0.34877,2
0.76254,3.8568,0.37273,0.98666,2
0.035893,0.0607,0.008059,0.0067365,0
3.492,3.092,0.4886,1.0764,2
0.0086215,0.033031,0.0036697,0.022649,0
0.0087403,0.162,0.0033355,0.049355,0
0.53333,3.4817,0.28884,0.36198,2
0.074979,0.1127,0.017727,0.095905,0
0.29275,1.4543,0.0034201,0.3868,0
0.53354,0.54249,0.16045,0.18552,1
0.0047255,0.0053714,0.0058103,0.0072501,1
0.042229,0.037963,0.0013135,0.018876,0
0.056811,0.020482,0.011738,0.0023158,0
0.95435,1.24,0.14034,0.44723,2
4.5241,2.8662,1.0058,1.6683,2
4.7979,8.3921,6.1177,1.5138,2
0.01352,0.22389,0.0025256,0.05942,0
0.05747,0.033906,0.0051982,0.01974,0
0.024477,0.080338,0.0027063,0.018772,0
2.419,4.486,1.3102,0.69288,2
0.49832,4.1087,2.4868,0.41573,1
0.012146,0.28724,0.0029733,0.07287,0
3.2916,11.307,0.84941,3.1272,2
0.62344,1.4409,0.29216,0.41702,1
0.56896,0.44789,0.43141,0.3074,1
0.12791,0.69409,0.0019564,0.16399,0
0.06975,0.52755,0.0022656,0.084093,0
0.0040375,0.0083765,0.00073905,0.00027827,0
5.3762,6.4284,1.4027,1.6774,2
0.019536,0.027012,0.0031575,0.011528,0
4.8053,9.5226,0.35797,2.2692,2
1.1328,1.6051,0.57039,0.49709,1
0.64359,3.4321,0.20887,1.1059,2
0.34643,0.46532,0.51638,0.31208,1
0.013092,0.03323,0.00077853,0.0087058,0
0.03104,0.046353,0.00052102,0.013003,0
0.012353,0.091855,0.00086905,0.091216,0
0.036292,0.31441,0.01519,0.21983,1
0.0026048,0.0082765,0.00058898,0.0072399,0
0.01754,0.20627,0.0010337,0.051138,0
0.0079051,0.012531,0.00084357,0.0052794,0
1.1223,0.743,0.39282,0.19465,1
0.022529,0.048318,0.021346,0.012027,1
11.684,6.3366,2.8067,3.8445,2
1.0278,2.2695,0.30505,0.60543,2
6.6915,12.972,1.4152,1.5013,2
0.39693,1.9272,0.12311,0.63012,2
0.26265,1.126,0.57615,0.27275,1
0.030966,0.10916,0.025717,0.040358,1
2.1171,1.6951,0.56294,0.61692,1
1.0044,4.6423,0.47082,1.0785,2
0.94787,1.466,0.87186,0.29758,1
2.3078,3.0544,0.5947,0.84902,2
1.3515,2.0035,1.0309,0.55457,1
0.031363,0.40038,0.034511,0.24696,1
1.3502,3.5212,0.89373,0.60709,1
4.7966,7.2868,4.8173,1.167,2
2.2232,3.0755,0.15767,0.4396,2
0.26598,0.96713,0.12553,0.18073,2
0.0043602,0.011201,0.00028899,0.005876,0
0.013279,0.015837,0.00029728,0.0097345,0
0.035171,0.26951,0.0041512,0.079736,0
0.474,2.2244,0.43213,0.37674,2
0.018435,0.096802,0.063556,0.080012,1
3.8561,3.3332,1.0366,1.3521,2
0.011804,0.02464,0.00060602,0.01256,0
0.02051,0.041068,0.0027269,0.019562,0
1.5148,2.5805,0.5385,0.71093,2
0.30714,0.72889,0.11776,0.13895,2
0.87878,3.9349,0.3748,1.1214,2
0.44478,1.1,0.43419,0.43904,1
0.012095,0.01468,0.0049637,0.0024867,0
0.0051699,0.011927,0.0018465,0.0068229,0
0.0089017,0.10907,0.022636,0.042428,1
0.54986,0.93911,0.10944,0.35679,2
9.1839,4.1837,1.4812,1.7852,2
1.1314,1.6712,0.42918,0.58255,1
0.0075851,0.02335,0.00040777,0.01188,0
1.6423,3.1657,0.40471,0.40665,2
0.067525,0.055384,0.0044566,0.035232,0
0.050871,0.028696,0.012412,0.036403,1
0.025204,0.025923,0.010374,0.017463,0
2.2521,1.5511,2.1678,0.54177,1
0.4515,1.3246,0.23001,0.41533,2
0.35946,0.80545,0.27505,0.11183,1
0.016558,0.012824,0.034879,0.033919,0
1.7411,3.8204,0.28076,0.56256,2
0.50563,3.2226,0.19281,1.1094,2
0.20122,0.17179,0.12838,0.13827,2
0.046199,0.045879,0.0055725,0.037363,0
0.031204,0.046533,0.012506,0.038248,1
0.0015148,0.0050934,0.00028871,0.0040258,0
1.5384,1.9629,1.0702,0.53719,1
0.51271,3.1696,0.32154,0.49164,2
0.34817,1.2038,0.10696,0.33711,2
0.03984,0.037243,0.0010644,0.02048,0
0.010906,0.16821,0.0035733,0.047948,0
0.5366,0.66255,0.076872,0.24097,2
0.57087,2.2225,0.51451,0.38324,2
0.089615,0.67462,0.36097,0.014435,1
1.1564,8.9376,0.28188,0.82022,2
2.2925,2.7679,0.2588,1.4158,2
5.0034,44.933,1.4765,5.1049,2
1.5592,0.68877,0.47938,0.9581,1
0.82348,3.4315,0.85477,0.13937,1
0.40048,2.0129,0.87803,0.086324,1
1.4747,13.518,1.2867,1.2356,2
0.013639,0.013567,0.0041934,0.0049517,1
1.0482,1.0193,0.33023,0.94933,2
0.019429,0.08063,0.030179,0.02686,1
1.406,3.8514,1.7584,0.91225,1
0.051632,0.024317,0.015518,0.034213,1
0.039834,0.087952,0.005802,0.068648,0
0.87896,0.19291,0.64205,0.26704,1
1.3908,1.1496,0.1844,0.13045,2
0.014092,0.13141,0.0009144,0.10383,0
0.0082873,0.01807,0.02568,0.012392,1
3.0414,4.1262,0.80338,2.0097,2
0.038401,0.037724,0.02942,0.024574,1
0.0060534,0.0474,0.011408,0.023491,1
0.073054,0.12165,0.020715,0.093756,0
0.015026,0.01632,0.00048709,0.0087256,0
0.1295,0.52659,0.17924,0.10557,1
0.014553,0.1069,0.00045295,0.035123,0
0.034777,0.044475,0.029417,0.02442,1
0.033648,0.31354,0.0015856,0.082833,0
0.24699,0.34304,0.16875,0.13984,1
0.0049944,0.015819,0.0011976,0.0067765,0
0.006495,0.012289,0.0019144,0.0078275,0
0.10576,0.6924,0.40551,0.023578,1
3.3626,9.3688,1.3026,5.414,2
2.3185,13.129,1.5567,0.79901,2
1.7951,2.9498,0.25714,0.61355,2
0.72429,1.811,0.10256,0.55417,2
0.30794,1.008,0.72487,0.19416,1
0.53262,1.1747,0.6801,0.62324,1
0.0052776,0.033888,0.018735,0.011322,1
3.0474,3.5346,0.3031,1.3839,2
0.0093405,0.018457,0.0015913,0.00518,0
0.6098,0.52379,0.11239,0.32187,2
0.96317,1.9804,0.24632,0.56816,1
3.6524,3.4994,0.62075,0.90023,2
2.2355,1.1719,0.87028,0.66287,1
0.16228,0.16248,0.016077,0.17545,0
0.016212,0.1482,0.0011665,0.11996,0
0.030796,0.075525,0.012098,0.061359,1
0.57018,0.53956,0.25288,0.22745,2
0.69288,1.1378,0.18948,0.15529,1
0.52741,4.6697,0.61099,0.9199,2
0.030683,0.055904,0.0051536,0.032301,0
0.01878,0.048947,0.0049521,0.020012,0
2.4336,8.2144,0.23986,0.74765,2
0.019143,0.036638,0.0018774,0.019416,0
0.006413,0.023706,0.0020209,0.011761,0
0.96324,0.97361,0.32194,0.48382,1
1.3187,1.3303,0.18472,0.82439,1
0.14635,0.10683,0.17295,0.1182,1
0.017365,0.031842,0.0032901,0.0019137,0
4.3524,5.2509,0.55976,3.0636,2
0.074982,0.24429,0.0017188,0.058297,0
4.5933,7.0437,1.37,1.0225,2
1.1877,2.5069,0.51232,0.67389,1
0.43596,1.2886,0.22419,0.13212,2
0.019052,0.015789,0.00069383,0.0057212,0
4.3653,1.1885,0.4316,0.86614,1
8.3148,12.537,6.6339,2.5171,2
0.33461,2.179,0.49453,0.44321,1
0.61253,0.78122,0.2106,0.17442,1
0.031804,0.22791,0.00085221,0.10175,0
0.014655,0.046557,0.0026049,0.030319,0
0.00408,0.047765,0.0038592,0.024403,1
0.48117,0.48158,0.34838,0.092799,1
5.6772,5.9348,2.2128,2.2096,2
0.049851,0.029475,0.012653,0.033363,1
0.28723,1.0261,0.91222,0.32465,1
0.024953,0.043114,0.00093996,0.011875,1
2.039,1.8059,0.32677,0.98114,2
1.4828,2.6936,0.4715,0.38861,1
1.0129,0.53118,0.27004,0.29127,1
0.43116,1.5227,0.37568,0.37374,2
3.1376,4.7226,0.36317,1.7866,2
0.0076871,0.018836,0.00036512,0.01216,0
1.8021,1.4329,0.31606,0.89844,2
1.7654,5.2486,1.4494,0.59789,1
1.2801,2.5461,1.2303,0.7572,1
3.1537,4.0342,1.2667,3.2055,2
0.026886,0.075342,0.0042219,0.035019,0
0.013149,0.029349,0.00060301,0.0059955,0
0.043195,0.39049,0.001812,0.29211,0
0.30999,1.3204,0.31497,0.16049,1
0.0051417,0.027166,0.01506,0.010044,1
1.1216,1.2946,0.45591,0.54426,1
0.038195,0.10791,0.004692,0.031556,0
0.36731,1.103,0.10632,0.32313,2
0.80776,0.9883,0.25001,0.56131,1
1.3459,1.6266,0.42469,0.58412,2
0.015742,0.0086154,0.0046062,0.0048465,0
0.1688,0.77594,0.0022196,0.36843,0
0.11426,0.4114,0.0039869,0.10332,0
0.6851,1.3723,0.093236,0.30247,2
0.059246,0.02617,0.015598,0.0060837,0
0.68018,3.3606,1.0126,0.14302,1
0.011974,0.10928,0.024734,0.045134,1
0.53014,0.82929,0.27421,0.18868,2
4.303,14.957,1.4328,4.6168,2
0.0030861,0.058738,0.014236,0.032517,1
0.08135,0.13101,0.11107,0.11853,2
0.65483,1.5533,0.11834,0.32369,2
0.007554,0.011154,0.00086337,0.0037712,0
0.047932,0.23679,0.0014807,0.099743,0
0.8349,0.73067,0.18392,0.16828,1
9.7772,4.0179,1.5056,3.2215,2
1.2858,1.3995,1.0246,0.42947,1
0.0094935,0.018691,0.00020384,0.014709,0
0.10221,0.81794,0.011147,0.4108,0
0.03324,0.047681,0.0013818,0.02413,1
0.025941,0.069128,0.018474,0.023662,1
0.0081458,0.38376,0.0031884,0.084519,0
0.44701,0.54061,0.15988,0.14203,2
0.77653,0.24815,0.41973,0.29602,1
0.093411,0.15338,0.0015486,0.056497,0
1.2467,4.9896,1.3632,0.75802,2
0.5275,1.5472,0.32235,0.50644,2
0.017701,0.021774,0.0011215,0.020431,0
0.038577,0.18779,0.0002917,0.11673,0
0.02418,0.051379,0.01476,0.019024,1
0.031516,0.090421,0.016686,0.024698,1
0.015385,0.09803,0.0010474,0.097884,0
0.33561,0.65961,0.13833,0.15686,2
0.029644,0.029055,0.0097879,0.0083899,0
1.0135,3.9394,0.15606,0.7712,2
0.76501,0.487,0.2975,0.14367,1
2.8481,4.887,0.16464,1.4331,2
0.002333,0.0078604,0.0006541,0.0059391,0
0.016357,0.031822,0.00090333,0.023175,0
2.0666,1.2066,0.31662,1.0181,2
0.0050681,0.043099,0.072481,0.010533,1
0.057858,0.55217,0.0027124,0.36487,0
0.050064,0.25031,0.0012486,0.08874,0
0.026756,0.019773,0.00064288,0.029015,0
0.031691,0.062051,0.021246,0.019123,1
0.11054,0.64048,0.0053454,0.41883,0
0.0080381,0.00098067,0.0023842,0.0029263,0
2.9277,8.5141,0.23949,1.8479,2
0.0073502,0.0089396,0.0018175,0.002238,0
0.62437,4.3876,0.33324,1.1536,2
13.615,16.125,1.1275,2.1691,2
0.75892,1.9646,0.17454,0.15778,2
6.898,4.6041,2.9704,4.5578,1
0.43438,2.1379,0.011396,1.2216,0
1.1058,3.2766,0.15458,0.72862,2
5.1647,49.905,1.6695,5.0096,2
2.654,3.394,0.67437,0.9821,2
3.3457,1.4712,0.39849,0.64287,1
0.0052238,0.042023,0.00034549,0.020278,0
0.092984,0.35794,0.0027459,0.13426,0
0.012993,0.10133,0.024369,0.046277,1
4.0051,6.1326,0.7632,0.95129,2
0.088176,0.27422,0.002163,0.16367,0
0.70877,0.66548,0.42317,0.10656,1
3.5745,4.5465,1.0196,3.937,2
1.1597,12.458,0.98161,1.11,2
0.46063,1.3499,0.097626,0.20674,2
0.02677,0.094247,0.020134,0.034633,1
1.1674,2.0423,0.64337,0.52322,2
0.10556,0.32607,0.010385,0.20906,0
0.087341,0.62285,0.0050229,0.3656,0
0.029964,0.010899,0.010872,0.010832,0
0.01929,0.064357,0.012317,0.030179,1
1.4944,4.4021,0.47421,1.5918,2
4.9712,3.7073,2.1084,2.0393,2
2.2618,3.036,2.6508,0.94058,1
0.032979,0.022302,0.03226,0.014272,1
0.386,1.2042,0.55005,0.46927,1
0.091781,0.098263,0.0047006,0.060349,0
1.0964,1.1869,0.48209,0.5793,1
3.1638,3.5878,2.6819,1.6349,2
3.5169,1.8622,0.37497,1.0615,2
0.043334,0.33363,0.001795,0.26047,0
0.90801,1.4514,0.36124,0.43514,1
5.0468,16.664,0.21226,1.5425,2
1.476,3.4622,0.78538,0.9153,2
0.22859,1.7756,0.17544,0.27848,2
0.0054899,0.0068706,0.0015146,0.0049885,0
0.071171,0.35069,0.0016222,0.21534,0
0.019952,0.18659,0.0024354,0.033733,0
0.57881,1.3521,0.31007,0.72048,2
3.389,9.7233,1.5115,2.2926,2
0.032535,0.030359,0.00083792,0.018766,0
0.75949,2.0324,0.644,0.31348,2
0.32193,2.1568,0.095489,0.72935,2
0.02027,0.020163,0.00046417,0.016166,0
0.29973,2.3202,0.16028,0.20513,1
0.29207,2.6209,0.58119,0.64332,1
0.0082731,0.018345,0.001107,0.014028,0
0.022634,0.12054,0.00049838,0.035831,0
1.7034,4.6376,0.45215,1.1824,2
0.80459,0.51521,0.22521,0.31891,1
0.023404,0.049041,0.0040572,0.027983,0
0.29617,1.9593,0.17115,0.18978,2
0.71634,1.7893,0.20853,0.55529,2
1.7214,3.6405,0.92084,2.8987,2
0.010215,0.024799,0.0024008,0.011149,0
0.47129,1.1838,0.86101,0.14629,1
0.3906,0.47252,0.51498,0.3442,1
4.6258,4.1738,1.668,3.1621,2
0.01196,0.040174,0.002979,0.015253,0
0.024296,0.063454,0.0067614,0.038586,0
0.57431,0.379,0.24511,0.193,2
0.32027,0.56986,0.11375,0.14951,2
0.039608,0.11178,0.00060599,0.085259,0
3.6678,14.165,1.0647,1.2028,2
0.035191,0.066358,0.0016082,0.031942,1
2.5432,9.0364,0.21619,1.6468,2
1.4447,3.8503,1.8167,0.88597,1
0.93356,0.28147,0.91236,0.34518,1
0.95376,3.9053,1.7824,0.85519,1
0.80294,2.2281,0.32816,0.31401,2
0.94978,1.716,0.19239,0.70139,2
0.013313,0.011342,0.0006906,0.0073154,0
0.0031711,0.006897,0.00077861,0.002435,0
0.0054645,0.0063134,0.0061074,0.0071468,1
0.10545,0.48976,0.0034915,0.20389,0
0.66021,0.55452,0.47734,0.29078,1
0.054172,0.049528,0.056122,0.037482,2
0.050644,0.043473,0.013868,0.040617,1
0.031564,0.15784,0.0015037,0.10058,0
0.036397,0.060719,0.00047573,0.019006,0
0.021827,0.069428,0.0021182,0.041612,0
5.1045,4.2246,0.28928,1.4348,2
6.0569,4.0321,0.42963,2.1602,2
2.7274,4.3857,1.0357,1.0393,2
0.85794,8.3304,0.56152,2.1705,2
0.48159,1.7361,0.041876,0.25751,2
0.01846,0.044648,0.0023222,0.023675,0
0.007452,0.081737,0.00078151,0.026349,0
4.6207,3.8311,0.26212,1.3229,2
7.9179,5.7677,3.8204,2.2506,2
0.70817,0.21488,0.64892,0.30987,1
0.5293,0.57471,0.32098,0.40548,1
0.0082874,0.0052362,0.0012031,0.0013386,0
0.0053654,0.019445,0.00016989,0.0086923,0
1.2356,1.2406,0.15877,0.48271,1
0.0045697,0.018944,0.00081832,0.0063704,0
4.2542,3.0848,3.4907,3.856,2
7.6268,3.1631,1.0136,4.9381,1
0.013004,0.0089869,0.0060899,0.0075869,0
0.57634,0.78366,0.1937,0.15547,1
0.11188,0.4811,0.019317,0.14922,0
0.06456,0.29507,0.0015743,0.18772,0
0.018372,0.024681,0.0013306,0.037186,0
0.91993,0.31358,0.96912,0.34351,1
0.65724,1.1957,0.27538,0.14323,1
0.47238,1.4636,0.33026,0.36364,2
0.20868,0.076376,0.26036,0.13454,1
0.35827,2.4884,0.33415,0.38088,1
0.80101,3.2017,0.15213,0.34226,2
0.44993,2.9941,0.12196,0.37266,2
0.063759,0.035092,0.0070393,0.032562,0
0.026481,0.03063,0.0011952,0.017298,0
0.0084657,0.012668,0.02636,0.013863,1
0.074345,0.18161,0.20599,0.21716,0
0.96208,4.1178,0.32259,0.82479,2
1.0302,1.4315,0.30314,0.94813,2
0.86323,0.56564,0.68271,0.43555,1
0.45097,1.2852,1.1356,0.14967,1
0.50934,3.5246,0.14565,0.57158,2
0.041606,0.036467,0.0095543,0.038269,0
0.15267,0.58167,0.0023039,0.17247,0
0.64803,0.47075,0.22159,0.16007,1
3.0621,12.877,1.2112,3.4225,2
0.038985,0.044056,0.0047654,0.030864,0
0.030041,0.2275,0.035836,0.093998,1
0.011597,0.01145,0.028019,0.025626,0
0.0029049,0.007647,0.015754,0.011109,1
0.41008,0.59908,0.28348,0.36964,1
4.4642,4.2154,2.855,3.5091,1
0.19191,0.69289,0.0095585,0.41181,0
0.74278,2.2557,0.8875,0.65958,2
2.8187,4.0938,0.71063,2.0684,2
5.2089,8.238,5.8955,2.1954,2
0.79881,0.56607,0.33975,0.24186,1
0.0031711,0.0061459,0.0007023,0.0024409,0
0.010612,0.075257,0.02764,0.042915,1
0.026507,0.037033,0.0079871,0.016299,1
7.1546,5.5654,2.6882,3.111,2
0.31343,2.1621,0.15611,0.60555,2
0.041624,0.064279,0.00071948,0.036312,0
0.46692,1.0361,0.28346,0.43899,1
0.025929,0.12109,0.0022595,0.012173,0
0.12312,0.57647,0.0017213,0.057161,0
0.022453,0.041476,0.0035559,0.030989,0
0.035145,0.12014,0.02124,0.047379,2
1.3725,2.0049,0.30804,0.70305,2
0.081696,0.036697,0.0059938,0.067373,0
5.2325,48.402,1.7056,5.1998,2
0.090125,0.32051,0.0046036,0.055669,0
0.034675,0.11609,0.00095405,0.031199,0
0.010238,0.01861,0.00017269,0.01606,0
0.86796,3.8679,1.7574,0.92986,1
0.021739,0.03675,0.0054664,0.026963,0
0.030796,0.09204,0.012481,0.072817,1
0.026759,0.019709,0.0078884,0.007571,0
0.93117,0.87627,0.48973,0.6081,1
0.52677,1.7817,0.19373,0.38875,1
2.6018,4.5248,0.54738,3.6296,2
0.0079278,0.018427,0.00069934,0.012207,0
1.3214,4.8929,1.0979,1.2911,2
0.020267,0.14511,0.0011835,0.033067,0
0.35507,2.7612,0.55375,0.57852,1
3.8902,6.3403,0.13028,0.60837,2
0.52799,6.5617,0.23307,1.1831,2
3.1456,8.6501,0.23578,2.0396,2
0.99086,1.2588,0.2411,0.18291,2
0.052909,0.029461,0.013066,0.040485,1
0.025805,0.018977,0.00060893,0.027074,0
0.021062,0.030397,0.0018887,0.023803,0
1.8512,5.2489,1.4526,0.62782,1
0.0052634,0.0088214,0.0015176,0.0066375,0
0.93593,2.1926,0.67129,0.55573,2
0.030587,0.12187,0.008355,0.094915,1
3.7174,20.204,1.6364,3.6805,2
0.013452,0.079426,0.00069922,0.079745,0
0.17946,0.20708,0.015397,0.17477,0
0.11657,0.56739,0.0099018,0.27491,0
0.4506,0.52114,0.31134,0.18623,2
0.019202,0.11014,0.0010307,0.049416,0
1.7437,2.3728,1.3868,1.3177,2
0.01004,0.1674,0.00070215,0.063435,0
2.2599,5.981,0.60935,0.60036,2
0.48665,1.1328,0.18625,0.31252,2
2.3072,1.391,0.16227,1.0032,2
0.45522,0.49121,0.16022,0.1417,2
0.54057,0.6837,0.090289,0.30419,1
0.0081883,0.064467,0.019754,0.013376,1
1.419,6.6673,0.97251,0.96809,2
2.8006,12.522,2.629,2.1133,2
0.016198,0.13141,0.0011409,0.10633,0
1.368,2.9174,0.6262,0.41285,2
1.0757,0.61675,0.39793,0.19589,1
0.077706,0.37835,0.0030882,0.094202,0
0.62081,1.0102,0.16808,0.15367,1
0.059549,0.083127,0.0049637,0.031699,0
0.0041479,0.050797,0.0061242,0.027341,1
0.30125,2.5361,0.59197,0.6104,1
0.026977,0.035392,0.0013932,0.0084642,1
0.0089272,0.013811,0.00030575,0.009753,0
0.23955,2.7528,0.54135,0.44619,1
0.042592,0.32372,0.0017552,0.099908,0
2.6532,1.9117,0.36733,0.68138,2
0.07118,0.25763,0.0017609,0.10936,0
0.014814,0.020692,0.01177,0.017508,1
0.10073,0.42283,0.0027523,0.13828,0
0.022079,0.044328,0.027648,0.021773,1
0.0030493,0.0069706,0.00088638,0.0025546,0
1.6611,4.0538,0.43878,1.3012,2
0.10643,0.11097,0.0054449,0.047252,0
0.065478,0.025179,0.017523,0.0081557,0
0.0032362,0.0052397,0.00065109,0.0040878,0
0.44838,0.881,0.22231,0.43239,1
4.0287,4.688,1.4863,3.3038,2
0.78985,0.87912,0.7056,0.23712,1
1.0883,1.055,0.32877,0.61628,2
0.0056768,0.0065592,0.0069909,0.0058036,1
0.062802,0.24085,0.001758,0.15556,0
0.40624,0.87813,0.21868,0.38199,1
1.3538,5.0801,0.090368,0.6082,2
0.03181,0.29382,0.018585,0.21925,1
0.0062062,0.017723,0.00063156,0.0099354,0
0.35347,2.1382,0.098136,0.79113,2
0.42272,0.46595,0.1986,0.24319,1
2.5863,5.8153,1.5201,1.0045,2
0.080209,0.30106,0.0019195,0.19723,0
0.013678,0.090695,0.028447,0.061211,1
1.156,1.3828,0.53713,1.0183,1
0.69768,2.234,0.69486,0.25074,1
2.1883,2.4082,0.73745,0.61074,2
0.10854,0.85218,0.0031883,0.49333,0
0.31266,2.0695,0.60051,0.40865,1
0.028316,0.038385,0.010306,0.012321,1
0.75613,0.68733,0.31626,0.25135,1
0.0049973,0.040876,0.016084,0.015878,1
0.034024,0.061447,0.0027233,0.025305,1
3.363,7.208,0.13861,0.4082,2
0.050508,0.32047,0.0017637,0.11644,0
0.39323,1.4168,0.88857,0.1104,1
14.709,18.569,1.5907,1.0253,2
0.0185,0.12747,0.03226,0.038466,1
3.2061,4.0823,0.43082,1.4122,2
0.091854,0.19668,0.0020215,0.17157,0
3.5373,18.866,1.687,3.4776,2
4.666,11.548,0.96044,5.2302,2
0.90629,2.2614,0.32493,0.72343,2
0.16228,0.76593,0.0025367,0.36867,0
0.70856,0.2061,0.69896,0.3103,1
0.0063989,0.0051597,0.00033974,0.0060893,0
0.01705,0.16571,0.0012004,0.057295,0
0.0049039,0.057443,0.013528,0.0083027,1
0.85046,0.56899,0.24287,0.31586,1
0.1236,0.75341,0.0053234,0.1755,0
0.58845,4.2,0.17266,0.62347,2
0.0147,0.014651,0.00071905,0.010052,0
0.044902,0.031082,0.0063173,0.032297,0
2.2658,3.8134,2.2094,1.4939,2
3.2545,1.3012,0.8459,1.1691,1
1.6994,16.946,0.83655,1.2346,2
3.903,4.3559,0.91136,0.98502,2
0.053875,0.02376,0.019123,0.035795,1
0.0054192,0.0035231,0.00044735,0.00065536,0
6.3409,2.542,0.97291,4.8811,1
3.5575,1.5768,0.79642,0.82989,1
0.033591,0.10638,0.0063569,0.072021,0
0.32777,1.3506,0.40649,0.47831,1
0.014111,0.082484,0.025929,0.034192,1
0.040655,0.042293,0.012699,0.039941,1
0.68212,3.0968,0.26628,0.35972,2
0.61445,0.68335,0.23078,0.18923,1
0.0057759,0.0040563,0.00078149,0.0033177,0
0.019794,0.094799,0.027428,0.033231,1
0.012953,0.37383,0.0028826,0.073865,0
0.066177,0.056489,0.0063171,0.017424,0
6.7208,4.9302,1.5394,2.9862,2
2.5581,3.1054,0.42414,1.7209,2
1.1092,1.9571,0.49355,0.52104,1
0.027073,0.017559,0.036037,0.033973,0
0.85697,1.9672,0.28472,0.60085,2
0.016368,0.025471,0.00010763,0.012059,0
0.018636,0.050976,0.012317,0.019154,1
1.6255,3.067,0.52079,0.81284,2
0.013423,0.06913,0.011334,0.033015,1
0.69564,0.54439,0.080141,0.19807,1
0.040927,0.35657,0.0010422,0.12236,0
0.39736,0.67582,0.32401,0.26229,1
2.6483,9.3054,1.5979,2.0796,2
2.0173,15.478,1.3172,0.93864,2
2.9745,1.479,0.28613,0.38691,2
0.19845,1.2558,0.63234,0.048168,1
0.084759,0.30664,0.0020807,0.16364,0
0.11667,0.50563,0.013991,0.2415,0
0.037742,0.059452,0.023773,0.0101,2
0.56508,3.0943,0.25161,0.3426,2
0.021306,0.042895,0.012067,0.02252,1
0.020505,0.06576,0.012464,0.03784,1
0.81511,8.5505,0.30726,2.4738,2
0.005977,0.0049128,0.00088623,0.0012858,0
0.038843,0.067993,0.00095685,0.051605,0
0.044761,0.080077,0.0049443,0.03341,0
0.24132,2.3721,0.46016,0.40267,1
0.030369,0.33121,0.030612,0.23365,1
1.0779,0.55242,0.27491,0.31682,1
0.01124,0.1432,0.0015208,0.041997,0
0.018333,0.042175,0.0030045,0.018341,0
0.0067443,0.019159,0.00019535,0.010119,0
0.021697,0.020597,0.0012408,0.039737,0
0.038288,0.039274,0.0069715,0.0073839,0
3.0618,3.5491,0.47677,1.5292,2
0.021351,0.075579,0.017263,0.021631,1
0.3896,1.6092,0.44731,0.50925,1
1.3538,3.5294,0.86768,0.57587,1
1.0072,1.7295,1.1554,0.59998,1
0.0036524,0.0030368,0.00066813,0.0019777,0
1.0124,8.7843,0.76425,1.1774,2
0.082313,0.5123,0.0024689,0.16419,0
0.095275,0.088907,0.0021178,0.066188,0
0.33292,1.2034,0.70911,0.10997,1
0.36881,1.6684,0.074946,0.24995,2
0.23304,0.26873,0.019041,0.17797,0
1.0982,7.2076,0.87399,2.1426,2
0.044888,0.089425,0.021392,0.02296,1
0.49508,4.2058,2.1555,0.55234,1
0.5167,2.5689,0.44155,0.45226,2
0.030052,0.10512,0.02155,0.033701,1
2.1973,5.9896,0.85577,0.61973,2
0.89869,3.752,1.072,0.15612,1
2.2331,9.247,1.4849,4.6558,2
0.033387,0.11568,0.00082674,0.030047,0
0.33374,1.6013,0.8661,0.10938,1
0.032019,0.35438,0.0078934,0.10437,0
0.46877,0.47607,0.35631,0.11974,1
0.97682,1.3481,0.2751,0.18475,2
0.051417,0.18577,0.0010532,0.050671,0
0.50449,0.53009,0.2145,0.25719,1
0.072281,0.064586,0.0039017,0.027203,0
0.32041,2.0204,0.094017,0.3196,2
0.016971,0.099994,0.02967,0.079279,1
0.0080863,0.032973,0.0023073,0.02099,0
0.54225,2.4296,0.54637,0.47259,2
0.015119,0.06779,0.020525,0.017964,1
0.26832,1.6907,0.29595,0.57836,1
0.58458,5.0666,2.1255,0.63758,1
1.4763,4.722,0.58086,1.7708,2
0.035227,0.13642,0.00098253,0.049579,0
0.30438,1.8329,0.15314,0.2351,2
0.4689,0.99645,0.35998,0.41145,1
0.048982,0.088998,0.018832,0.057974,0
0.0025341,0.0043292,0.002305,0.0022833,0
0.76105,0.85619,0.47971,0.56276,1
5.1164,10.587,1.242,5.7438,2
2.5453,3.4203,0.61975,0.79416,2
0.0076503,0.01608,0.00031412,0.0096854,0
0.16805,0.8094,0.0024375,0.44882,0
0.46284,0.67514,0.53303,0.24445,1
3.9394,5.3682,1.5879,2.8742,2
0.0063422,0.0075562,0.00018962,0.0045025,0
1.042,1.4651,0.14935,0.4717,2
0.18773,1.5824,0.0075651,1.0271,0
0.020728,0.014592,0.0051559,0.016815,1
1.53,2.9883,0.3941,0.40268,2
1.0586,1.879,0.18356,0.44988,1
0.51499,4.2405,2.3878,0.46281,1
1.5343,4.2459,2.8555,1.5664,2
0.042487,0.085151,0.0005918,0.042689,0
3.3267,20.534,1.6514,3.7443,2
1.165,4.0033,0.29635,0.45349,2
0.078428,0.30864,0.0027996,0.11769,0
4.4155,0.92087,0.8058,0.92456,1
4.2849,3.5433,0.60229,1.6366,2
0.012582,0.025153,0.00067964,0.0052226,0
0.56565,0.24427,0.19471,0.23432,1
0.035329,0.35979,0.002299,0.086359,0
1.2508,2.2171,0.5615,0.7675,2
0.70807,0.56268,0.25974,0.23667,1
0.043812,0.052819,0.02942,0.029855,1
0.0065999,0.012443,0.00070216,0.0098824,0
0.027019,0.077342,0.093103,0.025976,1
0.055559,0.038766,0.0053539,0.01849,0
10.25,5.6838,2.1879,2.5986,2
1.2605,1.282,0.13115,0.81511,1
0.0043744,0.061131,0.013746,0.0048833,1
0.035219,0.2086,0.0018432,0.082867,0
1.2941,4.0496,0.18611,1.1726,2
0.025352,0.13376,0.0011186,0.049793,0
0.26372,0.49462,0.30522,0.13119,1
1.2323,1.8708,0.45756,0.69326,2
0.046666,0.065213,0.030644,0.029272,1
1.5861,0.7507,0.67491,0.95208,1
3.0595,6.5889,1.6577,1.5454,2
0.35231,0.884,0.059447,0.1234,2
0.031702,0.32916,0.0058445,0.061657,0
0.020493,0.20141,0.00062282,0.073143,0
0.027019,0.019808,0.00062875,0.029248,0
0.51137,1.4889,0.42289,0.48088,1
0.0201,0.042248,0.0026731,0.019034,0
0.33538,0.83917,0.50284,0.13314,1
11.915,6.3944,2.8462,3.8658,2
0.29875,1.2046,0.15777,0.19958,2
0.014601,0.013863,0.0037434,0.0046144,0
0.37924,0.46375,0.2176,0.20702,2
0.55121,0.46773,0.29377,0.32991,1
0.19892,0.89124,0.0042036,0.17715,0
0.084156,0.049824,0.0063026,0.062208,0
0.011951,0.016602,0.00033396,0.0079349,0
0.17722,0.96147,0.84908,0.20328,1
4.0678,4.9805,1.5962,2.9625,2
0.023257,0.025319,0.00088623,0.016348,0
0.57105,0.90618,0.19387,0.052953,1
0.0084827,0.013644,0.00043582,0.0056307,0
4.7513,30.469,1.5173,2.4255,2
0.084705,0.038934,0.0017439,0.032984,0
0.04858,0.02449,0.01126,0.010432,0
2.3981,18.856,1.4703,0.89643,2
0.0094282,0.011852,0.0023619,0.0089377,0
0.047479,0.53773,0.0018254,0.15693,0
0.5547,0.7726,0.10774,0.40373,2
0.1587,0.81779,0.49495,0.11054,1
0.7127,0.45242,0.28129,0.31991,1
0.6831,0.64137,0.25338,0.19464,1
0.03666,0.032776,0.0061241,0.022829,0
0.32107,2.4082,0.085342,0.73665,2
0.006447,0.012421,0.025307,0.013057,1
0.019681,0.19799,0.034133,0.061426,1
0.0096068,0.0047083,0.0040373,0.0044464,0
2.9243,14.503,0.35588,1.922,2
0.0035392,0.054488,0.012749,0.036091,1
0.76643,1.3384,0.20234,0.4581,2
0.0061128,0.036659,0.00029728,0.019937,0
0.0048048,0.0090905,0.00090907,0.00082786,0
0.22781,0.21921,0.17379,0.1599,2
0.51695,4.2781,1.2395,0.63192,1
0.0035844,0.0061134,0.00094588,0.0025608,0
1.7343,4.0094,0.80872,0.87064,2
0.0395,0.036638,0.012163,0.024241,1
0.013185,0.067444,0.00052933,0.027465,0
0.29382,1.4936,0.52531,0.14166,1
2.0259,1.3577,0.27801,0.39807,2
2.4749,3.6401,1.695,0.79625,2
0.034415,0.08449,0.0022169,0.056201,1
0.10233,0.32156,0.003992,0.055459,0
3.4126,3.5498,1.3479,1.151,2
0.040816,0.040347,0.0057026,0.033111,0
1.38,2.2414,0.46511,1.2849,2
0.66727,1.443,0.30388,0.4291,1
0.72544,1.8759,0.64118,0.23136,1
0.10721,0.59452,0.0042387,0.3542,0
0.0044084,0.0067181,0.0012653,0.0012268,0
0.038747,0.036511,0.0019369,0.031851,0
0.82641,1.3443,0.49167,0.50917,1
0.40614,3.5891,0.68065,0.209,1
0.55271,0.52377,0.14002,0.24828,2
0.71114,0.54248,0.22981,0.20881,2
0.0061497,0.0069857,0.0005038,0.0035962,0
0.33493,0.88395,0.61478,0.13225,1
2.9541,6.3368,0.23706,1.5816,2
0.020924,0.083274,0.021094,0.050083,1
0.10648,0.32396,0.011752,0.20677,0
3.5121,5.9998,1.1729,1.7641,2
0.057454,0.44209,0.0044854,0.065896,0
1.1082,1.2507,0.41066,0.5843,1
0.031462,0.094459,0.026918,0.031359,1
0.41643,0.93235,0.20957,0.38471,1
0.81793,3.1571,0.1426,0.51755,2
3.5238,19.446,1.6868,2.3993,2
2.1352,15.421,0.86054,0.89504,2
1.1616,3.2147,0.61984,0.53886,1
0.28114,2.7907,0.5731,0.71259,1
1.7479,1.0379,0.32096,0.53009,2
0.65793,1.0377,0.30271,0.13993,1
4.7068,10.198,2.4793,1.9567,2
3.1835,9.1421,1.3151,5.3038,2
0.045245,0.04,0.0053432,0.037416,0
0.021428,0.32521,0.003588,0.093463,0
0.30133,1.4176,0.11354,0.25335,2
0.069835,0.33957,0.0036132,0.1742,0
0.0086016,0.029555,0.0005408,0.018336,0
0.018044,0.029264,0.0027488,0.019635,0
0.33671,1.0483,0.11226,0.33966,2
0.35809,0.44573,0.16281,0.11789,1
0.95492,4.1441,0.3706,0.56538,2
0.45682,0.20288,0.59685,0.30422,1
1.2755,5.0037,0.10285,0.79756,2
0.014021,0.082256,0.019114,0.03179,1
0.10081,0.45632,0.0035721,0.20324,0
0.0048217,0.013633,0.00025495,0.0058923,0
0.011283,0.081524,0.022551,0.028252,1
0.60585,3.0221,0.27783,0.4445,2
0.090648,0.30633,0.0019534,0.15937,0
0.028076,0.038457,0.0012118,0.024311,1
0.0047679,0.0062451,0.0013418,0.0016906,0
0.016458,0.24899,0.0019059,0.052723,0
0.076701,0.20938,0.2055,0.23705,0
0.11583,0.37959,0.002757,0.13813,0
0.016088,0.38315,0.003163,0.086074,0
6.6947,12.028,5.7923,2.1987,2
0.0059628,0.040733,0.0046945,0.024534,1
0.046077,0.08123,0.026275,0.023301,1
0.11031,0.50499,0.0019137,0.2921,0
0.59156,1.346,0.35041,0.43814,1
1.1564,1.5994,0.42826,1.0102,1
0.02741,0.19186,0.00058055,0.069369,0
4.6725,8.6308,0.96195,4.8677,2
0.88758,3.0508,0.13874,0.43741,2
10.571,18.809,1.6282,1.419,2
0.0050058,0.012529,0.014641,0.011833,1
0.018642,0.24574,0.0017302,0.10911,0
1.0472,2.5061,0.65516,0.78182,1
5.6585,8.5301,0.94938,0.59959,2
7.3523,4.4868,1.3956,5.3358,1
2.4661,3.8805,0.54502,1.0079,2
0.071933,0.079737,0.014949,0.098918,0
0.32387,0.13218,0.36296,0.20871,1
1.1296,8.9005,0.44573,2.2817,2
0.016515,0.05045,0.0049212,0.0017753,0
2.3514,3.3033,0.37946,1.2756,2
0.16355,0.72604,0.091251,0.13583,2
0.17868,0.65679,0.0023728,0.33247,0
0.11346,0.46227,0.0026387,0.16358,0
0.055922,0.11326,0.0070902,0.071612,0
0.020737,0.018635,0.0012618,0.037287,0
0.061859,0.2782,0.0087706,0.17234,0
0.80126,3.4126,0.98483,0.21967,1
0.044967,0.11945,0.015476,0.10565,1
0.014049,0.0063866,0.0054558,0.0038983,0
3.3995,10.101,1.1902,2.3274,2
0.67852,0.60058,0.079053,0.23097,1
1.9626,1.1262,0.34362,0.87243,2
0.35222,0.49588,0.52057,0.24142,1
0.047281,0.29565,0.0018911,0.10723,0
0.0071887,0.0017449,0.0011749,0.0017253,0
1.85,0.96227,0.35137,0.54075,2
0.02585,0.064491,0.03375,0.023386,1
0.029429,0.015796,0.0020752,0.017562,0
0.053654,0.11465,0.0052697,0.0833,0
5.6435,5.2185,0.59788,1.4146,2
4.036,7.9882,0.3244,1.9504,2
2.3044,4.3916,0.58815,2.8698,2
0.057085,0.21438,0.0016167,0.091529,0
0.72351,1.8919,0.26328,0.38127,2
0.024616,0.0099978,0.0077658,0.0088928,0
0.014799,0.01306,0.02993,0.028465,0
0.0021971,0.0080083,0.00065411,0.0060315,0
0.57901,0.62623,0.17256,0.15009,2
0.11481,0.44188,0.0015233,0.070569,0
0.032348,0.3588,0.0058021,0.062412,0
2.3149,3.054,0.25478,0.64184,2
0.57942,0.9094,0.24644,0.19229,1
1.8249,3.7147,0.47599,0.72697,2
0.16271,0.094392,0.17202,0.12153,1
2.4212,3.3196,0.35323,1.4847,2
0.011286,0.049882,0.0027461,0.015715,0
0.019938,0.26243,0.044313,0.099663,1
0.095173,0.43002,0.001682,0.078174,0
0.83347,3.4491,0.73571,0.24492,1
1.4052,1.4055,0.15733,0.16462,2
0.026674,0.021285,0.0043772,0.021924,1
0.052884,0.021893,0.012755,0.013309,0
0.029248,0.042292,0.011796,0.031725,1
0.47954,0.16222,0.59029,0.35298,1
0.57175,0.52648,0.67679,0.23602,1
1.1491,10.813,0.62793,1.1053,2
0.0066678,0.0030151,0.0027323,0.0016113,0
0.029239,0.11414,0.00049828,0.093196,0
0.011031,0.022003,0.027311,0.012503,1
0.43537,0.49894,0.52748,0.39472,1
0.041275,0.013866,0.010249,0.013546,0
0.010929,0.018691,0.0016819,0.002628,0
0.574,0.74321,0.17642,0.17689,2
9.0081,4.064,1.5793,2.7395,2
5.507,6.8727,2.2148,2.4057,2
0.011979,0.084661,0.00057178,0.082612,0
0.062598,0.12139,0.0012345,0.01958,0
0.37124,0.64069,0.32044,0.40491,1
0.52131,0.55669,0.37515,0.33687,1
1.4515,1.2161,0.18914,0.13726,2
0.0015572,0.0022478,0.0024068,0.0019704,0
1.6342,5.1004,1.427,0.59188,1
0.046338,0.11919,0.015306,0.10459,1
0.0055268,0.0073396,0.00068215,0.0032898,0
0.88566,2.1803,0.96087,0.56491,1
0.030796,0.10334,0.0008947,0.024091,0
5.1084,1.2465,0.23561,0.82817,1
4.3253,9.8022,1.1995,2.8199,2
1.0842,8.5154,0.28729,0.76203,2
7.7425,8.7048,1.8717,4.7272,2
1.3899,1.9625,0.24244,0.68568,2
1.8441,6.4573,1.0024,1.2136,2
0.31396,1.4502,0.63111,0.098485,1
1.3401,2.7256,0.75995,0.74301,1
1.6875,3.1741,0.4655,1.3853,2
1.3939,3.4445,0.84265,0.57528,1
0.0091678,0.022067,0.0014612,0.01128,0
3.8638,7.1321,0.29349,0.87931,2
0.054144,0.02046,0.013321,0.014113,0
0.059331,0.19386,0.0015714,0.068881,0
0.075894,0.070258,0.0022256,0.033619,0
1.0675,1.3622,0.43105,0.88693,1
0.83811,0.48536,0.27742,0.31994,1
0.025408,0.080093,0.029092,0.023795,1
1.2552,1.6542,0.46439,0.89142,1
1.1404,1.8488,0.17561,0.78925,1
0.64077,2.103,0.53089,0.53594,1
0.40699,1.4782,0.14543,0.39286,2
0.099907,0.4781,0.003275,0.20349,0
1.9658,2.7138,0.60155,0.56488,2
0.048269,0.029605,0.0015745,0.026141,0
0.020371,0.042146,0.00092003,0.016584,0
0.0097171,0.015533,0.013545,0.012783,1
0.017515,0.093747,0.040067,0.078564,1
0.064767,0.35369,0.0016197,0.15077,0
0.39444,1.4273,0.0059372,1.1096,0
2.615,3.3441,0.25808,1.4987,2
0.0033438,0.0065538,0.0092416,0.0096794,1
1.1747,1.4745,0.21696,0.20174,2
1.5247,4.4987,0.19498,0.47,2
0.021614,0.084034,0.089571,0.029094,1
0.0031569,0.003326,0.00060861,0.0021172,0
1.5929,2.2048,0.77676,0.89523,2
0.0064781,0.036653,0.002877,0.01081,0
0.11128,2.7871,0.46083,0.43655,1
0.41498,1.0986,0.21682,0.45692,1
0.023585,0.080217,0.0026043,0.019498,0
0.33088,1.002,0.84925,0.21265,1
0.5566,0.24399,0.22027,0.16123,1
0.66091,1.1855,0.2708,0.1387,1
0.035318,0.13288,0.0011866,0.051664,0
0.8899,0.91077,0.3823,0.23292,1
0.036377,0.37462,0.00085211,0.2357,0
0.038065,0.043626,0.016682,0.023952,1
3.261,6.3632,0.13447,0.6113,2
14.348,15.906,1.0254,2.1758,2
0.054435,0.038261,0.013517,0.041835,1
2.4067,3.3681,1.54,0.54737,2
0.85873,1.2232,0.27174,0.45277,2
0.48606,0.17506,0.53872,0.26108,1
2.5503,8.5278,0.286,0.72903,2
0.14002,0.81664,0.0018033,0.44779,0
0.0015884,0.05009,0.00097382,0.028857,0
1.2919,2.7134,0.68559,0.67132,1
1.8499,4.2608,0.1653,1.1868,2
0.0025794,0.0032004,0.0054279,0.0057947,0
1.5838,3.1408,0.93521,0.91467,2
0.44626,0.96535,0.3297,0.2928,1
1.0124,0.64831,0.37788,0.10206,1
6.3016,5.1394,2.9136,2.2802,2
0.016742,0.011858,0.0056854,0.012958,1
0.012347,0.18894,0.00060575,0.044665,0
0.0067245,0.01212,0.00064559,0.0097574,0
0.0060336,0.072511,0.014443,0.02429,1
0.050454,0.14474,0.10782,0.13628,2
0.45091,3.0606,0.14493,0.37091,2
0.017478,0.022604,0.0011639,0.00772,0
0.7929,8.6694,0.29409,2.4796,2
1.1372,1.8438,0.2259,0.78885,1
0.004884,0.0055451,0.00080697,0.0031726,0
0.0051162,0.0083503,0.0010643,0.0035231,0
7.5621,3.2097,1.0106,4.9785,1
0.015872,0.025004,0.00011611,0.013244,0
0.037003,0.072122,0.010037,0.022525,0
2.3697,2.0884,0.53891,1.1159,2
0.66596,5.096,0.25223,0.61153,2
0.012398,0.01589,0.00035955,0.0079145,0
0.030457,0.10787,0.028209,0.040381,1
0.010099,0.16499,0.0038027,0.047551,0
2.2977,5.9361,0.35794,1.6637,2
0.35826,2.0103,0.01077,1.0402,0
1.1161,1.6054,0.38932,0.59534,1
2.4399,4.6513,0.69446,0.67143,2
0.091834,0.54338,0.005023,0.34457,0
0.010858,0.014081,0.00030291,0.0070158,0
0.60055,3.573,0.78034,0.24112,1
1.9584,1.2012,0.31854,0.85844,2
0.42557,0.41808,0.20245,0.18303,1
2.1432,6.5353,0.55585,0.72775,2
0.0034656,0.0030361,0.00058603,0.00022585,0
0.01506,0.013426,0.0005718,0.0085603,0
0.012013,0.016912,0.00015581,0.0097184,0
0.011289,0.012402,0.00098802,0.0061318,0
0.0040375,0.061142,0.015739,0.006336,1
0.030542,0.072777,0.029092,0.024018,1
2.3651,2.1165,0.53839,1.1214,2
0.73097,2.4503,0.84789,0.31847,1
0.01143,0.098582,0.00096271,0.042872,0
1.3951,1.1036,0.20063,0.35043,2
1.56,4.0932,0.35449,0.58123,2
0.001461,0.057402,0.00084639,0.034895,0
1.2891,2.2707,0.61747,0.50042,2
0.031606,0.28789,0.023885,0.21241,1
0.42879,1.6095,0.0074551,1.2718,0
2.727,4.9797,0.27217,1.4932,2
4.0331,3.9688,1.6545,1.7669,2
1.3936,2.1366,0.38954,0.5376,2
0.42562,1.4625,1.1933,0.31987,1
1.1852,2.367,0.25604,0.56842,1
4.5723,4.8147,1.1336,0.85048,2
1.4817,2.2138,0.34775,0.68657,2
0.1169,0.61311,0.0020726,0.17802,0
0.69251,8.6618,0.67723,0.72165,2
0.019114,0.099465,0.10022,0.068613,1
0.87398,8.3659,0.40697,2.2214,2
0.35661,2.7567,0.11155,0.33538,2
0.044871,0.024661,0.03012,0.023714,1
0.092542,0.44344,0.0017301,0.10885,0
0.027359,0.032477,0.0040883,0.010397,1
0.05689,0.024754,0.01468,0.0037187,0
3.6901,12.741,1.223,3.5863,2
3.8383,8.8804,1.5377,3.4786,2
0.019893,0.022903,0.0012008,0.022569,0
0.8633,0.56396,0.70065,0.44111,1
0.025374,0.076589,0.014397,0.023367,1
0.0047283,0.0078156,0.0068552,0.0034182,1
0.68585,2.1411,0.67265,0.43426,1
0.018976,0.058231,0.002809,0.025384,0
1.1509,1.7254,0.36078,0.62727,1
0.0060534,0.007938,0.0046464,0.0017662,1
0.0083269,0.091048,0.012523,0.032454,1
0.015683,0.10342,0.028481,0.077941,1
0.83567,2.2765,0.55385,1.2053,2
0.11011,0.87193,0.014127,0.1795,0
0.029106,0.068052,0.096424,0.02341,1
0.026037,0.36879,0.0017949,0.062571,0
0.014969,0.17132,0.0024296,0.032347,0
1.618,4.749,1.3958,0.54275,1
1.1192,1.7326,0.18453,0.78848,1
1.1834,6.6772,1.0714,1.0393,2
3.2746,4.4409,0.097398,0.35653,2
1.4753,8.7547,0.40134,0.86087,2
0.011889,0.12837,0.0016341,0.033688,0
0.019349,0.24854,0.041213,0.090834,1
0.010991,0.016207,0.0046156,0.0026659,0
0.50512,5.2657,0.63138,1.5909,2
10.866,13.322,1.0747,0.45599,2
0.93942,0.49088,0.5746,0.2568,1
0.13313,0.73001,0.013216,0.33057,0
0.95563,1.894,0.23657,0.53148,1
0.005657,0.023687,0.0016562,0.0087415,0
0.0077182,0.0044526,0.0026048,0.0014912,0
10.272,5.2478,2.2423,2.5206,2
4.6509,1.0144,0.93455,1.0699,1
0.0082788,0.011194,0.00084071,0.0040826,0
0.097279,0.1232,0.0063168,0.043432,0
0.021932,0.10436,0.0022937,0.038289,0
1.4762,3.8167,1.7727,0.88881,1
0.013545,0.034998,0.00077855,0.0095387,0
2.4493,6.3424,0.10703,0.28673,2
0.10182,0.2252,0.0029453,0.074338,0
6.2799,47.742,1.5866,1.5836,2
5.6295,3.7796,0.7713,1.4059,2
0.57699,4.8544,0.58857,1.3018,2
0.060248,0.38923,0.17804,0.30702,1
0.50959,1.1902,0.14,0.25962,2
0.0052267,0.010176,0.00073328,0.0047501,0
0.035805,0.28656,0.0024548,0.10469,0
0.0037968,0.010919,0.021442,0.011626,1
0.0070925,0.0028613,0.00034828,0.00070224,0
0.01002,0.014414,0.00070235,0.0084825,0
0.013041,0.062621,0.0027462,0.022682,0
0.0053994,0.05611,0.01331,0.023137,1
0.52886,1.6571,0.064505,0.25781,2
0.017863,0.036956,0.0038621,0.027341,0
0.054415,0.026115,0.0055751,0.018939,0
0.01476,0.019541,0.00034273,0.012532,0
0.99371,3.8772,1.8161,0.84771,1
0.1638,0.72828,0.11041,0.13926,2
0.03508,0.085498,0.0017187,0.048244,1
1.5554,4.8754,0.61591,1.6397,2
0.0025085,0.036745,0.00033982,0.018018,0
0.091934,0.68536,0.010186,0.35125,0
0.55262,0.43299,0.12728,0.30902,2
4.2679,4.3417,0.85396,1.7276,2
1.1358,1.6787,0.23003,0.77607,1
0.049905,0.27716,0.35709,0.013509,1
0.07176,0.029913,0.0025682,0.042243,0
1.1834,1.5727,0.27374,0.57304,2
0.34822,0.84065,0.095954,0.1298,2
1.4399,1.8315,0.24366,0.78486,2
3.875,3.8221,1.6353,1.7722,2
0.027798,0.067045,0.080455,0.023589,1
5.2999,1.3005,0.8459,1.1356,1
3.8399,11.314,0.84321,1.9267,2
1.258,1.4012,0.46781,0.90789,1
0.65859,3.4626,0.95076,0.1419,1
0.96702,1.7538,0.51092,0.44824,1
2.6385,10.495,0.14542,1.6447,2
0.1564,0.059522,0.45893,0.11756,1
1.568,1.9916,1.4216,0.7059,2
0.03813,0.3392,0.020293,0.22234,1
0.013443,0.19229,0.0014468,0.06354,0
0.0063449,0.011667,0.00077317,0.012379,0
0.11221,0.28736,0.0018771,0.1527,0
1.5988,4.7967,0.077706,0.78389,2
0.49285,0.6303,0.50259,0.23748,1
0.0068574,0.21411,0.0029645,0.037451,0
0.16613,0.96755,0.57715,0.028907,1
0.031932,0.20206,0.010099,0.11399,1
0.0037402,0.0084811,0.0008494,0.00037217,0
0.033608,0.051045,0.00097944,0.037632,0
0.023226,0.26895,0.0026108,0.07023,0
0.87399,2.1388,0.20723,0.69555,2
0.34201,2.7624,0.56682,0.57672,1
3.0302,1.7768,0.34672,0.66194,2
0.69764,2.1252,0.63125,0.46959,1
0.80137,3.7216,1.2308,0.13893,1
0.032087,0.13728,0.00018686,0.019539,0
0.014596,0.098394,0.028404,0.071045,1
0.041822,0.089333,0.018526,0.022966,1
6.6226,12.416,5.7522,2.1839,2
1.9468,2.4835,0.31791,1.0904,2
0.34723,2.1515,0.88427,0.60754,2
0.0059401,0.016466,0.00081832,0.0064243,0
0.037572,0.072735,0.031988,0.019956,0
2.3026,8.7925,0.82534,1.6923,2
0.9893,2.7813,0.13273,0.52549,2
0.3912,0.50689,0.31228,0.18065,2
0.020898,0.037342,0.00067659,0.014728,0
0.76002,2.1283,0.64124,0.29248,1
1.0965,9.1735,0.33313,2.3884,2
0.48798,3.9877,2.3341,0.54723,1
0.085407,0.5978,0.0030969,0.24024,0
0.043121,0.23032,0.0022933,0.077437,0
0.11529,0.29682,0.0020722,0.16486,0
1.1763,1.4485,0.38151,0.46071,1
0.16381,0.91698,0.7904,0.18631,1
1.632,4.8285,1.4258,0.57896,1
6.7397,5.3843,0.56379,1.0122,2
0.48498,1.7001,0.11098,0.44237,2
8.9765,10.385,6.3427,2.2205,2
0.4481,0.97098,0.31751,0.25513,1
0.034959,0.36043,0.17261,0.31724,1
8.7946,5.1744,2.1831,2.2632,2
0.40087,2.1748,0.84352,0.12394,1
3.2913,1.3002,0.84786,1.1707,1
0.34761,1.3917,0.14993,0.24808,2
0.033591,0.10299,0.0063117,0.072635,0
0.02775,0.061904,0.0055356,0.0046279,0
0.44176,1.0158,0.62597,0.84236,1
0.52934,1.5605,0.18168,0.28014,2
5.2091,10.495,1.6427,5.6424,2
0.02318,0.02525,0.0018888,0.023043,0
0.67277,2.2429,0.71946,0.44025,1
0.66503,3.4813,0.26213,0.62633,2
0.53848,4.1118,2.2022,0.55843,1
1.2327,2.1666,0.098857,0.55238,2
0.10613,0.10158,0.0048817,0.067733,0
0.27482,1.9646,0.13582,0.18896,2
0.068716,0.26561,0.0017868,0.077572,0
0.72626,0.7091,0.28245,0.21606,1
0.004986,0.043048,0.0029275,0.024445,1
0.76326,3.7795,0.49912,0.1995,2
0.12294,0.47359,0.35055,0.29144,1
3.158,19.853,1.7688,1.9682,2
0.83574,2.6343,0.42519,1.2021,2
0.73708,0.57543,0.52458,0.39087,1
0.027025,0.055685,0.0049212,0.0045207,0
0.50382,0.70337,0.088149,0.22471,2
10.513,14.856,1.4474,1.4463,2
0.94664,1.7795,0.57456,0.47894,1
0.60781,5.072,0.22323,0.5917,2
1.0314,0.63905,0.38815,0.158,1
0.020966,0.036715,0.0038617,0.025274,0
0.31116,2.0281,0.58292,0.37141,1
4.6831,3.254,2.4492,2.2225,2
0.020145,0.076909,0.025227,0.045416,1
3.0323,11.494,0.13749,1.9169,2
3.0685,4.0209,0.56524,1.0958,2
1.0553,3.0259,0.60045,1.1203,2
0.0042696,0.011289,0.00028334,0.004559,0
0.010674,0.060294,0.030964,0.012247,1
0.31393,0.22153,0.22482,0.48375,0
0.0066168,0.0098749,0.00069395,0.010459,0
0.84179,0.43459,0.63253,0.43809,1
0.18986,0.16777,0.46553,0.2694,1
0.66401,3.7204,2.3198,0.3309,1
0.041485,0.056583,0.00617,0.023835,0
0.015892,0.01321,0.0084066,0.01612,1
5.8153,4.1832,3.5702,2.422,2
0.75267,8.5242,0.57004,2.4366,2
0.77127,0.41008,0.47458,0.28783,1
1.4565,2.0148,0.30708,0.76051,2
0.095798,0.088992,0.0021603,0.065976,0
2.1639,5.3195,1.2637,0.97656,2
0.011566,0.095369,0.001229,0.035583,0
1.9264,2.1515,0.87439,0.94556,2
2.4885,4.3693,1.0722,1.0288,2
0.013188,0.060417,0.0028421,0.019504,0
2.0768,7.5266,0.24337,0.65997,2
0.035488,0.051646,0.0035734,0.026156,1
1.2189,0.22724,0.46508,0.33503,1
5.2973,11.498,1.0437,5.6935,2
0.17909,0.55708,0.043177,0.16453,2
3.9541,3.114,3.2822,2.9894,2
2.1625,2.9704,2.6521,0.95288,1
0.33711,1.0023,0.87742,0.21538,1
7.2415,4.445,2.2133,1.7108,2
2.3145,2.7757,0.24373,1.3699,2
0.5794,0.85713,0.13269,0.18746,1
1.053,1.206,0.445,0.86162,1
0.036567,0.28429,0.00091456,0.118,0
0.12778,0.60669,0.0019452,0.17718,0
